Telefone;;;;
71983955522;;;;
41996869828;;;;
81996851986;;;;
77999410422;;;;
79999155425;;;;
85991496767;;;;
85991496767;;;;
85998101184;;;;
85998101184;;;;
98985580995;;;;
71991870630;;;;
81985822661;;;;
85996277552;;;;
85996277552;;;;
85997381954;;;;
87988888888;;;;
75999690748;;;;
77999397334;;;;
75998050770;;;;
75998050770;;;;
71994042427;;;;
86981711006;;;;
86981711006;;;;
71993497901;;;;
71996629488;;;;
71996629488;;;;
81992822697;;;;
81992822697;;;;
82988466907;;;;
75988111940;;;;
75988111940;;;;
82982172212;;;;
77999121983;;;;
81998899971;;;;
41997880145;;;;
85986153169;;;;
83998319053;;;;
84999111023;;;;
85985010593;;;;
71999999999;;;;
84991565567;;;;
84991565567;;;;
75998121212;;;;
75998121212;;;;
87981318900;;;;
87981318900;;;;
81991981196;;;;
81982741030;;;;
81982741030;;;;
79999877881;;;;
79999877881;;;;
71996164694;;;;
82999495095;;;;
87996350675;;;;
88981294953;;;;
88981294953;;;;
77999759229;;;;
81986520871;;;;
81986520871;;;;
88997053165;;;;
88997053165;;;;
85996598749;;;;
85996598749;;;;
91988286395;;;;
81998847756;;;;
81998847756;;;;
81998847756;;;;
71999997374;;;;
83987564392;;;;
83988717969;;;;
85991572025;;;;
62982823503;;;;
81995278715;;;;
87991617947;;;;
87991617947;;;;
71989522061;;;;
77998431045;;;;
77998431045;;;;
85988031662;;;;
85998218261;;;;
81999999999;;;;
41997880145;;;;
81999999999;;;;
81999999999;;;;
81999999999;;;;
88992139535;;;;
89994053995;;;;
13996520163;;;;
75992680741;;;;
77991686660;;;;
85999999999;;;;
82993412760;;;;
83996076757;;;;
85997078327;;;;
85997078327;;;;
85997078327;;;;
85997078327;;;;
85997078327;;;;
11972642337;;;;
82999691228;;;;
84991914609;;;;
81994290534;;;;
81994290534;;;;
81999279743;;;;
71988236126;;;;
88996407003;;;;
88996313437;;;;
88996313437;;;;
75998026960;;;;
75998026960;;;;
75998026960;;;;
75998026960;;;;
71991515000;;;;
85998572423;;;;
73991911017;;;;
73991911017;;;;
75981801015;;;;
83998926761;;;;
83998926761;;;;
85988179999;;;;
89981244337;;;;
11962825288;;;;
79996110642;;;;
79996110642;;;;
85996194864;;;;
85996194864;;;;
83986090548;;;;
86988469704;;;;
87999753308;;;;
81982144561;;;;
88981925583;;;;
84999077919;;;;
81996214478;;;;
85991030770;;;;
83999671566;;;;
81996643143;;;;
71981728997;;;;
86999927840;;;;
86999927840;;;;
89999229540;;;;
83981510051;;;;
86994714401;;;;
83987352082;;;;
81982170185;;;;
82996679557;;;;
84994191069;;;;
84994191069;;;;
85988418551;;;;
84996225071;;;;
15997967060;;;;
71999773996;;;;
81985058135;;;;
81985058135;;;;
81996387161;;;;
81996387161;;;;
16992407817;;;;
84981062930;;;;
82981504156;;;;
71997268295;;;;
75992133994;;;;
84999270590;;;;
77999931626;;;;
85988316463;;;;
82981381749;;;;
85987885441;;;;
87998101310;;;;
99999040199;;;;
99999040199;;;;
8492343322;;;;
8492343322;;;;
84994011910;;;;
77999974985;;;;
77999974985;;;;
75992490070;;;;
75999993585;;;;
85994515167;;;;
75998305279;;;;
19996175079;;;;
75983674770;;;;
83991626126;;;;
87999959771;;;;
87999959771;;;;
11911237254;;;;
81997401222;;;;
75991661323;;;;
75991661323;;;;
81997616802;;;;
81998356800;;;;
81998356800;;;;
75998271515;;;;
85991146452;;;;
83999390087;;;;
79991999299;;;;
89994052454;;;;
8590;;;;
84996220148;;;;
85998197323;;;;
79999314171;;;;
87996754349;;;;
82996165200;;;;
82996165200;;;;
71999027777;;;;
71999027777;;;;
84999863207;;;;
84999863207;;;;
7192411452;;;;
89999352210;;;;
89999352210;;;;
81996737508;;;;
74991353485;;;;
8392251333;;;;
8392251333;;;;
86988288593;;;;
8292318325;;;;
8292318325;;;;
81999631736;;;;
82993174824;;;;
87999420627;;;;
81998742629;;;;
83988397632;;;;
82996064343;;;;
7992596683;;;;
7193842487;;;;
8492114911;;;;
86999814782;;;;
71981031010;;;;
86999488570;;;;
74999701507;;;;
8693321;;;;
88996414949;;;;
81988690473;;;;
8194553264;;;;
7995411373;;;;
8692211187;;;;
71977777777;;;;
82981571956;;;;
75988450093;;;;
83988318828;;;;
329541221;;;;
75992474370;;;;
89994005599;;;;
81986103388;;;;
88999030782;;;;
81982613664;;;;
88993428710;;;;
81996200179;;;;
83987802501;;;;
84999621727;;;;
85998469770;;;;
85988288024;;;;
75983669096;;;;
85986791010;;;;
79988385013;;;;
86988148585;;;;
85999814866;;;;
88993769994;;;;
71999336006;;;;
85986443020;;;;
88981666810;;;;
81992127256;;;;
71986496412;;;;
74991484085;;;;
81986225212;;;;
84988095534;;;;
73982453855;;;;
73988709054;;;;
73999196068;;;;
7596235910;;;;
77988545581;;;;
83988117183;;;;
84988696642;;;;
82996664849;;;;
81997490595;;;;
71991711118;;;;
81991904420;;;;
85999754804;;;;
81988536401;;;;
86995007218;;;;
86988350502;;;;
82911111111;;;;
77999072477;;;;
89999479028;;;;
79999315141;;;;
84999112147;;;;
81985761620;;;;
86999674157;;;;
73999689022;;;;
81999458052;;;;
83996341313;;;;
85987726133;;;;
88999667109;;;;
81999913970;;;;
85986676553;;;;
79999333531;;;;
85988003423;;;;
86999819110;;;;
81994990892;;;;
71988875039;;;;
84999254661;;;;
85996165876;;;;
83999822278;;;;
84987350586;;;;
75982487876;;;;
81999380859;;;;
79999770796;;;;
71996552751;;;;
71999952676;;;;
75981557272;;;;
79991914557;;;;
89981084172;;;;
82993117408;;;;
83993130783;;;;
79999667106;;;;
79999870125;;;;
86994217276;;;;
71986141604;;;;
85981843192;;;;
73999803424;;;;
81999862561;;;;
89999260003;;;;
89999348950;;;;
82999610889;;;;
71999786471;;;;
75991553838;;;;
71988221010;;;;
11982412680;;;;
84996528875;;;;
79996029176;;;;
71987867425;;;;
85981041078;;;;
77999625993;;;;
85988335269;;;;
84981171768;;;;
85987678678;;;;
82996300042;;;;
85992864066;;;;
71981594980;;;;
84999970014;;;;
89994309912;;;;
77999108125;;;;
86998141322;;;;
81998573668;;;;
83987067413;;;;
84988340841;;;;
74988063456;;;;
84988027557;;;;
75993612000;;;;
77992072718;;;;
83981281727;;;;
75999999143;;;;
81988026047;;;;
75992698589;;;;
82996186172;;;;
77999172357;;;;
81995949713;;;;
87988336614;;;;
71999376967;;;;
75992363462;;;;
73999078992;;;;
85988445515;;;;
82999642917;;;;
84981913133;;;;
71987306940;;;;
86999645877;;;;
85992763063;;;;
88997145968;;;;
81994026593;;;;
85999773304;;;;
71983518675;;;;
82988471288;;;;
85985700023;;;;
85989039191;;;;
88997260591;;;;
85996457721;;;;
84988819342;;;;
83988945230;;;;
83987171104;;;;
71997033354;;;;
83996753971;;;;
85988441026;;;;
86994251029;;;;
86999990838;;;;
75991888600;;;;
71987732322;;;;
77999171785;;;;
88999805285;;;;
77999594099;;;;
75998894040;;;;
77981146881;;;;
71987786788;;;;
79998860736;;;;
75988867281;;;;
71981816214;;;;
73998335920;;;;
86988826241;;;;
75991437373;;;;
71983384457;;;;
89981014441;;;;
83987811992;;;;
71996062068;;;;
81996615797;;;;
84981703638;;;;
77988444260;;;;
74981000911;;;;
84997572844;;;;
81992718781;;;;
73982108546;;;;
88997650583;;;;
99999999999;;;;
84998663697;;;;
77989508821;;;;
11999999999;;;;
21992925824;;;;
75988423458;;;;
82999362396;;;;
85999682776;;;;
74999826266;;;;
74999548179;;;;
84998509017;;;;
81999672247;;;;
81991337936;;;;
81996761100;;;;
83987004053;;;;
88988574618;;;;
85986813286;;;;
79999515110;;;;
71991668614;;;;
85988813456;;;;
79991913250;;;;
81997333168;;;;
82996947782;;;;
82996947782;;;;
85986617280;;;;
88992054090;;;;
88981464444;;;;
81984831373;;;;
74981209121;;;;
71981076713;;;;
71992434470;;;;
71988552121;;;;
85998412875;;;;
87999880806;;;;
71999939203;;;;
71999495771;;;;
82999518081;;;;
71999476212;;;;
85998708915;;;;
81988670633;;;;
79999454310;;;;
83991281775;;;;
79991397180;;;;
88997185059;;;;
71999011682;;;;
81991520089;;;;
83988085888;;;;
73988769179;;;;
83991382030;;;;
85986409705;;;;
86999940203;;;;
71999776629;;;;
85987472344;;;;
85988747805;;;;
85987158470;;;;
86999811912;;;;
85991193637;;;;
75999041768;;;;
77981072261;;;;
83999935540;;;;
73981129095;;;;
79990506014;;;;
86999770046;;;;
71999395325;;;;
79996300054;;;;
71992388977;;;;
73999559525;;;;
85981308595;;;;
84986330130;;;;
71992856334;;;;
82999764590;;;;
84991726484;;;;
77999788686;;;;
71999000704;;;;
86999289548;;;;
84999163333;;;;
79991590334;;;;
83987379180;;;;
79999882794;;;;
81988983584;;;;
81992067352;;;;
85991953495;;;;
75998679404;;;;
75998885600;;;;
86994498104;;;;
81987482520;;;;
71981980111;;;;
85986405323;;;;
71996053643;;;;
81988140203;;;;
75999428054;;;;
81996360587;;;;
85981823408;;;;
88999383810;;;;
71996822626;;;;
81981985452;;;;
81996009613;;;;
71999999391;;;;
73988246921;;;;
71991026932;;;;
84991142343;;;;
85999999999;;;;
88996070690;;;;
75988343065;;;;
85982152403;;;;
81992179079;;;;
85997029613;;;;
77998063676;;;;
84996354650;;;;
77988355650;;;;
81982029588;;;;
71992439020;;;;
85987924730;;;;
81997138057;;;;
71988040393;;;;
85998815199;;;;
85988614009;;;;
85991039246;;;;
83987811992;;;;
75998649994;;;;
11999999999;;;;
11911111111;;;;
81999875376;;;;
73973982135;;;;
83987181992;;;;
84981039375;;;;
75991480807;;;;
88998008382;;;;
74981305048;;;;
85988973451;;;;
81992311016;;;;
84981317463;;;;
67981184674;;;;
27981341476;;;;
71988539298;;;;
71988539298;;;;
71988539298;;;;
87999442288;;;;
87999442288;;;;
81999045845;;;;
81999045845;;;;
81996500614;;;;
81996500614;;;;
8592611486;;;;
85991717483;;;;
85991717483;;;;
81999212710;;;;
81999212710;;;;
85991389825;;;;
71997412782;;;;
31975947113;;;;
84991141409;;;;
84991141409;;;;
87988435051;;;;
71991861428;;;;
71982275420;;;;
79991039133;;;;
79991039133;;;;
81999793921;;;;
87999203616;;;;
87999203616;;;;
83981447126;;;;
83981447126;;;;
77981002457;;;;
77981002457;;;;
85999999999;;;;
77988297948;;;;
79996025522;;;;
79996025522;;;;
83998400076;;;;
89981108937;;;;
89981108937;;;;
79999746816;;;;
79999746816;;;;
79999746816;;;;
79999746816;;;;
71999425151;;;;
82998888888;;;;
71997014620;;;;
86994449691;;;;
77992125440;;;;
73999171799;;;;
31982505078;;;;
31982505078;;;;
31982505078;;;;
31982505078;;;;
81989247804;;;;
83999681640;;;;
66996953021;;;;
81991112738;;;;
83987161271;;;;
86995032660;;;;
83998098895;;;;
85992705962;;;;
85992705962;;;;
74981311668;;;;
75998891960;;;;
82981360904;;;;
74999962557;;;;
86999841263;;;;
84991514758;;;;
86994730560;;;;
86994730560;;;;
85997487420;;;;
73998635897;;;;
88999615018;;;;
81988091810;;;;
86988820104;;;;
85981313389;;;;
81996675500;;;;
81996675500;;;;
86995199218;;;;
83987534789;;;;
79999222544;;;;
79999222544;;;;
65996930338;;;;
85985336916;;;;
75992590893;;;;
85998130134;;;;
85998130134;;;;
85981990509;;;;
85981990509;;;;
84999098114;;;;
77991168771;;;;
81981526973;;;;
73982421570;;;;
88996560772;;;;
88996560772;;;;
89999047506;;;;
87981710008;;;;
85992597635;;;;
85992597635;;;;
81997366897;;;;
81997366897;;;;
74999179199;;;;
74999179199;;;;
73988009395;;;;
73988009395;;;;
85998485494;;;;
81991270475;;;;
77991098800;;;;
77991098800;;;;
81997310589;;;;
81998534030;;;;
81991986512;;;;
85999607503;;;;
71993204136;;;;
85999839389;;;;
98991991999;;;;
98991991999;;;;
75981929554;;;;
73981673595;;;;
73981673595;;;;
74999982602;;;;
82991788445;;;;
77998280536;;;;
41996869828;;;;
41996869828;;;;
86995178755;;;;
86995178755;;;;
85992343773;;;;
85992343773;;;;
85992780633;;;;
85992780633;;;;
85985931805;;;;
71997313292;;;;
85991429335;;;;
85991429335;;;;
85991429335;;;;
73999963366;;;;
73991538893;;;;
82988107014;;;;
75991559996;;;;
75991559996;;;;
75991559996;;;;
71984558687;;;;
71984558687;;;;
71984558687;;;;
71984558687;;;;
71984558687;;;;
71984558687;;;;
71984558687;;;;
71984558687;;;;
71984558687;;;;
71984558687;;;;
71984558687;;;;
71984558687;;;;
82999926103;;;;
82999926103;;;;
82996076465;;;;
83996343774;;;;
81999801027;;;;
81999608161;;;;
83999947576;;;;
81996071352;;;;
82996025869;;;;
85991348552;;;;
84999878726;;;;
88996875551;;;;
88998714709;;;;
88998714709;;;;
73999592366;;;;
71991148967;;;;
85982021918;;;;
85996102606;;;;
84996644434;;;;
85987611833;;;;
85987611833;;;;
84988668981;;;;
79998594440;;;;
79998594440;;;;
86999082304;;;;
86999082304;;;;
87996579695;;;;
75999887417;;;;
84998672714;;;;
82998058312;;;;
85988937770;;;;
82998305051;;;;
61996119050;;;;
77981407294;;;;
85999695340;;;;
84987839343;;;;
84988565669;;;;
84988565669;;;;
84988565669;;;;
84988565669;;;;
73999433067;;;;
83996505828;;;;
83996505828;;;;
83988806866;;;;
81998037890;;;;
85999696276;;;;
83999790694;;;;
73982119600;;;;
83991152384;;;;
83996738912;;;;
86999401860;;;;
84999399833;;;;
84999399833;;;;
79999782775;;;;
81997815562;;;;
71992807207;;;;
75988525908;;;;
81971210892;;;;
81971210892;;;;
83991119339;;;;
83991119339;;;;
71986935350;;;;
71986935350;;;;
86998022868;;;;
83988541930;;;;
83996297149;;;;
88996434705;;;;
8590;;;;
8590;;;;
82988088008;;;;
82988088008;;;;
71993184657;;;;
77981072490;;;;
81999777514;;;;
81999777514;;;;
88999540673;;;;
86994817601;;;;
85994273898;;;;
85994273898;;;;
75982370380;;;;
75983185511;;;;
81988840221;;;;
81987646618;;;;
77999081418;;;;
86999054440;;;;
86999054440;;;;
88999518776;;;;
86988243598;;;;
83998650179;;;;
89994115856;;;;
85992633533;;;;
71999229380;;;;
81998212147;;;;
81998212147;;;;
71987093661;;;;
85988699214;;;;
85988699214;;;;
87996239495;;;;
87996239495;;;;
88997335880;;;;
85987200782;;;;
71999730747;;;;
81997552505;;;;
88996947979;;;;
79991730743;;;;
81999913764;;;;
81988769261;;;;
75992641327;;;;
71992011161;;;;
71992011161;;;;
87991726336;;;;
86994080884;;;;
81998953577;;;;
79999108382;;;;
79999108382;;;;
81982688163;;;;
81982688163;;;;
81982688163;;;;
81999547949;;;;
83996094515;;;;
71982350628;;;;
83998618082;;;;
73988596775;;;;
73988596775;;;;
83999064104;;;;
75999231631;;;;
75982533936;;;;
85981462882;;;;
87988127733;;;;
81911111111;;;;
69999172827;;;;
89981202134;;;;
86999335524;;;;
81993999685;;;;
85996821611;;;;
83991757989;;;;
84998189093;;;;
73999991210;;;;
73999991210;;;;
87998103892;;;;
82999013870;;;;
13974095521;;;;
13974095521;;;;
86988506210;;;;
84999556013;;;;
86981395034;;;;
82999999999;;;;
83987876013;;;;
87991020091;;;;
85999994456;;;;
81998871855;;;;
79981291064;;;;
85981777255;;;;
85981777255;;;;
71996000535;;;;
71996000535;;;;
77991370163;;;;
83981143808;;;;
38991600231;;;;
75998001672;;;;
75998001672;;;;
11973768441;;;;
89981073084;;;;
81994400611;;;;
88996941828;;;;
79999899595;;;;
79999899595;;;;
73991265915;;;;
89999219577;;;;
89999219577;;;;
75991417595;;;;
81997423333;;;;
81984652751;;;;
83999615238;;;;
83981937447;;;;
83981937447;;;;
71999779822;;;;
81988840221;;;;
77999547319;;;;
88999999999;;;;
74991113194;;;;
81991061074;;;;
71988200033;;;;
71988200033;;;;
71988200033;;;;
86981180015;;;;
86981180015;;;;
86981180015;;;;
86981180015;;;;
81998983409;;;;
81998983409;;;;
79996824107;;;;
79996824107;;;;
85991280715;;;;
85991280715;;;;
85991280715;;;;
86999888392;;;;
81994797708;;;;
85999406350;;;;
85999248655;;;;
85998594062;;;;
71987085783;;;;
71987085783;;;;
74999821011;;;;
75988105770;;;;
88996357838;;;;
77999009868;;;;
85992881396;;;;
85987483283;;;;
71999783970;;;;
81994252006;;;;
81994252006;;;;
79999369895;;;;
8692331286;;;;
8692331286;;;;
71983369380;;;;
71983369380;;;;
81973180716;;;;
81973180716;;;;
71991810816;;;;
71991810816;;;;
7392634142;;;;
7992512308;;;;
7992512308;;;;
8692219993;;;;
8692219993;;;;
8692219993;;;;
85986394713;;;;
86999813865;;;;
8195228000;;;;
75988018677;;;;
8492013423;;;;
7193227262;;;;
79981039138;;;;
82988722772;;;;
8592145134;;;;
71986435171;;;;
74991615562;;;;
7596311473;;;;
75991346938;;;;
8493332093;;;;
7794413160;;;;
81986168297;;;;
81999533175;;;;
71996500274;;;;
81999999999;;;;
84991364324;;;;
75999692492;;;;
81988605470;;;;
83999950880;;;;
84991034830;;;;
74999501964;;;;
81999621213;;;;
74999426931;;;;
87999211908;;;;
73988870692;;;;
75981214220;;;;
7193679024;;;;
86999812222;;;;
71993058228;;;;
83996268586;;;;
79999244166;;;;
77988211640;;;;
73999063562;;;;
73998051071;;;;
81999555677;;;;
73988073243;;;;
71996348642;;;;
77981349579;;;;
86994018259;;;;
85999359275;;;;
81996589686;;;;
75981590721;;;;
81998518903;;;;
82999575798;;;;
79999894668;;;;
71988354548;;;;
81991176915;;;;
81998126116;;;;
85988371719;;;;
82988936830;;;;
81999277574;;;;
85999867846;;;;
85996611661;;;;
73999619303;;;;
85987770003;;;;
77999142128;;;;
85988576838;;;;
83999834242;;;;
75998061966;;;;
83991454400;;;;
87991612110;;;;
84999456302;;;;
84988041214;;;;
83988304252;;;;
88999625868;;;;
81997945330;;;;
81982325071;;;;
75999322392;;;;
75988636671;;;;
83988859796;;;;
71991419304;;;;
71988300683;;;;
85987919799;;;;
71981224024;;;;
84997058300;;;;
71991576357;;;;
81994410640;;;;
81999999999;;;;
77991821000;;;;
71991352558;;;;
75991368585;;;;
84987153434;;;;
77999920617;;;;
83988511111;;;;
85985007644;;;;
71997056148;;;;
71987131763;;;;
83991356783;;;;
75981337130;;;;
82988645232;;;;
84996171946;;;;
81996359258;;;;
84999052324;;;;
71981380295;;;;
75991690005;;;;
85987778793;;;;
73988222769;;;;
81982022720;;;;
75999730035;;;;
74999619863;;;;
77998642738;;;;
77991279442;;;;
79999236086;;;;
22981130614;;;;
18996347943;;;;
84981036086;;;;
85988843177;;;;
73991292537;;;;
81999824000;;;;
84988453998;;;;
83999725942;;;;
83999596804;;;;
85986232656;;;;
75991309581;;;;
89999942181;;;;
79999035114;;;;
81998316832;;;;
85988541981;;;;
82996360119;;;;
87996266565;;;;
81984155652;;;;
71981134127;;;;
88999611853;;;;
86999879090;;;;
82911111111;;;;
84999511835;;;;
83988570612;;;;
85999921151;;;;
21969061275;;;;
81999528469;;;;
73981477130;;;;
85989561448;;;;
81995602676;;;;
85986035330;;;;
71999101049;;;;
79998921599;;;;
71992816622;;;;
71999674547;;;;
71992670026;;;;
83999841125;;;;
85987678674;;;;
81994504053;;;;
74988320890;;;;
77991183338;;;;
83987175503;;;;
75999994586;;;;
85997020271;;;;
73999886007;;;;
81996317264;;;;
82987401197;;;;
77998452599;;;;
82996541700;;;;
81988771408;;;;
85982395079;;;;
79996494564;;;;
88999696800;;;;
75991894632;;;;
79999021435;;;;
75998084387;;;;
77998141546;;;;
71998844417;;;;
81999798355;;;;
84999845696;;;;
73998214008;;;;
84991042866;;;;
11995239435;;;;
71994056656;;;;
83981273275;;;;
87999454395;;;;
63992026155;;;;
85999830411;;;;
73981787338;;;;
71991157937;;;;
81999999999;;;;
82999812059;;;;
86994419552;;;;
85988304240;;;;
74999455826;;;;
87981370196;;;;
86994299031;;;;
86988160001;;;;
84981732311;;;;
71999189498;;;;
83981992404;;;;
85991894875;;;;
81999184618;;;;
83996472319;;;;
71991048804;;;;
88997058100;;;;
89981162939;;;;
88981789567;;;;
77999898081;;;;
85989025273;;;;
83986305902;;;;
88988347978;;;;
75992063198;;;;
75999947379;;;;
79998071852;;;;
82999099311;;;;
77999352928;;;;
84987461141;;;;
74999951917;;;;
88999710208;;;;
83988570612;;;;
71988822228;;;;
84991450869;;;;
86999887715;;;;
81999657025;;;;
74981339002;;;;
86999770080;;;;
75991657610;;;;
89988135229;;;;
96991157778;;;;
81999773774;;;;
82988545139;;;;
82982301064;;;;
84988719028;;;;
84992119986;;;;
86999842652;;;;
81999329278;;;;
83986356153;;;;
75981366090;;;;
86988565703;;;;
73991524432;;;;
83996948804;;;;
84988595550;;;;
85992690114;;;;
84988236393;;;;
85996268084;;;;
84992060172;;;;
77999849657;;;;
85986696720;;;;
81992062421;;;;
81911111111;;;;
84994518937;;;;
79998400101;;;;
83999452819;;;;
81971176655;;;;
81997297702;;;;
85981489898;;;;
82988110200;;;;
83996950004;;;;
85997049533;;;;
85988311812;;;;
81996751212;;;;
84999249828;;;;
83987114820;;;;
73991489905;;;;
89981463221;;;;
84999112705;;;;
83996547492;;;;
73988656056;;;;
71993011722;;;;
83988661664;;;;
61996520499;;;;
82988020588;;;;
81992012535;;;;
71996614826;;;;
87991580506;;;;
84999981928;;;;
75999861314;;;;
75995956598;;;;
85999489829;;;;
81996962203;;;;
84998348172;;;;
85991289922;;;;
83998096666;;;;
83993152351;;;;
84981062930;;;;
86994529449;;;;
81988164362;;;;
19998719314;;;;
82996408568;;;;
87999836388;;;;
75998194341;;;;
86999728033;;;;
71999740466;;;;
75998873332;;;;
79999858986;;;;
74988012569;;;;
75988635671;;;;
73991927128;;;;
81999116599;;;;
71993268324;;;;
81997528980;;;;
77998110842;;;;
82998420421;;;;
88999754570;;;;
84991902113;;;;
85998282219;;;;
71996622293;;;;
85991467959;;;;
83981660249;;;;
88996070670;;;;
86988731095;;;;
81988780900;;;;
71999523151;;;;
75991064312;;;;
31999791488;;;;
83999939092;;;;
85987703157;;;;
86999301471;;;;
75992171112;;;;
84981046122;;;;
21970044210;;;;
83987257219;;;;
79999451297;;;;
74999098000;;;;
84987061000;;;;
81992590596;;;;
32999297936;;;;
38999300926;;;;
71999166711;;;;
88999433685;;;;
71999217279;;;;
71999217279;;;;
82999909680;;;;
61996356331;;;;
84999519843;;;;
71991001405;;;;
71991050150;;;;
88998591649;;;;
84991079912;;;;
84991079912;;;;
71999572256;;;;
79991717322;;;;
79991717322;;;;
79991717322;;;;
71982876311;;;;
71982876311;;;;
82988018187;;;;
75983489629;;;;
75983489629;;;;
88992529288;;;;
83996712098;;;;
86999815087;;;;
85988210218;;;;
85988210218;;;;
82988887761;;;;
75999552073;;;;
74999772641;;;;
87991014042;;;;
81999987733;;;;
81999987733;;;;
81999987733;;;;
84999138890;;;;
71983175537;;;;
71983175537;;;;
71983175537;;;;
82996342286;;;;
82996342286;;;;
71997257564;;;;
75982232807;;;;
79999758480;;;;
79988176682;;;;
81994713066;;;;
89994018873;;;;
27999243756;;;;
83988155462;;;;
89994008059;;;;
86988235167;;;;
81992351935;;;;
88996487663;;;;
81986391561;;;;
81986391561;;;;
83988584586;;;;
81992520788;;;;
77988455893;;;;
77988455893;;;;
71991058922;;;;
71991058922;;;;
83996717578;;;;
73991519466;;;;
81992772391;;;;
81992772391;;;;
71986193489;;;;
88999839469;;;;
81999970688;;;;
71986267472;;;;
85992299332;;;;
85992299332;;;;
85987863956;;;;
71992057818;;;;
81911111111;;;;
81994488752;;;;
81998639381;;;;
84998838254;;;;
82988770121;;;;
11993370110;;;;
11993370110;;;;
11993370110;;;;
11993370110;;;;
11993370110;;;;
75982705003;;;;
83991322183;;;;
87999714901;;;;
79999970344;;;;
79999970344;;;;
75999206467;;;;
71997401930;;;;
86994329046;;;;
86994329046;;;;
82999824881;;;;
88997109524;;;;
84991477782;;;;
86981597462;;;;
85999400115;;;;
79996653212;;;;
81995644606;;;;
84999540114;;;;
84999540114;;;;
84999540114;;;;
84999540114;;;;
84999540114;;;;
81999999999;;;;
79999787673;;;;
75988024080;;;;
77999655253;;;;
85992942838;;;;
77991273464;;;;
79998823289;;;;
73991381417;;;;
86998589925;;;;
83987541107;;;;
83987541107;;;;
84988917214;;;;
42999773907;;;;
11965218071;;;;
83996779200;;;;
83996779200;;;;
81997397633;;;;
81997925000;;;;
71991919295;;;;
71991919295;;;;
74991222222;;;;
85999830367;;;;
85999830367;;;;
71988836639;;;;
86998251850;;;;
71996555145;;;;
75999123421;;;;
84994715970;;;;
71997095577;;;;
88999649495;;;;
88999649495;;;;
71991484615;;;;
74991340626;;;;
74991340626;;;;
85994318520;;;;
89994074070;;;;
89994074070;;;;
89994074070;;;;
75992541771;;;;
81991376193;;;;
81993657250;;;;
83996118813;;;;
83996118813;;;;
83996118813;;;;
81989844382;;;;
81989844382;;;;
88994715995;;;;
88994715995;;;;
85991887882;;;;
85999124229;;;;
86999951473;;;;
82988070912;;;;
71988552121;;;;
79981055676;;;;
11999091109;;;;
75999797793;;;;
82999965636;;;;
82999965636;;;;
71988910212;;;;
81985232735;;;;
81992436061;;;;
81992436061;;;;
85981103124;;;;
88996166267;;;;
87999571175;;;;
87999571175;;;;
11987694088;;;;
85986116662;;;;
71991713237;;;;
79999133566;;;;
84999540114;;;;
84999540114;;;;
84999540114;;;;
84999540114;;;;
84999540114;;;;
81989844382;;;;
81989844382;;;;
83996474001;;;;
47988623213;;;;
85999982524;;;;
71999055728;;;;
83993383778;;;;
83993383778;;;;
77999131236;;;;
85999570418;;;;
84998227000;;;;
81999503143;;;;
81999503143;;;;
81994184582;;;;
71993562498;;;;
71993562498;;;;
71986711379;;;;
82996312303;;;;
82996312303;;;;
75998956221;;;;
79999749080;;;;
77988042690;;;;
74999999999;;;;
83981143705;;;;
71997166875;;;;
81992581355;;;;
83993767474;;;;
83993767474;;;;
81997589308;;;;
79996384938;;;;
79991420791;;;;
81996660097;;;;
79999353921;;;;
81994369082;;;;
81994369082;;;;
71982951285;;;;
81998473860;;;;
81999999999;;;;
71984558307;;;;
85989296707;;;;
83991235646;;;;
83991235646;;;;
86999295854;;;;
86999295854;;;;
89988168214;;;;
77998130305;;;;
84991444912;;;;
84991444912;;;;
88991940080;;;;
81997801233;;;;
84987250904;;;;
74999993999;;;;
81998487475;;;;
81998487475;;;;
77999887329;;;;
84991266637;;;;
81998140504;;;;
81997927922;;;;
81997927922;;;;
81997927922;;;;
74988088134;;;;
71997343479;;;;
77981129224;;;;
77981129224;;;;
11989729409;;;;
11989729409;;;;
11989729409;;;;
81988881965;;;;
85982022080;;;;
77999860852;;;;
77999860852;;;;
87991522651;;;;
88997624643;;;;
87988326803;;;;
85988931249;;;;
81992300036;;;;
85981252013;;;;
81981760747;;;;
81985221365;;;;
84991565567;;;;
84991565567;;;;
87988391655;;;;
81998284059;;;;
81998284059;;;;
77991740612;;;;
73988210217;;;;
73988661513;;;;
81994229680;;;;
85988633783;;;;
71991058435;;;;
81999243527;;;;
86981820431;;;;
86981820431;;;;
71987919580;;;;
79999488484;;;;
81996646486;;;;
81991145749;;;;
84996014049;;;;
77999518208;;;;
11989167349;;;;
11989167349;;;;
71981219973;;;;
7391010101;;;;
71991669885;;;;
86994570021;;;;
86994570021;;;;
83991592467;;;;
84965777770;;;;
73982150356;;;;
77981484357;;;;
77981484357;;;;
41997880145;;;;
83998965064;;;;
85991429335;;;;
75991913277;;;;
64999999999;;;;
81999172363;;;;
8894211471;;;;
8894211471;;;;
8894211471;;;;
7993431251;;;;
7993431251;;;;
7993431251;;;;
74981387132;;;;
74981387132;;;;
85999960000;;;;
81997567370;;;;
99988001252;;;;
99988001252;;;;
82982207276;;;;
82982207276;;;;
73991989898;;;;
81996414724;;;;
81996414724;;;;
81911111111;;;;
63984600795;;;;
63984600795;;;;
88997081362;;;;
71987942050;;;;
74981360400;;;;
75999546880;;;;
85985100777;;;;
85999793959;;;;
86988168996;;;;
81997024900;;;;
81997024900;;;;
83991768011;;;;
81993457461;;;;
74999155113;;;;
83998856465;;;;
83998856465;;;;
82998015841;;;;
82998015841;;;;
86998154516;;;;
74999073312;;;;
74999073312;;;;
85988480401;;;;
71999734582;;;;
87988121873;;;;
75991506269;;;;
89994182133;;;;
71986174114;;;;
84996201340;;;;
83999900492;;;;
88997996267;;;;
71981692646;;;;
79996427541;;;;
85996149643;;;;
85996149643;;;;
86995353371;;;;
82993139791;;;;
82993139791;;;;
84991253174;;;;
85999999999;;;;
87991459950;;;;
87991459950;;;;
71991664304;;;;
85999999613;;;;
75999474007;;;;
79999189191;;;;
83981893994;;;;
86998349834;;;;
8692276928;;;;
8692276928;;;;
7395256610;;;;
7395256610;;;;
85998717431;;;;
71991989006;;;;
85997962389;;;;
85997962389;;;;
85997962389;;;;
7192421644;;;;
85985355115;;;;
85985355115;;;;
85985355115;;;;
7193041710;;;;
7193041710;;;;
7193041710;;;;
7193041710;;;;
7193041710;;;;
85998294979;;;;
85998294979;;;;
85999079787;;;;
85999079787;;;;
83999291291;;;;
85988355879;;;;
85999881988;;;;
8692217432;;;;
8692217432;;;;
8592830202;;;;
88996516069;;;;
85981042020;;;;
8692261322;;;;
71992103127;;;;
73981375800;;;;
88996474697;;;;
71991777791;;;;
8492053000;;;;
86999754949;;;;
89994174428;;;;
81999668441;;;;
75997140457;;;;
83999924176;;;;
85991901179;;;;
79999976128;;;;
73998444301;;;;
84999839108;;;;
77999893414;;;;
7193417565;;;;
8492114899;;;;
74999451980;;;;
73988372886;;;;
79998085608;;;;
75999448325;;;;
81988083183;;;;
85987340820;;;;
88997762460;;;;
81996423439;;;;
77999722334;;;;
85987678033;;;;
83981081943;;;;
71988140107;;;;
77999714047;;;;
73988709054;;;;
77999783865;;;;
84996216839;;;;
85987902309;;;;
71999749456;;;;
71999058132;;;;
98999676060;;;;
86988079472;;;;
83999430707;;;;
81996998926;;;;
79999633955;;;;
77991980287;;;;
85987361407;;;;
84996310941;;;;
81998741833;;;;
75981722112;;;;
81996060606;;;;
11981403741;;;;
73999444141;;;;
71993224512;;;;
84991425666;;;;
81999504318;;;;
75981130052;;;;
73988446176;;;;
79981052886;;;;
73981438566;;;;
87988662425;;;;
77999743408;;;;
71999985867;;;;
86999968848;;;;
71996383883;;;;
71992115614;;;;
71999785857;;;;
79999727433;;;;
85989664057;;;;
85987084642;;;;
81988436610;;;;
85997546864;;;;
73999942422;;;;
88993655187;;;;
79999579997;;;;
75981130500;;;;
88999558990;;;;
86998329246;;;;
73998510192;;;;
11997477625;;;;
83987385269;;;;
85999447918;;;;
82996814443;;;;
89994141911;;;;
77991561648;;;;
77999730990;;;;
81999719613;;;;
37998263228;;;;
73998728077;;;;
84988494359;;;;
77988440606;;;;
79999752480;;;;
81911111111;;;;
81996124074;;;;
81998319629;;;;
83987952164;;;;
81987492312;;;;
85998080988;;;;
85981650021;;;;
75999776616;;;;
85988834994;;;;
71991610261;;;;
77981413208;;;;
81999713003;;;;
71996094139;;;;
74999816664;;;;
85998745632;;;;
73988441597;;;;
83991592578;;;;
84987268517;;;;
79998515588;;;;
81988863443;;;;
77988220158;;;;
82991267646;;;;
81996169407;;;;
11991193107;;;;
81911111111;;;;
73988393416;;;;
79998985509;;;;
85988888888;;;;
81996612113;;;;
85982014842;;;;
85997205257;;;;
71983345523;;;;
84999880278;;;;
84998198816;;;;
88997948799;;;;
85988601400;;;;
77999563499;;;;
85999999999;;;;
86999030368;;;;
84994834337;;;;
88997557192;;;;
85988077137;;;;
84996977398;;;;
71993992223;;;;
81987330600;;;;
83987657213;;;;
84996347546;;;;
19996226367;;;;
88998053101;;;;
73998723535;;;;
81999150154;;;;
82999999959;;;;
81998894395;;;;
79996306977;;;;
85988935223;;;;
75998116733;;;;
73982498671;;;;
85997782528;;;;
71998755556;;;;
71991593960;;;;
75998760620;;;;
84994121459;;;;
73999534280;;;;
81998009292;;;;
85996567045;;;;
77999715990;;;;
71991459309;;;;
77998264615;;;;
85985706366;;;;
86999843371;;;;
73991252172;;;;
84999167574;;;;
81988192368;;;;
88997132680;;;;
73999733170;;;;
77998235346;;;;
71999100131;;;;
81998692928;;;;
83994118661;;;;
81999159046;;;;
71986023502;;;;
81987516312;;;;
84999139366;;;;
11997065549;;;;
73998721836;;;;
85987105066;;;;
84999155067;;;;
83999540057;;;;
75981135000;;;;
85991494953;;;;
71987043267;;;;
82999350952;;;;
79999883577;;;;
71981326276;;;;
81999156128;;;;
86981287659;;;;
77988050393;;;;
71993927448;;;;
85999811053;;;;
82991424421;;;;
86998128319;;;;
71988461458;;;;
84991216485;;;;
86995066282;;;;
73998135290;;;;
84981333847;;;;
77999511221;;;;
83993098300;;;;
81984775650;;;;
75981088443;;;;
77999570338;;;;
81988000000;;;;
73988322560;;;;
89999726383;;;;
82996510237;;;;
85999981382;;;;
85988901699;;;;
73999485831;;;;
88996947779;;;;
86995350346;;;;
83999344609;;;;
81982864334;;;;
75991109219;;;;
85986212800;;;;
79991810055;;;;
77991982319;;;;
83996548101;;;;
81996041700;;;;
75997030183;;;;
82991115329;;;;
73999002065;;;;
86988335886;;;;
86999210837;;;;
85981144249;;;;
86998084442;;;;
88997474393;;;;
83998092200;;;;
84994019449;;;;
85991546063;;;;
84996909292;;;;
83981056449;;;;
83988523348;;;;
71991364244;;;;
71991680309;;;;
87991266550;;;;
84988984261;;;;
83996741434;;;;
73999355151;;;;
71983250911;;;;
83982267764;;;;
81999994702;;;;
84991310348;;;;
71991982345;;;;
85996967760;;;;
73998267080;;;;
85981893661;;;;
84999250785;;;;
71988621457;;;;
82999134581;;;;
71992538090;;;;
81996126685;;;;
71981265952;;;;
82996009930;;;;
85987455478;;;;
79998104512;;;;
81996157579;;;;
84988284747;;;;
81996533609;;;;
75998855875;;;;
86999890049;;;;
71996098470;;;;
75991178384;;;;
89981166099;;;;
87996641119;;;;
85992516215;;;;
84999999556;;;;
81999219268;;;;
81982754830;;;;
71983651010;;;;
81998096909;;;;
71987826516;;;;
71987884067;;;;
81981864771;;;;
86999840491;;;;
88996274458;;;;
79996111696;;;;
73981571225;;;;
77991656333;;;;
75998702234;;;;
77981430686;;;;
81991134092;;;;
85984039253;;;;
21992464222;;;;
81984034151;;;;
87996168885;;;;
73991295000;;;;
79999691249;;;;
84987172744;;;;
71999255100;;;;
83988408485;;;;
74999958496;;;;
74999958496;;;;
84996226555;;;;
84996226555;;;;
77988025680;;;;
73999618109;;;;
84981475117;;;;
84981475117;;;;
84981475117;;;;
84981475117;;;;
84981475117;;;;
71987650171;;;;
88992010735;;;;
84998438662;;;;
86994142992;;;;
86994142992;;;;
81999607140;;;;
81999607140;;;;
81999607140;;;;
88999214363;;;;
88999214363;;;;
81982576966;;;;
71988766472;;;;
74999765605;;;;
77991317335;;;;
77991317335;;;;
83988759054;;;;
83988759054;;;;
73981934029;;;;
89981080198;;;;
81999460065;;;;
75999221090;;;;
71999657878;;;;
77999608243;;;;
87999897777;;;;
84999167891;;;;
81999463204;;;;
81985215188;;;;
11985865757;;;;
85985262405;;;;
85985262405;;;;
74991012019;;;;
88999934615;;;;
85998220072;;;;
71992038096;;;;
62998682887;;;;
82993660171;;;;
82993660171;;;;
81993089901;;;;
71993172855;;;;
71996150801;;;;
71999620077;;;;
88998675411;;;;
85987281210;;;;
85987281210;;;;
85991837156;;;;
81999984535;;;;
73998456836;;;;
88999004615;;;;
88999004615;;;;
88999004615;;;;
75988264019;;;;
88999199618;;;;
88999199618;;;;
71999746514;;;;
71999746514;;;;
89994450180;;;;
71997009816;;;;
71997009816;;;;
87981081387;;;;
77991958394;;;;
84991565567;;;;
84991565567;;;;
75992655693;;;;
71986130711;;;;
77988399732;;;;
73991244844;;;;
73991244844;;;;
84988386410;;;;
84988386410;;;;
81992051799;;;;
81992051799;;;;
81992051799;;;;
81991771708;;;;
79998780432;;;;
85985998392;;;;
81998731191;;;;
87988138880;;;;
87988138880;;;;
75999828693;;;;
81991078179;;;;
73999472871;;;;
81999143030;;;;
84991314241;;;;
84991314241;;;;
75991473038;;;;
88999341568;;;;
88999341568;;;;
71999905011;;;;
79999156060;;;;
77998675305;;;;
77998675305;;;;
81991987848;;;;
71992950495;;;;
84998156783;;;;
71999906409;;;;
71999906409;;;;
79988215909;;;;
87999951063;;;;
81997402362;;;;
86995704433;;;;
82996543768;;;;
71988716772;;;;
11995602422;;;;
81999320407;;;;
71981494619;;;;
71984402114;;;;
83988224495;;;;
41992352017;;;;
88993595215;;;;
81982845459;;;;
81982845459;;;;
71992686848;;;;
71992686848;;;;
71992686848;;;;
79998696060;;;;
74999623472;;;;
88999991072;;;;
84988197319;;;;
81986940531;;;;
81991150773;;;;
71996410080;;;;
81982014667;;;;
81982014667;;;;
71988080054;;;;
71988080054;;;;
88999693393;;;;
83998000999;;;;
83998000999;;;;
75981438295;;;;
71999376089;;;;
71997316620;;;;
81993630404;;;;
84996569966;;;;
84996569966;;;;
88996272239;;;;
71999235518;;;;
84991391640;;;;
81999607140;;;;
81999607140;;;;
81999607140;;;;
81983361659;;;;
75999401298;;;;
83998949100;;;;
71993750898;;;;
75999092526;;;;
79999733429;;;;
79998922773;;;;
84998087455;;;;
84998087455;;;;
86995377011;;;;
88999180056;;;;
82996557961;;;;
87991636638;;;;
75999240720;;;;
75999240720;;;;
82999911955;;;;
84981193417;;;;
83988960027;;;;
87999570126;;;;
83993114340;;;;
83993114340;;;;
88996304553;;;;
88998436391;;;;
21981191797;;;;
21981191797;;;;
85998550263;;;;
74999888840;;;;
81989540720;;;;
82999187047;;;;
79999838136;;;;
81988281274;;;;
81988281274;;;;
86988190400;;;;
86988190400;;;;
74999560110;;;;
81999650142;;;;
88997239082;;;;
88994674517;;;;
87981111612;;;;
77981144278;;;;
71996204635;;;;
87988646133;;;;
75981287652;;;;
83987252500;;;;
85991166832;;;;
84999146160;;;;
84999146160;;;;
84999146160;;;;
84999146160;;;;
87996170303;;;;
87996170303;;;;
81997951688;;;;
84994027042;;;;
84994027042;;;;
77988086258;;;;
77988086258;;;;
75982479918;;;;
82996969689;;;;
87988237594;;;;
87988237594;;;;
87988237594;;;;
85994131033;;;;
71999261072;;;;
81997662407;;;;
83999320588;;;;
85981374777;;;;
82987274544;;;;
85996742021;;;;
85996742021;;;;
85996742021;;;;
81998752867;;;;
71986561503;;;;
84999716046;;;;
84999716046;;;;
84981653876;;;;
84981653876;;;;
79999151848;;;;
83981400462;;;;
81988384677;;;;
81996696175;;;;
81999790050;;;;
81999790050;;;;
85999948228;;;;
75981209779;;;;
71992099107;;;;
81998895124;;;;
81999250281;;;;
81994991332;;;;
81994991332;;;;
81994991332;;;;
81994991332;;;;
81994991332;;;;
85999854721;;;;
85999854721;;;;
88988055673;;;;
81971004411;;;;
81992199092;;;;
88988067190;;;;
88988067190;;;;
77981592110;;;;
88996215594;;;;
85999562507;;;;
85999562507;;;;
75999722019;;;;
75999722019;;;;
84996889008;;;;
69993545398;;;;
85986339988;;;;
77999716465;;;;
85986544015;;;;
81991394230;;;;
71991266737;;;;
84994723862;;;;
84994723862;;;;
81982545251;;;;
81989685858;;;;
71996597442;;;;
88988634933;;;;
81996466807;;;;
84987238504;;;;
84987238504;;;;
84987238504;;;;
85981464579;;;;
83998912600;;;;
83998912600;;;;
71981327978;;;;
74999955669;;;;
84999779096;;;;
83999994848;;;;
77988375099;;;;
84999283835;;;;
86999632787;;;;
86999632787;;;;
75981739627;;;;
83996229635;;;;
83996229635;;;;
82993132827;;;;
82993132827;;;;
11988033638;;;;
11988033638;;;;
85992688018;;;;
85992688018;;;;
85992688018;;;;
83993454369;;;;
81992034691;;;;
84994042597;;;;
84994042597;;;;
81999122217;;;;
81999122217;;;;
61986126191;;;;
61986126191;;;;
85988683323;;;;
81996099149;;;;
83996196374;;;;
85999999999;;;;
77999722823;;;;
77999722823;;;;
79999775560;;;;
75992339394;;;;
75992339394;;;;
81989761509;;;;
81989761509;;;;
73988046550;;;;
88988277034;;;;
81998983409;;;;
81998983409;;;;
75992996606;;;;
75992996606;;;;
74981436809;;;;
81998004242;;;;
81994940300;;;;
84991296386;;;;
79996921846;;;;
79996921846;;;;
73988930274;;;;
89981386382;;;;
75988001522;;;;
81999952993;;;;
62993126448;;;;
27981297896;;;;
83991332382;;;;
83991332382;;;;
88999989733;;;;
38999656417;;;;
81999602199;;;;
81999602199;;;;
75999360935;;;;
81996086660;;;;
81991454005;;;;
83996708901;;;;
71988921977;;;;
55985234923;;;;
83999211066;;;;
85998774552;;;;
79999750453;;;;
79999750453;;;;
84981222324;;;;
85994115249;;;;
83981543006;;;;
7794246538;;;;
7794246538;;;;
7794246538;;;;
7794246538;;;;
77991319969;;;;
77991319969;;;;
73998192631;;;;
8196352872;;;;
8196352872;;;;
71992256691;;;;
71992256691;;;;
81988223003;;;;
82999928312;;;;
8592260048;;;;
88996231507;;;;
75999270237;;;;
27996977900;;;;
8493322477;;;;
85996054544;;;;
83996115220;;;;
85999330131;;;;
81994080448;;;;
84986228419;;;;
89994026800;;;;
83998245630;;;;
73998465421;;;;
8594933000;;;;
8594983232;;;;
74999668971;;;;
8197221313;;;;
8594666307;;;;
81988021330;;;;
7794241299;;;;
84999749222;;;;
73998041841;;;;
85981734612;;;;
84996141593;;;;
71991214833;;;;
84994058024;;;;
75998264065;;;;
85991372454;;;;
7592235988;;;;
79999428566;;;;
83988441745;;;;
8592353571;;;;
77999714308;;;;
77991183724;;;;
84981236849;;;;
86998354124;;;;
75999726026;;;;
82981511414;;;;
77999676133;;;;
83999901935;;;;
71997240178;;;;
81999811377;;;;
73999038105;;;;
71991148967;;;;
71987446250;;;;
73981410551;;;;
81988179648;;;;
85999370605;;;;
84998212000;;;;
81994678181;;;;
82988588018;;;;
83998628228;;;;
71999643239;;;;
82987461312;;;;
77981018888;;;;
84981601280;;;;
88999554003;;;;
88999186410;;;;
83993083217;;;;
73991684782;;;;
74999513204;;;;
88996123135;;;;
71992128105;;;;
85988737746;;;;
77999961629;;;;
83987108010;;;;
71982369916;;;;
83988995444;;;;
81999651104;;;;
85991845154;;;;
85996341370;;;;
73981834190;;;;
71988739881;;;;
84986020607;;;;
81991081220;;;;
86988539976;;;;
87999042788;;;;
81999602774;;;;
85988455713;;;;
81997463404;;;;
85991149577;;;;
77988388652;;;;
77999852163;;;;
86981384861;;;;
81985908919;;;;
85998490121;;;;
88999104364;;;;
85998504126;;;;
84991142147;;;;
82994042009;;;;
73981998346;;;;
75991992616;;;;
73988358009;;;;
79999121999;;;;
81996094364;;;;
77988160991;;;;
84988110670;;;;
83996539600;;;;
85986860320;;;;
82999815598;;;;
88997982556;;;;
81999330241;;;;
82996261780;;;;
89981150513;;;;
75998670446;;;;
85999623220;;;;
71991555638;;;;
83993826060;;;;
81998547892;;;;
81998187504;;;;
74999623839;;;;
85989353269;;;;
79999907420;;;;
71999788378;;;;
71987552727;;;;
77991713348;;;;
75991387759;;;;
75981112465;;;;
85981253438;;;;
74988090766;;;;
71981920008;;;;
71992287272;;;;
86999115516;;;;
85999999999;;;;
77998637252;;;;
75981166242;;;;
86988262190;;;;
81998800742;;;;
81987801156;;;;
83999701000;;;;
74988160297;;;;
79996285266;;;;
79998258086;;;;
75991451377;;;;
79988362886;;;;
88981102604;;;;
84999818199;;;;
88999506991;;;;
79998022319;;;;
86999913454;;;;
79999920589;;;;
84988306418;;;;
71999726941;;;;
88988888888;;;;
79991051708;;;;
82981061684;;;;
86981170565;;;;
84996562475;;;;
75981024855;;;;
89994264190;;;;
83991627434;;;;
75999565500;;;;
81988041020;;;;
85982032774;;;;
77998362303;;;;
71991808899;;;;
81999785630;;;;
73981528853;;;;
81985331317;;;;
85989657917;;;;
84996920696;;;;
27997041011;;;;
84999404994;;;;
84991126031;;;;
11993896315;;;;
85981349738;;;;
81981715679;;;;
79998314353;;;;
81992358548;;;;
83988308397;;;;
87981686122;;;;
84986004500;;;;
81996845143;;;;
71991771080;;;;
84987425880;;;;
82999915266;;;;
74999817737;;;;
75992621709;;;;
74999734058;;;;
86994371016;;;;
79999795997;;;;
79998245305;;;;
85991012826;;;;
81999999999;;;;
71986651736;;;;
88997152079;;;;
81986269747;;;;
85992590368;;;;
74999921046;;;;
83987531842;;;;
85981671050;;;;
88999260624;;;;
83987474409;;;;
79998721236;;;;
71983043392;;;;
49991740309;;;;
85999542627;;;;
81997808990;;;;
79998988079;;;;
79999729142;;;;
73998147869;;;;
83987108260;;;;
89981175651;;;;
84998786321;;;;
71999834059;;;;
84999292200;;;;
74999396279;;;;
88992475845;;;;
79998417565;;;;
83987031561;;;;
38999549894;;;;
71991703389;;;;
87988380178;;;;
81995011010;;;;
83998631750;;;;
85999885053;;;;
82999403441;;;;
81996692010;;;;
83996973445;;;;
79999959220;;;;
75991660807;;;;
71988174199;;;;
85981741763;;;;
81985323070;;;;
81991861191;;;;
83988293850;;;;
88999997958;;;;
77991355161;;;;
83998000976;;;;
77999528423;;;;
81986367259;;;;
89999065443;;;;
83987048207;;;;
81984195705;;;;
81997345555;;;;
84998067973;;;;
82993217272;;;;
11987585365;;;;
81998013453;;;;
85999628950;;;;
77999718910;;;;
84999553616;;;;
71987046407;;;;
81986089937;;;;
71988231536;;;;
83988250845;;;;
79991126029;;;;
83988763097;;;;
83991375223;;;;
87998063068;;;;
85986043514;;;;
83981691991;;;;
79999460101;;;;
81991895904;;;;
81985770562;;;;
71999717580;;;;
88999898385;;;;
71991576863;;;;
71991356633;;;;
84988383209;;;;
81982249982;;;;
74991407234;;;;
71987829727;;;;
73991229423;;;;
73991229423;;;;
84987186157;;;;
75991855515;;;;
71988133663;;;;
77988202252;;;;
85999611249;;;;
73991913609;;;;
86911111111;;;;
79999764945;;;;
75982566132;;;;
82999250400;;;;
71987320480;;;;
71996966078;;;;
81982080088;;;;
83988052063;;;;
81995160090;;;;
77991250334;;;;
84981623585;;;;
83999115729;;;;
79991366072;;;;
94992786618;;;;
84991551001;;;;
85993273322;;;;
75988341387;;;;
77988122167;;;;
71986040575;;;;
88996565431;;;;
81989289594;;;;
75992421888;;;;
77988792082;;;;
88993627851;;;;
79998351127;;;;
81911111111;;;;
81998951909;;;;
84988109409;;;;
85997993333;;;;
84999350298;;;;
75988240959;;;;
71986869315;;;;
74988579580;;;;
71999490802;;;;
81997958240;;;;
88999114313;;;;
85999957905;;;;
85985890602;;;;
81986148928;;;;
88999514761;;;;
71998215696;;;;
75981460606;;;;
85999335597;;;;
71982994921;;;;
77983419092;;;;
88981576739;;;;
77981193183;;;;
75981294715;;;;
88997329463;;;;
77981135699;;;;
89999797602;;;;
81999711834;;;;
79999004929;;;;
85991439550;;;;
81996461483;;;;
75982487795;;;;
77991250911;;;;
73999796509;;;;
84999559789;;;;
75991929709;;;;
87988050011;;;;
87996079634;;;;
85991539857;;;;
79998311766;;;;
71991807091;;;;
22999093941;;;;
83999814965;;;;
21983506226;;;;
79999663121;;;;
92991663665;;;;
82993311414;;;;
85999960637;;;;
71988021167;;;;
85989232860;;;;
11997668383;;;;
85987113700;;;;
81988799214;;;;
81981567407;;;;
81998710033;;;;
81998710033;;;;
51996605534;;;;
99999999999;;;;
99999999999;;;;
98984093824;;;;
21981696091;;;;
71993521732;;;;
86994988014;;;;
84987262021;;;;
71999995036;;;;
79999554495;;;;
79999554495;;;;
71992969721;;;;
71992969721;;;;
71991941111;;;;
77999643496;;;;
77999643496;;;;
85999086713;;;;
85999086713;;;;
86999058667;;;;
86999058667;;;;
81996313707;;;;
81996313707;;;;
85997491008;;;;
85997491008;;;;
83993222784;;;;
83993222784;;;;
83988609766;;;;
84991565567;;;;
84991565567;;;;
8191;;;;
27999690246;;;;
27999690246;;;;
86981682000;;;;
86999831269;;;;
86999831269;;;;
86999831269;;;;
89999377292;;;;
89999377292;;;;
71984130097;;;;
71984130097;;;;
71997094480;;;;
83981564182;;;;
84981804012;;;;
84996470608;;;;
74992473123;;;;
84999140518;;;;
81989119542;;;;
81997626313;;;;
85987887095;;;;
75988571032;;;;
75988571032;;;;
85996604867;;;;
85989930185;;;;
79999787962;;;;
88999684134;;;;
11966428458;;;;
85997336973;;;;
82999455570;;;;
82999455570;;;;
84999980923;;;;
85985550468;;;;
85985550468;;;;
84999913344;;;;
85999626961;;;;
71997160980;;;;
82991587517;;;;
85988270352;;;;
85987604050;;;;
27992877557;;;;
83981933035;;;;
83981933035;;;;
83981933035;;;;
83981933035;;;;
73991580653;;;;
88999906708;;;;
75981722278;;;;
85991784354;;;;
71982472705;;;;
81992578556;;;;
81992578556;;;;
79996093184;;;;
81992125802;;;;
83999401086;;;;
86999963660;;;;
86999963660;;;;
75982105967;;;;
87988418429;;;;
85991264847;;;;
84991841709;;;;
71998745435;;;;
85997279765;;;;
85997279765;;;;
83988893908;;;;
75998534672;;;;
77999328900;;;;
77999328900;;;;
77999328900;;;;
77999328900;;;;
73988415564;;;;
41996869828;;;;
85997488497;;;;
71996584686;;;;
71996584686;;;;
71996584686;;;;
82998819925;;;;
73999053280;;;;
83998689767;;;;
71991003739;;;;
86999133223;;;;
86999133223;;;;
75999716629;;;;
86995167906;;;;
81991616819;;;;
81998870016;;;;
73999361955;;;;
73999361955;;;;
85998354057;;;;
84999870609;;;;
75982813679;;;;
75998034500;;;;
75998034500;;;;
81981109090;;;;
82999984668;;;;
82999984668;;;;
82999984668;;;;
81982620860;;;;
87981326657;;;;
82981044390;;;;
83987162304;;;;
85999250625;;;;
77999901734;;;;
77999901734;;;;
77999901734;;;;
77999556040;;;;
73991402915;;;;
73991402915;;;;
88981370542;;;;
77998065048;;;;
77998065048;;;;
71999025003;;;;
81998989171;;;;
81998989171;;;;
74998009090;;;;
87999427643;;;;
87999427643;;;;
83991186951;;;;
83987939313;;;;
83987939313;;;;
81982860170;;;;
81982860170;;;;
81982860170;;;;
81982860170;;;;
82999875050;;;;
81998982443;;;;
81998982443;;;;
75999889245;;;;
84999139804;;;;
84996504224;;;;
84996504224;;;;
84999146785;;;;
11981690017;;;;
71991877551;;;;
81991996225;;;;
81991996225;;;;
77991043464;;;;
71991653238;;;;
75991538500;;;;
81998451835;;;;
71992843150;;;;
71992843150;;;;
73991811352;;;;
82999121126;;;;
83998801918;;;;
83998801918;;;;
73988589196;;;;
83998860015;;;;
71996097223;;;;
73988420727;;;;
13988207900;;;;
86999373924;;;;
86999373924;;;;
31984444280;;;;
77988032363;;;;
71992198765;;;;
81982038337;;;;
81982038337;;;;
81982038337;;;;
81982038337;;;;
85999079999;;;;
85999079999;;;;
88997054343;;;;
79991733327;;;;
82996131234;;;;
82996131234;;;;
82996131234;;;;
87996210181;;;;
81988546591;;;;
81988546591;;;;
81988546591;;;;
83998038815;;;;
85991334045;;;;
85999920059;;;;
85999920059;;;;
73988091914;;;;
84988631981;;;;
84988631981;;;;
84988631981;;;;
87981031112;;;;
73998480500;;;;
41997880145;;;;
88999724905;;;;
85992594655;;;;
81999225040;;;;
82996365909;;;;
82996365909;;;;
82996365909;;;;
85985910561;;;;
81999124147;;;;
85991620291;;;;
81996853241;;;;
11971956503;;;;
79999567618;;;;
81998706074;;;;
81985145868;;;;
71983483194;;;;
71999875611;;;;
82999729112;;;;
82999729112;;;;
77991200873;;;;
73988556655;;;;
11995074619;;;;
84998480545;;;;
81992969023;;;;
79999823544;;;;
79998149852;;;;
85981441416;;;;
88999187987;;;;
84997077592;;;;
82988065754;;;;
82988065754;;;;
71992005030;;;;
61996408722;;;;
81999104653;;;;
81999104653;;;;
75991895303;;;;
73999447750;;;;
73999447750;;;;
71999999999;;;;
77998667278;;;;
71988772330;;;;
81996336892;;;;
81996336892;;;;
81988006349;;;;
81988006349;;;;
81988006349;;;;
82996212161;;;;
81996276059;;;;
81996276059;;;;
74998103448;;;;
88997333972;;;;
88997333972;;;;
75981386006;;;;
81998187223;;;;
83988384450;;;;
71996067972;;;;
73981895936;;;;
85982222269;;;;
85982222269;;;;
71982316899;;;;
71982316899;;;;
71982316899;;;;
82996890397;;;;
75991824635;;;;
84999805787;;;;
81993981221;;;;
81993981221;;;;
86994619959;;;;
88988316577;;;;
84996122541;;;;
45991436225;;;;
71992317116;;;;
85992499793;;;;
74991021866;;;;
19982902222;;;;
19982902222;;;;
19982902222;;;;
71991177245;;;;
84986052854;;;;
84986052854;;;;
84986052854;;;;
82987062473;;;;
71999452200;;;;
85982337423;;;;
85985794427;;;;
71988872387;;;;
85987316337;;;;
79999889518;;;;
79999889518;;;;
88993196188;;;;
81995407820;;;;
81995407820;;;;
86999789394;;;;
85996898040;;;;
81994801145;;;;
84988733376;;;;
83998016616;;;;
31971755378;;;;
77999780499;;;;
75999910291;;;;
75999910291;;;;
81996923763;;;;
75981784117;;;;
75981784117;;;;
71981444651;;;;
71981444651;;;;
71981444651;;;;
71981444651;;;;
71981444651;;;;
71981444651;;;;
71981444651;;;;
71981444651;;;;
71981444651;;;;
71981444651;;;;
71981444651;;;;
88996149537;;;;
88996149537;;;;
71987782009;;;;
75999203061;;;;
75999203061;;;;
75999203061;;;;
41988183631;;;;
41988183631;;;;
84986247239;;;;
84986247239;;;;
71981444651;;;;
71981444651;;;;
71981444651;;;;
71981444651;;;;
71981444651;;;;
71981444651;;;;
71981444651;;;;
71981444651;;;;
71981444651;;;;
71981444651;;;;
71981444651;;;;
71981444651;;;;
71981444651;;;;
71981444651;;;;
71981444651;;;;
71981444651;;;;
71981444651;;;;
71981444651;;;;
71981444651;;;;
71981444651;;;;
71981444651;;;;
71981444651;;;;
71981444651;;;;
71981444651;;;;
71981444651;;;;
71981444651;;;;
71981444651;;;;
71981444651;;;;
71981444651;;;;
71981444651;;;;
71981444651;;;;
71981444651;;;;
71981444651;;;;
71981444651;;;;
71981444651;;;;
71981444651;;;;
71981444651;;;;
71981444651;;;;
71981444651;;;;
71981444651;;;;
71981444651;;;;
71981444651;;;;
71981444651;;;;
71981444651;;;;
71981444651;;;;
71981444651;;;;
71981444651;;;;
71981444651;;;;
71981444651;;;;
71981444651;;;;
71981444651;;;;
71981444651;;;;
71988885828;;;;
85987361111;;;;
85987361111;;;;
81999981927;;;;
81999981927;;;;
84996196781;;;;
87981184138;;;;
83988600660;;;;
79999946157;;;;
83981629298;;;;
71995423165;;;;
71988437176;;;;
86998464771;;;;
75988710529;;;;
89994607218;;;;
81996199833;;;;
86981797335;;;;
71988293012;;;;
77998551995;;;;
77998551995;;;;
73999743579;;;;
86994517960;;;;
85988113500;;;;
85988113500;;;;
81981093114;;;;
81981093114;;;;
71999358868;;;;
71999358868;;;;
83998697583;;;;
85986765152;;;;
81981738711;;;;
79996929090;;;;
74981285299;;;;
85992418300;;;;
85992418300;;;;
41997880145;;;;
84999722010;;;;
84988484716;;;;
84996292111;;;;
82996416262;;;;
88981263368;;;;
83993795603;;;;
89999215400;;;;
89999215400;;;;
82996770016;;;;
88993824581;;;;
81987632324;;;;
87999209225;;;;
88982285757;;;;
88982285757;;;;
71999214242;;;;
85997842329;;;;
81997417667;;;;
81997417667;;;;
81998983409;;;;
81998983409;;;;
33985959555;;;;
81999777799;;;;
85992313452;;;;
88997708293;;;;
99915121200;;;;
81991495975;;;;
38999071885;;;;
38999071885;;;;
38999071885;;;;
38999071885;;;;
38999071885;;;;
73998397779;;;;
71999820216;;;;
7794511761;;;;
7794511761;;;;
7794511761;;;;
7794511761;;;;
7794511761;;;;
73998481888;;;;
79991087717;;;;
81988805475;;;;
81992938507;;;;
77991555169;;;;
77991555169;;;;
79999191566;;;;
79999191566;;;;
71988166406;;;;
8594914496;;;;
71981857207;;;;
84991030736;;;;
7592212421;;;;
869221166;;;;
8692235793;;;;
85999868884;;;;
71999602346;;;;
81989018191;;;;
7794235416;;;;
81999631775;;;;
87988122412;;;;
8692522624;;;;
85981398264;;;;
81986353945;;;;
88996257756;;;;
87999252898;;;;
8494312715;;;;
75992796007;;;;
82996011305;;;;
42999163767;;;;
83991290199;;;;
86999820034;;;;
7392813427;;;;
84994186558;;;;
75992623500;;;;
73998435928;;;;
83981023811;;;;
85996265900;;;;
81991381000;;;;
73999772054;;;;
83987533229;;;;
75991261481;;;;
73998165993;;;;
83988020813;;;;
88992125858;;;;
73981060314;;;;
83988547666;;;;
81992475544;;;;
86999441210;;;;
85988566989;;;;
84996450088;;;;
79998345434;;;;
85981270203;;;;
21999658337;;;;
71988927677;;;;
77991654682;;;;
71982560814;;;;
71991149887;;;;
75999593272;;;;
71982117836;;;;
77991932645;;;;
81982128445;;;;
71981611121;;;;
84999624189;;;;
85991481073;;;;
83988213886;;;;
83988874918;;;;
83988567703;;;;
85988443411;;;;
83988573331;;;;
71999877404;;;;
83987200005;;;;
89981397361;;;;
89999734467;;;;
87988118411;;;;
79999245434;;;;
81995492882;;;;
85998130868;;;;
84994749541;;;;
33988173196;;;;
85987663239;;;;
85999645800;;;;
74999985566;;;;
77988332068;;;;
71997144129;;;;
84996440110;;;;
81991485324;;;;
85996263820;;;;
84991321059;;;;
85999833039;;;;
85987183344;;;;
84988730598;;;;
85987300986;;;;
71991151414;;;;
84981392800;;;;
86994026727;;;;
75999041177;;;;
85985475511;;;;
81988960021;;;;
71992266873;;;;
71988260057;;;;
88988010444;;;;
87991445745;;;;
87988519593;;;;
85998767550;;;;
75991297945;;;;
85987660955;;;;
88997125523;;;;
88997201975;;;;
85999046744;;;;
82999999999;;;;
83981479612;;;;
73988070244;;;;
77999782550;;;;
82988053359;;;;
79999831653;;;;
88994193325;;;;
74999818634;;;;
88996344100;;;;
86999420320;;;;
83988331476;;;;
89999849643;;;;
88997101552;;;;
83996334121;;;;
89981247121;;;;
71999850359;;;;
82996725342;;;;
79999989513;;;;
84996778281;;;;
84996985968;;;;
71988871604;;;;
87988575700;;;;
71988864292;;;;
75988396111;;;;
79998823153;;;;
81998930060;;;;
75991104409;;;;
85981191533;;;;
71992948961;;;;
77999280740;;;;
71988218027;;;;
86994026443;;;;
85998187487;;;;
86999624426;;;;
74981066718;;;;
85987618507;;;;
83999068133;;;;
89994055230;;;;
75998329626;;;;
85999869944;;;;
77979161116;;;;
73999715809;;;;
81987396336;;;;
79991436399;;;;
94991017384;;;;
73991370020;;;;
81997662352;;;;
84996093484;;;;
82988690800;;;;
75991604546;;;;
75988006825;;;;
85988993935;;;;
81988618077;;;;
81996019313;;;;
89999221873;;;;
79999523398;;;;
41996869828;;;;
75991079308;;;;
85997854609;;;;
85996158274;;;;
85999766186;;;;
71999119138;;;;
82999026578;;;;
81992432115;;;;
73999566912;;;;
73999556011;;;;
86988083714;;;;
41996869828;;;;
84996120933;;;;
71987978279;;;;
81997830527;;;;
71991870193;;;;
82994054911;;;;
81997014219;;;;
84987987406;;;;
88999142628;;;;
84999880608;;;;
84987296746;;;;
73988740977;;;;
87996561000;;;;
73999788958;;;;
71988347903;;;;
81989987086;;;;
83993971361;;;;
81986315398;;;;
81992248680;;;;
82996425224;;;;
83996321971;;;;
88996861576;;;;
81994881756;;;;
81996564004;;;;
85997037074;;;;
73991425515;;;;
81987663195;;;;
71996233133;;;;
77988592004;;;;
84988291947;;;;
84987131150;;;;
82999854488;;;;
84999742141;;;;
11969314851;;;;
85981188469;;;;
88999100057;;;;
88999761236;;;;
85981070707;;;;
82982038327;;;;
79999880069;;;;
87999949459;;;;
75983205959;;;;
75983436886;;;;
83988702278;;;;
88997147771;;;;
86999680013;;;;
85982179009;;;;
81996676002;;;;
85998151522;;;;
81988097057;;;;
71987872145;;;;
79999567618;;;;
85996690483;;;;
81997987300;;;;
75999287102;;;;
71988931880;;;;
79999481998;;;;
75999544114;;;;
84987814705;;;;
71988861615;;;;
84999443333;;;;
84999027233;;;;
84988775540;;;;
77991359018;;;;
81996681878;;;;
73988869742;;;;
83991349141;;;;
75981537869;;;;
71988068882;;;;
86994521423;;;;
79998192752;;;;
85981607875;;;;
82991774888;;;;
89999861771;;;;
84996573084;;;;
83996135573;;;;
75983407671;;;;
81996417575;;;;
73998129322;;;;
88997134755;;;;
83993175000;;;;
87996230251;;;;
82988921163;;;;
79999288160;;;;
86988979392;;;;
85987574544;;;;
84981882010;;;;
82988486925;;;;
79999171778;;;;
81999977344;;;;
86988083300;;;;
87988686494;;;;
87988888888;;;;
86988866279;;;;
84996666644;;;;
79999677908;;;;
85999814006;;;;
71993332072;;;;
84987312161;;;;
88996312122;;;;
77999257252;;;;
87998098451;;;;
83988400094;;;;
79993693100;;;;
71992151680;;;;
71999474729;;;;
77988453791;;;;
75988825208;;;;
82996329548;;;;
75981897455;;;;
74999213576;;;;
85997439058;;;;
81986941071;;;;
82999841054;;;;
84996107487;;;;
83993885257;;;;
75999826202;;;;
81999987003;;;;
86995527887;;;;
75991100616;;;;
71987807000;;;;
83988077521;;;;
83991197185;;;;
86999107624;;;;
83998535871;;;;
86999735099;;;;
85999911981;;;;
88994459099;;;;
81996574478;;;;
83996106966;;;;
71996795433;;;;
84987551204;;;;
84991127707;;;;
81999223423;;;;
81992917525;;;;
81998542333;;;;
11911111111;;;;
81982655000;;;;
75992431657;;;;
68999766871;;;;
83999510435;;;;
85999877891;;;;
81981590140;;;;
82988042804;;;;
83988405323;;;;
84987324739;;;;
83999198733;;;;
71991439350;;;;
83988431426;;;;
85999629457;;;;
85989335566;;;;
28999253845;;;;
83993828717;;;;
81999363973;;;;
89994536195;;;;
74999794545;;;;
61996977525;;;;
84998938934;;;;
79999545925;;;;
86981281256;;;;
81999290028;;;;
77999001603;;;;
71988221011;;;;
77998135222;;;;
81996151715;;;;
77999782965;;;;
77999782965;;;;
77999782965;;;;
77999782965;;;;
77999782965;;;;
77999782965;;;;
85991429335;;;;
71999233436;;;;
77999142027;;;;
77999142027;;;;
82988719333;;;;
88996364175;;;;
77991531256;;;;
85999714323;;;;
85999714323;;;;
75999826661;;;;
73999517932;;;;
83998116946;;;;
84999627999;;;;
84999627999;;;;
81997898781;;;;
72988181481;;;;
86999584362;;;;
81987051692;;;;
75998768496;;;;
83996217188;;;;
83996217188;;;;
83996217188;;;;
85996602428;;;;
85985160576;;;;
83988887121;;;;
77991168919;;;;
77991168919;;;;
71997351589;;;;
71988023672;;;;
75991358986;;;;
71983948601;;;;
71997426206;;;;
71997426206;;;;
88996232099;;;;
71997378801;;;;
79998638007;;;;
83987358115;;;;
77999699248;;;;
82999811470;;;;
85996144410;;;;
79999981340;;;;
86999826354;;;;
86999826354;;;;
83998311522;;;;
83998311522;;;;
75992108110;;;;
88993644409;;;;
75999976770;;;;
85985602842;;;;
81988718239;;;;
74988564491;;;;
11975099997;;;;
84988378027;;;;
61998777922;;;;
61998777922;;;;
82999839221;;;;
82999839221;;;;
41996869828;;;;
82996690405;;;;
82996690405;;;;
85999999115;;;;
85999999115;;;;
81992095731;;;;
81992095731;;;;
77981238271;;;;
85992775211;;;;
85998760347;;;;
84996218970;;;;
84996288640;;;;
75981547494;;;;
84996547678;;;;
81982621971;;;;
83999065985;;;;
85981510020;;;;
85981510020;;;;
88988789534;;;;
85998146000;;;;
85998146000;;;;
85996494362;;;;
86988048406;;;;
86988048406;;;;
81994110843;;;;
87999510407;;;;
71996752651;;;;
71981532086;;;;
71981532086;;;;
88996116756;;;;
71987355781;;;;
71987355781;;;;
84991141409;;;;
84991141409;;;;
85996305183;;;;
82996582227;;;;
85988254144;;;;
85988254144;;;;
77998047694;;;;
73991138140;;;;
73991138140;;;;
88996600011;;;;
88996600011;;;;
85987232215;;;;
84999189044;;;;
88999001145;;;;
89994265215;;;;
86995622727;;;;
73991876923;;;;
81983622176;;;;
71998823150;;;;
81992302277;;;;
77999601864;;;;
85999946813;;;;
54981539068;;;;
54981539068;;;;
77991247319;;;;
73999144812;;;;
75998621030;;;;
71994010461;;;;
71992648014;;;;
77998389952;;;;
81999210154;;;;
71982645098;;;;
85997240181;;;;
79998912595;;;;
85988251668;;;;
75981806849;;;;
85997499067;;;;
85997499067;;;;
85997499067;;;;
75981978171;;;;
81992133530;;;;
71991123259;;;;
71991123259;;;;
77999041860;;;;
83996723742;;;;
79999846942;;;;
71992306300;;;;
85992280551;;;;
21967292219;;;;
81994596716;;;;
81994596716;;;;
81999627906;;;;
75982827682;;;;
75982827682;;;;
85992659118;;;;
82996140075;;;;
85988588356;;;;
84998925400;;;;
85992078589;;;;
85996232496;;;;
85996232496;;;;
83991039398;;;;
85987253924;;;;
81988852131;;;;
81988852131;;;;
84988392502;;;;
75983613551;;;;
81997809474;;;;
83993728787;;;;
85996572490;;;;
86994894233;;;;
81986384505;;;;
81986384505;;;;
73999756532;;;;
82999141321;;;;
85988783145;;;;
81981779757;;;;
81981779757;;;;
81981779757;;;;
81981779757;;;;
81992760416;;;;
85987363644;;;;
74988460876;;;;
83991277931;;;;
84998356515;;;;
71999289850;;;;
71999289850;;;;
71999289850;;;;
88999641758;;;;
88999641758;;;;
86981466747;;;;
77998482621;;;;
85999523365;;;;
85999523365;;;;
71988980808;;;;
81992281164;;;;
81992281164;;;;
88999635764;;;;
86995253210;;;;
86995253210;;;;
87999345272;;;;
84987074698;;;;
71991644061;;;;
71991644061;;;;
81991035129;;;;
75991535663;;;;
85988906614;;;;
85988906614;;;;
82993863970;;;;
82981901415;;;;
89981412012;;;;
71991426691;;;;
81988935871;;;;
79991342342;;;;
73991566228;;;;
88981034714;;;;
77998162015;;;;
77998162015;;;;
85999094369;;;;
85981288887;;;;
82999547380;;;;
85999056086;;;;
75999319030;;;;
81996791496;;;;
71999395356;;;;
74981083663;;;;
75981246815;;;;
99991170294;;;;
84999470181;;;;
19991025743;;;;
19991025743;;;;
88999822688;;;;
85989147336;;;;
85991348088;;;;
85991348088;;;;
85991348088;;;;
85991348088;;;;
79999964171;;;;
71984323834;;;;
71984323834;;;;
81996626977;;;;
81981438648;;;;
82999433372;;;;
82999433372;;;;
82999357453;;;;
82993245659;;;;
41997880145;;;;
81987855991;;;;
85987501893;;;;
71999999999;;;;
84994639592;;;;
81992955717;;;;
84994070877;;;;
81999885008;;;;
82988561422;;;;
81984140133;;;;
86994587299;;;;
85998265500;;;;
85998265500;;;;
87988283391;;;;
62984602800;;;;
71999096356;;;;
71999096356;;;;
71999096356;;;;
89988249045;;;;
89988249045;;;;
81985996200;;;;
88996669788;;;;
73981793837;;;;
79998042096;;;;
79998042096;;;;
71991074334;;;;
71991074334;;;;
83996735796;;;;
84991019229;;;;
86988670881;;;;
88999421089;;;;
71997086546;;;;
85988770022;;;;
85988770022;;;;
86998184052;;;;
82996180326;;;;
82996180326;;;;
91993183564;;;;
88996119356;;;;
37999327233;;;;
37999327233;;;;
83998057351;;;;
83998057351;;;;
83998057351;;;;
83998057351;;;;
74999666272;;;;
81996720770;;;;
81996720770;;;;
84991022921;;;;
88996368657;;;;
84991318788;;;;
71997030155;;;;
82988808999;;;;
82988808999;;;;
81988544215;;;;
77999642463;;;;
73988419796;;;;
79998777502;;;;
75991331639;;;;
85988147611;;;;
85988147611;;;;
21993448566;;;;
77999193900;;;;
77991315009;;;;
71991635837;;;;
88997981144;;;;
11984638888;;;;
11984638888;;;;
41997880145;;;;
74999551705;;;;
81999800209;;;;
81981601622;;;;
77981617921;;;;
87999881014;;;;
87999881014;;;;
87999881014;;;;
87999881014;;;;
71999251855;;;;
74999331709;;;;
75998685406;;;;
84994161933;;;;
75991363131;;;;
75991363131;;;;
77988881057;;;;
84998649303;;;;
84998649303;;;;
83981445341;;;;
71992096878;;;;
77998575789;;;;
74996637640;;;;
81991008888;;;;
81991008888;;;;
81991008888;;;;
85988000000;;;;
85985575592;;;;
85996159140;;;;
84998732643;;;;
84998732643;;;;
85999401492;;;;
87988472527;;;;
8295222798;;;;
8295222798;;;;
82991181842;;;;
84999478256;;;;
84999478256;;;;
79999875647;;;;
79999875647;;;;
81999249068;;;;
81999249068;;;;
79988166777;;;;
79988166777;;;;
88999602590;;;;
7392123364;;;;
85992948485;;;;
86998339470;;;;
7593331264;;;;
89999851656;;;;
8692215456;;;;
7794214467;;;;
81984549052;;;;
81991755454;;;;
8592722444;;;;
81988565840;;;;
8694210100;;;;
7794731334;;;;
8295201483;;;;
82988296885;;;;
8392149522;;;;
84987024899;;;;
8393512566;;;;
71991295300;;;;
71988637727;;;;
81994512855;;;;
82993318626;;;;
82993318626;;;;
8395211017;;;;
84988249090;;;;
71988917752;;;;
8295223089;;;;
89999110008;;;;
7395313671;;;;
79999796465;;;;
83996677777;;;;
81999763671;;;;
75992250035;;;;
71988996955;;;;
85989144187;;;;
7992141093;;;;
8392901056;;;;
75991115627;;;;
87999490019;;;;
81987555002;;;;
79998087898;;;;
62981878607;;;;
88996590203;;;;
81994527741;;;;
89999797850;;;;
83987361484;;;;
81988681836;;;;
75992129999;;;;
11977904766;;;;
79998019564;;;;
85999030260;;;;
86999930028;;;;
75999425536;;;;
73999973057;;;;
77999496966;;;;
75981671674;;;;
81998260200;;;;
81999318689;;;;
82991214897;;;;
73999858558;;;;
75997137909;;;;
84988657559;;;;
86988300647;;;;
81999413684;;;;
85986059065;;;;
75981088506;;;;
84987379400;;;;
81976010101;;;;
83988084282;;;;
71988543338;;;;
81999759872;;;;
88996334511;;;;
87999626877;;;;
86998500756;;;;
81996768155;;;;
85997024958;;;;
83991626421;;;;
75998746505;;;;
79999743780;;;;
85989277220;;;;
88999999990;;;;
82981506144;;;;
85999041887;;;;
84988693918;;;;
84994038170;;;;
85998549466;;;;
84998726285;;;;
85988654193;;;;
83991317029;;;;
81981670669;;;;
75981856183;;;;
71992555502;;;;
84988140376;;;;
71991848410;;;;
85985006075;;;;
75991073286;;;;
73998524321;;;;
77981105941;;;;
75998122242;;;;
71999673411;;;;
63994210952;;;;
82993038528;;;;
83991063052;;;;
81986645979;;;;
79996701417;;;;
86999223097;;;;
85996495422;;;;
79998661687;;;;
82996078400;;;;
81989512124;;;;
71993059390;;;;
77999714000;;;;
82988373221;;;;
84991999663;;;;
79998971510;;;;
89999194219;;;;
86998640413;;;;
71991374902;;;;
73988328390;;;;
87998270048;;;;
75999731272;;;;
38999918626;;;;
81994233949;;;;
71991457220;;;;
81989791046;;;;
83999710058;;;;
84996221877;;;;
81999999999;;;;
81993236378;;;;
89999898829;;;;
77988045271;;;;
71986839250;;;;
86999210123;;;;
88998658041;;;;
82994135631;;;;
79996519800;;;;
75991246767;;;;
85988234616;;;;
79999177786;;;;
86998678969;;;;
84981513931;;;;
81971082544;;;;
87988549645;;;;
89981208670;;;;
85991956689;;;;
79996763048;;;;
86994898734;;;;
82988227999;;;;
71994027751;;;;
77988239808;;;;
71997057359;;;;
75999998690;;;;
71981524851;;;;
83999094129;;;;
88999610675;;;;
81994053133;;;;
74999169191;;;;
84996678600;;;;
75998051341;;;;
81988811991;;;;
71999420775;;;;
82988986010;;;;
93999609031;;;;
77981388821;;;;
73988023238;;;;
86981163793;;;;
71999881314;;;;
77998308300;;;;
77991173099;;;;
85992671205;;;;
71985524545;;;;
83999350001;;;;
71988002266;;;;
85988698052;;;;
75998196692;;;;
71991486725;;;;
88992360036;;;;
83996651887;;;;
85989707668;;;;
79999420475;;;;
84996302246;;;;
83998620254;;;;
71996288884;;;;
85999083820;;;;
75991241557;;;;
82999192031;;;;
81991940692;;;;
82998343916;;;;
11985801805;;;;
81989022482;;;;
71993266235;;;;
79998683083;;;;
82993318626;;;;
85999999999;;;;
81999925476;;;;
81997705879;;;;
81998384410;;;;
83988832837;;;;
75998803322;;;;
74988041023;;;;
83988148463;;;;
81992002882;;;;
73981969106;;;;
86994887368;;;;
71984766855;;;;
82991045422;;;;
73998317831;;;;
89981191515;;;;
75999609923;;;;
73999796485;;;;
73999771976;;;;
81999534555;;;;
75992619889;;;;
85996111941;;;;
83988863404;;;;
71996305593;;;;
88999500147;;;;
89988193499;;;;
86988421993;;;;
79999196848;;;;
87991502300;;;;
71999957000;;;;
85998561000;;;;
81998897681;;;;
81997474608;;;;
84996071417;;;;
77999051440;;;;
71999946250;;;;
88982309677;;;;
81988824351;;;;
86995952890;;;;
85996495422;;;;
85996495422;;;;
71991153616;;;;
83993511469;;;;
84981663514;;;;
73981577549;;;;
82987199700;;;;
81994324442;;;;
75981656617;;;;
88988089989;;;;
75981266691;;;;
85989410121;;;;
75981055969;;;;
83986161993;;;;
87996410123;;;;
86999546419;;;;
75981315579;;;;
81991154507;;;;
82981892260;;;;
88999083574;;;;
75999093809;;;;
84999254601;;;;
71999499898;;;;
71988088554;;;;
88998640591;;;;
84999148433;;;;
81999791152;;;;
88992449121;;;;
81999218663;;;;
81982389225;;;;
88999667874;;;;
73998392067;;;;
88996879783;;;;
82981015999;;;;
83999215419;;;;
85999999999;;;;
85999196959;;;;
71991162760;;;;
84998228272;;;;
88988330522;;;;
74999616559;;;;
84991778407;;;;
82998301470;;;;
83987259060;;;;
81999143304;;;;
85999986548;;;;
86999767165;;;;
88996914929;;;;
85988888888;;;;
75991707621;;;;
74991036428;;;;
77998608629;;;;
85996215940;;;;
83996763511;;;;
87998098451;;;;
71999990202;;;;
81996555483;;;;
71992840838;;;;
84988179535;;;;
71997296776;;;;
21981988891;;;;
81997210969;;;;
75991488057;;;;
84996126171;;;;
86999456468;;;;
82996568834;;;;
87988434121;;;;
44991380663;;;;
81994055460;;;;
81999813193;;;;
86999965373;;;;
77999051440;;;;
79991923210;;;;
85998537063;;;;
81991855060;;;;
71992162171;;;;
82999108085;;;;
81986643369;;;;
74988135267;;;;
81987076893;;;;
73981128937;;;;
79998426699;;;;
62981794972;;;;
819877841;;;;
85996495422;;;;
62982743485;;;;
79999895900;;;;
73998014046;;;;
87996800066;;;;
75992858130;;;;
83999991245;;;;
87998241170;;;;
71999032193;;;;
86999965373;;;;
75999803322;;;;
83987999622;;;;
83987999622;;;;
83987999622;;;;
83987999622;;;;
84999825374;;;;
84999825374;;;;
84999825374;;;;
84999825374;;;;
84999825374;;;;
84999825374;;;;
84999825374;;;;
84999825374;;;;
84999825374;;;;
84999825374;;;;
84999825374;;;;
84999825374;;;;
84999825374;;;;
84999825374;;;;
84999825374;;;;
84999825374;;;;
84999825374;;;;
84999825374;;;;
84999825374;;;;
84999825374;;;;
84999825374;;;;
84999825374;;;;
84999825374;;;;
84999825374;;;;
84999825374;;;;
84999825374;;;;
84999825374;;;;
84999825374;;;;
84999825374;;;;
84999825374;;;;
83988974977;;;;
83988974977;;;;
83987848544;;;;
85997496148;;;;
75999315068;;;;
81997250410;;;;
71999901521;;;;
85996644825;;;;
85996644825;;;;
85996644825;;;;
85996644825;;;;
81999253747;;;;
79999291056;;;;
86999827106;;;;
81999555036;;;;
83986127319;;;;
82988359326;;;;
82988359326;;;;
82988359326;;;;
82988359326;;;;
75999000075;;;;
77988127407;;;;
79998693696;;;;
81991997471;;;;
86999252731;;;;
86999252731;;;;
81998440018;;;;
21982309853;;;;
21982309853;;;;
81999828706;;;;
71991066700;;;;
84999539958;;;;
83991546867;;;;
83996156793;;;;
75981826092;;;;
79999933282;;;;
79999933282;;;;
79999933282;;;;
85981590356;;;;
83987974415;;;;
83987974415;;;;
73999997709;;;;
82999331966;;;;
81982814962;;;;
71986112841;;;;
75981859192;;;;
85988129604;;;;
81991600590;;;;
75999824598;;;;
84996174994;;;;
84996174994;;;;
75998427064;;;;
84991991717;;;;
84991991717;;;;
81999195763;;;;
83991082710;;;;
83991082710;;;;
75992452441;;;;
79999270065;;;;
71999726922;;;;
81973294867;;;;
81973294867;;;;
82982156989;;;;
75999992845;;;;
83987419995;;;;
81996299472;;;;
84988467808;;;;
61982743105;;;;
88996225516;;;;
75991117325;;;;
81988620222;;;;
85996936588;;;;
71991428239;;;;
74981095684;;;;
88996198567;;;;
88996198567;;;;
79999244981;;;;
77999267047;;;;
77999267047;;;;
85987180779;;;;
85996217045;;;;
75982665005;;;;
71984459990;;;;
77981039995;;;;
82982169892;;;;
77999293531;;;;
77999293531;;;;
81999568668;;;;
69981037071;;;;
69981037071;;;;
81982442087;;;;
89994209040;;;;
73998699880;;;;
83991006004;;;;
79999552433;;;;
74991914900;;;;
81982145752;;;;
71999983226;;;;
88982217871;;;;
84998335255;;;;
88988187791;;;;
81993606053;;;;
87996804034;;;;
77999568031;;;;
87996067529;;;;
87996067529;;;;
87996067529;;;;
87996067529;;;;
73988554433;;;;
73991039895;;;;
81998649792;;;;
71992511575;;;;
83991778118;;;;
75998623456;;;;
71991218331;;;;
71991218331;;;;
81986494766;;;;
81986494766;;;;
83996362303;;;;
83996362303;;;;
83996362303;;;;
77988567000;;;;
77988567000;;;;
81995250552;;;;
79996890033;;;;
71991238028;;;;
71998311516;;;;
84999737404;;;;
82996108158;;;;
82996108158;;;;
73988292635;;;;
85996148280;;;;
71991111559;;;;
71991489025;;;;
81994601623;;;;
81988540000;;;;
81988540000;;;;
79998014241;;;;
81999145632;;;;
81999145632;;;;
86999430103;;;;
86999430103;;;;
86999430103;;;;
86999430103;;;;
85987297022;;;;
83981450142;;;;
83981450142;;;;
85999791300;;;;
71987427456;;;;
75981831201;;;;
75981831201;;;;
84981044368;;;;
84981044368;;;;
85981392772;;;;
71987070878;;;;
85981640404;;;;
85981640404;;;;
73998340222;;;;
83996960056;;;;
71999930385;;;;
71999930385;;;;
81989326847;;;;
61999288091;;;;
41996869828;;;;
85991463384;;;;
85981900821;;;;
77999952112;;;;
77999952112;;;;
77999952112;;;;
75999483084;;;;
82981924658;;;;
83999363480;;;;
86999968730;;;;
77988040951;;;;
81996506921;;;;
81996506921;;;;
71987099591;;;;
71987099591;;;;
85985014082;;;;
81999727676;;;;
85992322754;;;;
82998326511;;;;
75998482226;;;;
71999525632;;;;
79991127240;;;;
79991127240;;;;
82988510280;;;;
82988510280;;;;
84994126871;;;;
84994126871;;;;
81998090261;;;;
86999466391;;;;
74991107025;;;;
88996533460;;;;
77999056610;;;;
77999056610;;;;
75981133061;;;;
81994643879;;;;
81997470828;;;;
73999920306;;;;
79996561604;;;;
81999908225;;;;
81999908225;;;;
75999775414;;;;
75999775414;;;;
85988542231;;;;
81995665410;;;;
79991622822;;;;
11985857721;;;;
82981891718;;;;
85986608008;;;;
86994284472;;;;
86994284472;;;;
77999716408;;;;
79996517033;;;;
67996963860;;;;
67996963860;;;;
85992000400;;;;
71999308516;;;;
83996856637;;;;
82996382275;;;;
79991655059;;;;
79991655059;;;;
82981292999;;;;
82981292999;;;;
89999103027;;;;
84996621854;;;;
81973393641;;;;
81973393641;;;;
85999999999;;;;
85999999999;;;;
71991075542;;;;
71991075542;;;;
75992560317;;;;
81994370832;;;;
71981049669;;;;
88996877198;;;;
71996508329;;;;
84996091773;;;;
87996340373;;;;
99985220460;;;;
81988134580;;;;
77999024889;;;;
77981067493;;;;
77981067493;;;;
82998240045;;;;
81996081750;;;;
81995260109;;;;
85987412322;;;;
11980670741;;;;
81987256281;;;;
88993474407;;;;
82991628458;;;;
77981147049;;;;
71984540325;;;;
79999476330;;;;
19991432930;;;;
71997080955;;;;
71997080955;;;;
71997080955;;;;
71997080955;;;;
71997080955;;;;
71997080955;;;;
71998673653;;;;
85997746183;;;;
71981753396;;;;
79999333202;;;;
88997224574;;;;
85988658560;;;;
86999216868;;;;
86999216868;;;;
86999216868;;;;
82988392932;;;;
83982083530;;;;
83982083530;;;;
83982083530;;;;
85999999999;;;;
85999999999;;;;
75988792506;;;;
75988792506;;;;
86999430902;;;;
84991734976;;;;
84991734976;;;;
87998191454;;;;
88993449527;;;;
85991790296;;;;
83986052070;;;;
51998826759;;;;
71993048340;;;;
73999944530;;;;
73999944530;;;;
86999415239;;;;
75999790186;;;;
75999790186;;;;
71991327432;;;;
71999570482;;;;
75987027952;;;;
75987027952;;;;
75987027952;;;;
73998189161;;;;
73998189161;;;;
84981223511;;;;
86988679132;;;;
86988679132;;;;
88992084029;;;;
71992369008;;;;
81986491410;;;;
55999999999;;;;
71999828649;;;;
86995039918;;;;
86995039918;;;;
79999999941;;;;
77999426163;;;;
83988762784;;;;
82999215838;;;;
75992293373;;;;
85986438113;;;;
87996157150;;;;
87996157150;;;;
87996157150;;;;
87996157150;;;;
87996157150;;;;
85987752484;;;;
85987752484;;;;
75982300440;;;;
88997394379;;;;
8594849659;;;;
7392301188;;;;
7392301188;;;;
88999673123;;;;
77991359154;;;;
77991359154;;;;
75988541339;;;;
71981697329;;;;
71981697329;;;;
8196371186;;;;
8196371186;;;;
81992723002;;;;
77991393738;;;;
77991393738;;;;
8692183619;;;;
8692183619;;;;
86995845386;;;;
86995845386;;;;
86995845386;;;;
86995845386;;;;
73981232527;;;;
86999258977;;;;
85991110090;;;;
84988561294;;;;
75981800000;;;;
71999506668;;;;
82999999999;;;;
82999140876;;;;
79999852063;;;;
82993064477;;;;
82993813838;;;;
88999930473;;;;
8592411300;;;;
8492132552;;;;
82991163910;;;;
73988752010;;;;
8495211978;;;;
74999324070;;;;
77999870481;;;;
84994066623;;;;
75991728627;;;;
83999869736;;;;
8592986267;;;;
85999893144;;;;
77999899727;;;;
81996423660;;;;
7593224961;;;;
85988259389;;;;
79981714482;;;;
75991888958;;;;
7496212309;;;;
88988496411;;;;
88996174655;;;;
81995989763;;;;
84981308614;;;;
73988932502;;;;
75981575404;;;;
83986702003;;;;
71998513269;;;;
88999133337;;;;
83988176490;;;;
85988050440;;;;
86998187475;;;;
83998279791;;;;
84987373781;;;;
81992494150;;;;
88996963545;;;;
88999896543;;;;
85999987810;;;;
86988264275;;;;
83996729121;;;;
85999193498;;;;
85987323173;;;;
75992817855;;;;
81991595448;;;;
71999546554;;;;
77988770004;;;;
77991994390;;;;
81986140002;;;;
75991980664;;;;
75992354630;;;;
71991468998;;;;
86995835828;;;;
85981876144;;;;
81997032974;;;;
81996266666;;;;
71981927209;;;;
77981263443;;;;
84988900504;;;;
83988005246;;;;
86995451886;;;;
88993119592;;;;
86999729538;;;;
83998883099;;;;
84988887568;;;;
71992870953;;;;
81998944736;;;;
77999470565;;;;
81991731292;;;;
75992554599;;;;
85988083290;;;;
88999329513;;;;
85988370326;;;;
99999861015;;;;
82988611326;;;;
71999611000;;;;
77981509900;;;;
71999048565;;;;
89988196484;;;;
71981676484;;;;
77991519052;;;;
84991463404;;;;
83998591055;;;;
75997088263;;;;
83982002117;;;;
79999361313;;;;
83996240955;;;;
75981527000;;;;
77991349263;;;;
87988357777;;;;
85985484477;;;;
81981646886;;;;
83999540789;;;;
71996761133;;;;
71981364717;;;;
77999422552;;;;
86999388799;;;;
84999012230;;;;
83988441634;;;;
81995192767;;;;
71992321318;;;;
81997697544;;;;
73999855611;;;;
71982335095;;;;
84996361463;;;;
73988306121;;;;
83987385518;;;;
75998171419;;;;
83999818670;;;;
81987412128;;;;
71992343085;;;;
85996082411;;;;
82993223954;;;;
83982096090;;;;
79999272009;;;;
83986912919;;;;
81998177474;;;;
87999972225;;;;
74991082662;;;;
85981183636;;;;
84996827123;;;;
81982239538;;;;
81996362790;;;;
82988256995;;;;
88996761653;;;;
83991413700;;;;
71986943193;;;;
88981120232;;;;
85988064090;;;;
87991452547;;;;
88981986065;;;;
15991168181;;;;
77999331070;;;;
73982473787;;;;
71996650205;;;;
71991512118;;;;
84999817415;;;;
75992499849;;;;
75992196550;;;;
81985408876;;;;
73988368084;;;;
81999990890;;;;
85996200491;;;;
83988690653;;;;
71991761922;;;;
81998900001;;;;
85987825225;;;;
77988520620;;;;
86994886001;;;;
75991257646;;;;
84991537914;;;;
81996492281;;;;
81987686048;;;;
85986471447;;;;
81986799233;;;;
82988326328;;;;
75998906485;;;;
81996645149;;;;
81984813880;;;;
86994338481;;;;
85999999999;;;;
81992169576;;;;
81999247557;;;;
81998572373;;;;
89994549779;;;;
84998913000;;;;
81998238653;;;;
79981118240;;;;
85987727066;;;;
81982429275;;;;
81979052819;;;;
79998037203;;;;
85981314377;;;;
81998071785;;;;
83996680700;;;;
81981881547;;;;
19981272060;;;;
81991642101;;;;
83988900800;;;;
73988697248;;;;
83999137809;;;;
86999811612;;;;
85988320714;;;;
82981768851;;;;
75992351827;;;;
84996333468;;;;
85992505151;;;;
88997900868;;;;
87992439629;;;;
85987775662;;;;
82991396128;;;;
84986331657;;;;
71992472807;;;;
83986305902;;;;
79999780854;;;;
77999779575;;;;
89992444737;;;;
85998969222;;;;
81996013924;;;;
85997249995;;;;
71987281243;;;;
81988974363;;;;
83988703270;;;;
79988264318;;;;
71991136756;;;;
77999993334;;;;
71987484790;;;;
79996779077;;;;
71981569182;;;;
85987864446;;;;
75997082202;;;;
83999212935;;;;
87999211119;;;;
75999070920;;;;
84996115000;;;;
86988274859;;;;
81996581431;;;;
81997473504;;;;
86999355023;;;;
85991455688;;;;
84986321181;;;;
85999741070;;;;
81996373680;;;;
85987878787;;;;
85999912486;;;;
81988898686;;;;
85988882455;;;;
71987639405;;;;
75981658986;;;;
81988008765;;;;
77998816911;;;;
81986243455;;;;
85999523193;;;;
82999087539;;;;
83999556740;;;;
82991900404;;;;
82999831796;;;;
85989020020;;;;
81997663642;;;;
84996715177;;;;
79999100896;;;;
73991555245;;;;
83988841154;;;;
82991271374;;;;
86999914249;;;;
75981087045;;;;
82993252864;;;;
85991743816;;;;
77999018227;;;;
81988052305;;;;
75999444154;;;;
84996075451;;;;
84996269733;;;;
98987401411;;;;
83998226138;;;;
87996070070;;;;
75991654615;;;;
85996123344;;;;
82991011493;;;;
85999962973;;;;
87988167865;;;;
83998168771;;;;
88981353500;;;;
73988334550;;;;
85989320088;;;;
85988407712;;;;
82999155297;;;;
81998729083;;;;
75982958734;;;;
88992177501;;;;
88996633769;;;;
86999183436;;;;
86999183436;;;;
81996461400;;;;
71987568532;;;;
71992108860;;;;
84987700920;;;;
75988593966;;;;
79999358546;;;;
83988957976;;;;
81981888867;;;;
81993350156;;;;
81999737057;;;;
71988993575;;;;
77999349697;;;;
85999631635;;;;
87988295899;;;;
73999512335;;;;
86988149101;;;;
74999188129;;;;
89999886984;;;;
75991993453;;;;
74991231027;;;;
83986930000;;;;
87999318199;;;;
88992442327;;;;
81999715368;;;;
85989585178;;;;
84981343404;;;;
87996282758;;;;
81994516734;;;;
81992835273;;;;
75981489434;;;;
88999591584;;;;
88999591584;;;;
84999041653;;;;
81991278886;;;;
85998322004;;;;
85998322004;;;;
85998322004;;;;
85998322004;;;;
79988731525;;;;
75988103529;;;;
89994637366;;;;
89999086077;;;;
89999086077;;;;
79991732316;;;;
85988750050;;;;
75991929674;;;;
75991929674;;;;
75988038796;;;;
81985339595;;;;
82999150014;;;;
74991012532;;;;
74991012532;;;;
81911111111;;;;
71999998071;;;;
77991654343;;;;
77991654343;;;;
77991542786;;;;
86998495887;;;;
73999851875;;;;
85997901818;;;;
85999559012;;;;
79998684889;;;;
85988581000;;;;
86999463109;;;;
86999463109;;;;
77991424243;;;;
77991424243;;;;
73998652225;;;;
83998448260;;;;
83998448260;;;;
83988566763;;;;
83988566763;;;;
71987301226;;;;
71987301226;;;;
77981161101;;;;
77981161101;;;;
85999457528;;;;
85999457528;;;;
71996097956;;;;
71996097956;;;;
71996097956;;;;
79996570872;;;;
81997507942;;;;
83999855067;;;;
81987489377;;;;
81987489377;;;;
81997972325;;;;
75983307036;;;;
75983307036;;;;
71987969144;;;;
75981929798;;;;
75981929798;;;;
83988984664;;;;
83988984664;;;;
84988248166;;;;
84998920088;;;;
84998920088;;;;
84998920088;;;;
82999716648;;;;
85995073197;;;;
79999782579;;;;
83996827881;;;;
16981533793;;;;
16981533793;;;;
82996035542;;;;
82996035542;;;;
82996035542;;;;
82996035542;;;;
22998223361;;;;
22998223361;;;;
22998223361;;;;
87999199305;;;;
87999199305;;;;
88999342664;;;;
83998529201;;;;
81985167180;;;;
85997234023;;;;
75998830380;;;;
81979130666;;;;
81979130666;;;;
82988944163;;;;
79999069355;;;;
81995040405;;;;
77981280000;;;;
77981280000;;;;
81999557988;;;;
89994029154;;;;
89999931518;;;;
81999157024;;;;
86994686120;;;;
86994686120;;;;
81999311717;;;;
75991998330;;;;
85991282000;;;;
21971615848;;;;
21971615848;;;;
61981593338;;;;
61981593338;;;;
81999033534;;;;
77998183913;;;;
85997110404;;;;
85997110404;;;;
71992307865;;;;
71991516999;;;;
74999895046;;;;
24999671747;;;;
24999671747;;;;
81999686668;;;;
21983160470;;;;
21983160470;;;;
71997077520;;;;
71997077520;;;;
73998539963;;;;
85986558914;;;;
85988877083;;;;
85988877083;;;;
88996275590;;;;
88996275590;;;;
85981206362;;;;
85999827191;;;;
85981812994;;;;
85981812994;;;;
83987414577;;;;
85997847424;;;;
71999378828;;;;
83999084040;;;;
84999482972;;;;
84999482972;;;;
77999064837;;;;
73998673802;;;;
86981173555;;;;
8999800899;;;;
77999676529;;;;
73999487862;;;;
73999487862;;;;
71983842341;;;;
71988134543;;;;
88997059988;;;;
87996204445;;;;
71996602627;;;;
71996602627;;;;
71996602627;;;;
81984940146;;;;
81984940146;;;;
81997903125;;;;
85988222203;;;;
83988873262;;;;
82993121257;;;;
86999391341;;;;
86999836791;;;;
82996099656;;;;
85991189180;;;;
71997243583;;;;
85996155829;;;;
71988809932;;;;
71988809932;;;;
71997081554;;;;
71991181666;;;;
86999711416;;;;
86999711416;;;;
81986846440;;;;
81986846440;;;;
81988367495;;;;
79996392484;;;;
75991671703;;;;
86988271709;;;;
86988271709;;;;
86988271709;;;;
911111111;;;;
911111111;;;;
911111111;;;;
911111111;;;;
911111111;;;;
83996672222;;;;
85985732027;;;;
85991602428;;;;
85991602428;;;;
81999999999;;;;
81998999440;;;;
71991986656;;;;
81991871007;;;;
81991871007;;;;
85981139550;;;;
73998604231;;;;
99992058820;;;;
88999348806;;;;
41996869828;;;;
79988120992;;;;
87988577052;;;;
79999361428;;;;
86998280474;;;;
83999212696;;;;
83999212696;;;;
81998755846;;;;
81998755846;;;;
83996073830;;;;
83996073830;;;;
83996073830;;;;
81999502298;;;;
71984419194;;;;
81997326519;;;;
71988841030;;;;
71998202456;;;;
81996425657;;;;
79999855409;;;;
83987777772;;;;
81992990874;;;;
77991528503;;;;
74999554423;;;;
77981451505;;;;
79998561219;;;;
75986885371;;;;
85998235959;;;;
85998235959;;;;
71981931207;;;;
88992529150;;;;
86999144574;;;;
81982772221;;;;
81982772221;;;;
88993725569;;;;
75991962396;;;;
81992125989;;;;
81989640618;;;;
77999682539;;;;
77999682539;;;;
85988718700;;;;
83998929866;;;;
81997758899;;;;
84991130272;;;;
83991430822;;;;
85988888888;;;;
85988888888;;;;
71988808768;;;;
71983598319;;;;
85997733961;;;;
81985122213;;;;
81985122213;;;;
83987310900;;;;
87988422340;;;;
87988422340;;;;
71993994383;;;;
81994309969;;;;
87999499236;;;;
81992681038;;;;
85999065983;;;;
85999065983;;;;
85999254191;;;;
85989076889;;;;
81984813880;;;;
71992854926;;;;
71992854926;;;;
71992854926;;;;
71992854926;;;;
75992068118;;;;
87996036698;;;;
77999756905;;;;
81987068659;;;;
81982621365;;;;
77981068570;;;;
73991713035;;;;
73991713035;;;;
88998143899;;;;
85987788170;;;;
71993771292;;;;
73988952657;;;;
83991715481;;;;
77991266702;;;;
77991266702;;;;
71999768042;;;;
81991013420;;;;
81991013420;;;;
83998645631;;;;
83998645631;;;;
83998645631;;;;
85985616782;;;;
88999999999;;;;
82993322323;;;;
27998113052;;;;
86999482924;;;;
86999482924;;;;
86999482924;;;;
86999482924;;;;
79999781609;;;;
83987306974;;;;
84999300080;;;;
84999300080;;;;
83999716594;;;;
88996089818;;;;
81988837082;;;;
75992910959;;;;
73991347351;;;;
73991347351;;;;
71999137668;;;;
17981769556;;;;
84996440046;;;;
85984420248;;;;
77991182020;;;;
75991556771;;;;
79999321312;;;;
79999321312;;;;
8592723555;;;;
8592723555;;;;
8592723555;;;;
88998110624;;;;
88998110624;;;;
84991122888;;;;
84991122888;;;;
7193082547;;;;
7193082547;;;;
8292731872;;;;
84996835395;;;;
83996908506;;;;
88997107315;;;;
85997288476;;;;
81996515086;;;;
71997365638;;;;
88996825689;;;;
71991978484;;;;
71991978484;;;;
84991099868;;;;
79999769911;;;;
79999769911;;;;
81988777871;;;;
87999651030;;;;
83988991047;;;;
83988991047;;;;
88981295790;;;;
71999639006;;;;
83986101718;;;;
88988747833;;;;
85991255087;;;;
83988521352;;;;
83988521352;;;;
41998130414;;;;
41998130414;;;;
8592672560;;;;
8592672560;;;;
77981020114;;;;
77981020114;;;;
84999706666;;;;
85991463574;;;;
7193406486;;;;
84999721515;;;;
81991024858;;;;
71999716399;;;;
71991584465;;;;
83998069714;;;;
81999566133;;;;
82988285275;;;;
85996442526;;;;
84987372221;;;;
71999014288;;;;
8292711139;;;;
8592581500;;;;
7994310398;;;;
81995303284;;;;
71988147073;;;;
8493216500;;;;
7392902144;;;;
7193227262;;;;
8493163699;;;;
7192551215;;;;
8592522283;;;;
83991244992;;;;
7392902206;;;;
88981049187;;;;
8493216500;;;;
83991337282;;;;
84999845556;;;;
81999749600;;;;
75981146690;;;;
71991585026;;;;
88999621547;;;;
73991379878;;;;
83988379813;;;;
71999833371;;;;
85988870157;;;;
77991352871;;;;
88996290909;;;;
73998168080;;;;
87988065413;;;;
79996851312;;;;
84999465106;;;;
81988874175;;;;
75992196550;;;;
84999226615;;;;
81991080170;;;;
81986304472;;;;
86994581140;;;;
88999629122;;;;
79999330016;;;;
73991185324;;;;
71999047929;;;;
81988362600;;;;
74991415867;;;;
84999624142;;;;
85988000856;;;;
83988044502;;;;
83996355075;;;;
85996000088;;;;
84999990187;;;;
79999770212;;;;
88988492322;;;;
88988492322;;;;
79999531663;;;;
82987241946;;;;
77999545095;;;;
77999621444;;;;
89999820847;;;;
79998089400;;;;
83999991814;;;;
88992229694;;;;
84999807754;;;;
77991191960;;;;
85988303007;;;;
77999781687;;;;
85985051100;;;;
71999098320;;;;
77999772106;;;;
75998122543;;;;
79988024730;;;;
75981519640;;;;
75999461986;;;;
83987361062;;;;
84996152009;;;;
84999643763;;;;
83987187888;;;;
71982087545;;;;
75988903112;;;;
86999029669;;;;
83999719641;;;;
71988607000;;;;
71991035600;;;;
83999560578;;;;
83993429830;;;;
32999901352;;;;
86994799911;;;;
79999653550;;;;
73998193072;;;;
83987730425;;;;
73999857729;;;;
71986835040;;;;
71996356611;;;;
81988445544;;;;
71992363114;;;;
84988150544;;;;
77988583631;;;;
71992282286;;;;
88993387478;;;;
73981702916;;;;
81987542181;;;;
83999788928;;;;
87999627071;;;;
71996644008;;;;
85997913785;;;;
75997104961;;;;
82996141516;;;;
85997551012;;;;
75992022515;;;;
73999740753;;;;
83996592200;;;;
79999433335;;;;
85988713974;;;;
86998477836;;;;
85991007557;;;;
81999507016;;;;
71997413432;;;;
82993398497;;;;
79998165551;;;;
84999223974;;;;
84999729616;;;;
71982460606;;;;
85991875750;;;;
79991436000;;;;
86998027373;;;;
82999917474;;;;
71991984621;;;;
85997360223;;;;
83999146611;;;;
77998430606;;;;
73981999860;;;;
79988388681;;;;
85988402112;;;;
85991632046;;;;
75999565662;;;;
75992129224;;;;
81998930060;;;;
77998621137;;;;
86988331098;;;;
81996320362;;;;
83986544050;;;;
77998239905;;;;
89999001183;;;;
84991432027;;;;
77999971001;;;;
75992716893;;;;
85999826460;;;;
75999112302;;;;
77999061325;;;;
71991914270;;;;
82991125012;;;;
81989984621;;;;
85981183636;;;;
71981492888;;;;
88997400098;;;;
79991446963;;;;
77988298535;;;;
75982418179;;;;
83988038991;;;;
85988141175;;;;
81996151044;;;;
71993320528;;;;
77999844794;;;;
71987016024;;;;
77999897474;;;;
82988219468;;;;
71999721228;;;;
82996012404;;;;
83981922598;;;;
77988484800;;;;
77999713241;;;;
74991293666;;;;
81996099097;;;;
81911111111;;;;
85999762174;;;;
61992915986;;;;
86981116232;;;;
73998227364;;;;
77998562526;;;;
81982770333;;;;
71988338721;;;;
81999229394;;;;
73988851667;;;;
84981825350;;;;
71999617377;;;;
81999987733;;;;
85981401182;;;;
73988483288;;;;
81992193987;;;;
86999811504;;;;
79998181167;;;;
81981316115;;;;
84994512000;;;;
77999793544;;;;
85984852597;;;;
73999523114;;;;
75998170302;;;;
11971383406;;;;
85991186787;;;;
82999003711;;;;
82991171679;;;;
81986435632;;;;
81988152642;;;;
74999747300;;;;
85998739487;;;;
83988879800;;;;
71988713706;;;;
71987157476;;;;
79996790265;;;;
77999372179;;;;
71988701284;;;;
71982441433;;;;
89994358260;;;;
89981217267;;;;
71991936006;;;;
71988992407;;;;
85981996382;;;;
77981170119;;;;
75991135636;;;;
82999973521;;;;
77998062001;;;;
77999539140;;;;
83991779222;;;;
81988840221;;;;
84991336358;;;;
79998835672;;;;
81986471540;;;;
89994303021;;;;
71992780148;;;;
85991466173;;;;
88999844050;;;;
84987228895;;;;
87996334433;;;;
88997829616;;;;
75998166985;;;;
83996077000;;;;
81997506161;;;;
71999157689;;;;
83991589182;;;;
81992307781;;;;
81988113419;;;;
86994368261;;;;
84991869979;;;;
84999727502;;;;
88996743407;;;;
88997411774;;;;
75999289393;;;;
81988171692;;;;
82991130599;;;;
85996465700;;;;
84994452015;;;;
74988358872;;;;
86999320421;;;;
82987124616;;;;
81988008264;;;;
86998152943;;;;
84999972605;;;;
82996011746;;;;
84996282900;;;;
85987808526;;;;
81992684373;;;;
84998959077;;;;
79999985013;;;;
75999532032;;;;
75991912364;;;;
75991912364;;;;
86999875847;;;;
86988611202;;;;
79999815082;;;;
81996581999;;;;
82999420136;;;;
79999614303;;;;
74988391943;;;;
81981374485;;;;
86999290454;;;;
83988686007;;;;
84994110214;;;;
81996119797;;;;
85999273794;;;;
83999263906;;;;
86994938027;;;;
85986967034;;;;
83991081201;;;;
82999603756;;;;
82999838138;;;;
79996604143;;;;
83988447236;;;;
85998111155;;;;
77999580628;;;;
85991854328;;;;
82999920398;;;;
75981766362;;;;
81988821180;;;;
79999184529;;;;
85989230761;;;;
71999661127;;;;
82987595424;;;;
81992460221;;;;
79999868056;;;;
81999999999;;;;
74988073209;;;;
82991771716;;;;
79988325615;;;;
81981480303;;;;
85996013376;;;;
82995993780;;;;
85981223210;;;;
73999784000;;;;
79988241260;;;;
89999002127;;;;
85988359420;;;;
75999653300;;;;
79999868056;;;;
71991779740;;;;
84996412541;;;;
79991177418;;;;
86999811504;;;;
75991814308;;;;
85987053195;;;;
83998147514;;;;
84988493982;;;;
85987584925;;;;
83988420500;;;;
64999838294;;;;
31996145066;;;;
92991420060;;;;
88996286336;;;;
84998010304;;;;
83999072142;;;;
11984451184;;;;
82999301000;;;;
85987669189;;;;
85999223355;;;;
87999720062;;;;
11988919724;;;;
83999815515;;;;
83993785841;;;;
85988880000;;;;
81988771903;;;;
81988771903;;;;
85996101945;;;;
85996101945;;;;
73991422303;;;;
83987438432;;;;
86999860768;;;;
77998159272;;;;
84988834464;;;;
75999953584;;;;
81998354491;;;;
71987613658;;;;
71987613658;;;;
71987613658;;;;
87996768702;;;;
75988033347;;;;
84999067259;;;;
81992687111;;;;
81997964040;;;;
82988234175;;;;
82988234175;;;;
83999768822;;;;
83999768822;;;;
77999930139;;;;
75981632508;;;;
85988995991;;;;
81981132244;;;;
79998630072;;;;
79998630072;;;;
86981197972;;;;
85988648716;;;;
77999117811;;;;
77999117811;;;;
87991085688;;;;
87991085688;;;;
85999708353;;;;
79998282998;;;;
77998073844;;;;
86994097256;;;;
71999179929;;;;
83988777376;;;;
83988777376;;;;
83998474220;;;;
77999788229;;;;
83993611914;;;;
71997100477;;;;
73981738813;;;;
86988197540;;;;
86988197540;;;;
86988197540;;;;
85997284818;;;;
83987899301;;;;
82996348267;;;;
86994770712;;;;
81997959739;;;;
81997959739;;;;
81997959739;;;;
88988480555;;;;
81996655739;;;;
71993459397;;;;
75991900975;;;;
75991919773;;;;
81998363481;;;;
81996106796;;;;
71992371201;;;;
71988156873;;;;
75999180912;;;;
79999782278;;;;
79981357860;;;;
77981372262;;;;
73982508371;;;;
77981263094;;;;
77981263094;;;;
81987712117;;;;
81987712117;;;;
84999916169;;;;
84999916169;;;;
84999916169;;;;
84999916169;;;;
73982080382;;;;
73982080382;;;;
84988208386;;;;
75991817727;;;;
77997025812;;;;
85992687471;;;;
85992687471;;;;
81989999999;;;;
81999972505;;;;
81999972505;;;;
83999772216;;;;
83999772216;;;;
83999772216;;;;
75992068118;;;;
89981225192;;;;
85991413450;;;;
79998964646;;;;
79998964646;;;;
75999488059;;;;
71992229059;;;;
88981329429;;;;
71999798511;;;;
83987044750;;;;
85998140981;;;;
75982057594;;;;
81981276310;;;;
86981680433;;;;
81991543079;;;;
75988513330;;;;
62998511717;;;;
75983713555;;;;
75983713555;;;;
75983713555;;;;
75983713555;;;;
87999320522;;;;
87999320522;;;;
75992926124;;;;
79998062064;;;;
71987413133;;;;
83987539761;;;;
85999957307;;;;
85999957307;;;;
85999957307;;;;
41995050304;;;;
74999745281;;;;
73981294717;;;;
85998534401;;;;
81999723111;;;;
77999990015;;;;
77999990015;;;;
81999219850;;;;
81973442803;;;;
74999592715;;;;
81984216779;;;;
89994261028;;;;
89994261028;;;;
85987384645;;;;
77999581132;;;;
81997502819;;;;
83982341414;;;;
83982341414;;;;
73982486821;;;;
73982486821;;;;
85987638219;;;;
85989424688;;;;
85989424688;;;;
71996186680;;;;
71996186680;;;;
85996321925;;;;
88994012592;;;;
85999700061;;;;
85998287171;;;;
81986861081;;;;
41997880145;;;;
82991971326;;;;
71992746719;;;;
71992746719;;;;
81992979796;;;;
81986710803;;;;
81999089081;;;;
81999089081;;;;
83988289872;;;;
83988289872;;;;
83988289872;;;;
83988289872;;;;
75999871311;;;;
75999871311;;;;
75999871311;;;;
81991414464;;;;
82994100950;;;;
82994100950;;;;
82994100950;;;;
82999999999;;;;
75991011616;;;;
21983285399;;;;
84981078585;;;;
74999202242;;;;
86998676922;;;;
84988533130;;;;
85985758771;;;;
85985758771;;;;
77999675544;;;;
87999208887;;;;
87999208887;;;;
86981510228;;;;
41999788014;;;;
74999665994;;;;
74999665994;;;;
85988715483;;;;
85981749015;;;;
85998717305;;;;
75999129299;;;;
67992294897;;;;
67992294897;;;;
71999771973;;;;
71999819019;;;;
71999819019;;;;
85981818181;;;;
71991296274;;;;
79998597618;;;;
84998184155;;;;
83988049591;;;;
83988049591;;;;
75991552698;;;;
75991552698;;;;
86995430909;;;;
83996369757;;;;
81991875951;;;;
77988676363;;;;
85999848624;;;;
85999848624;;;;
81997670579;;;;
81997670579;;;;
83996574841;;;;
85991172063;;;;
74999432205;;;;
84987430982;;;;
79999323570;;;;
79998989900;;;;
71997134822;;;;
62982593951;;;;
75999429121;;;;
85994443273;;;;
11999999999;;;;
11999999999;;;;
83999469984;;;;
83999469984;;;;
83999469984;;;;
83999469984;;;;
85996093046;;;;
88992076702;;;;
91998039888;;;;
91998039888;;;;
81987893901;;;;
79996786353;;;;
89994714253;;;;
86995708558;;;;
75981975668;;;;
75981975668;;;;
75981975668;;;;
77998415822;;;;
77998415822;;;;
71981536246;;;;
71981536246;;;;
71981536246;;;;
71981536246;;;;
85992305155;;;;
81999775408;;;;
81999775408;;;;
73999241948;;;;
79999307983;;;;
79999307983;;;;
86998182929;;;;
84981804076;;;;
88988799059;;;;
81996656589;;;;
84996437123;;;;
85987313937;;;;
79998967236;;;;
86998178222;;;;
75992379045;;;;
74999802483;;;;
81987539553;;;;
88999999999;;;;
82999740076;;;;
82999740076;;;;
81999999999;;;;
85991922643;;;;
8592239211;;;;
8592239211;;;;
7396751255;;;;
7396751255;;;;
7794246577;;;;
7794246577;;;;
85989471073;;;;
84991223557;;;;
81991733141;;;;
81991733141;;;;
82982219164;;;;
88996417331;;;;
81992899875;;;;
81992899875;;;;
88999886824;;;;
84996152958;;;;
77999711194;;;;
77999711194;;;;
81997507466;;;;
74988069929;;;;
73991690689;;;;
86999933887;;;;
8590;;;;
77999101868;;;;
77999101868;;;;
86988157733;;;;
86988157733;;;;
81999919533;;;;
81999919533;;;;
85996079781;;;;
74988149667;;;;
85999812256;;;;
85999812256;;;;
83993428059;;;;
83993428059;;;;
84996452200;;;;
82996989494;;;;
8393444216;;;;
8393444216;;;;
81998171467;;;;
8692761499;;;;
8692761499;;;;
8198616503;;;;
8198616503;;;;
75993002448;;;;
71992144709;;;;
83988750752;;;;
7392301980;;;;
77999083658;;;;
85996818100;;;;
85996818100;;;;
81987330600;;;;
8592922222;;;;
88993564032;;;;
84999112021;;;;
71988008637;;;;
8592259619;;;;
84987263702;;;;
77999941060;;;;
81999340293;;;;
8692331858;;;;
71991347751;;;;
88997275562;;;;
89994272040;;;;
7395263859;;;;
81987943398;;;;
75999890152;;;;
85981984650;;;;
8198731176;;;;
87998110303;;;;
8295221853;;;;
74988733468;;;;
8493161041;;;;
88997236463;;;;
71988718402;;;;
86999733362;;;;
87988299388;;;;
86994592203;;;;
81985406242;;;;
85987315938;;;;
71992030689;;;;
71992929523;;;;
81999718299;;;;
71996177516;;;;
85988026181;;;;
82999380681;;;;
85999813760;;;;
88999470002;;;;
82982144961;;;;
84994310751;;;;
81998500000;;;;
73981702921;;;;
75999153120;;;;
81982990001;;;;
82996270019;;;;
83993429830;;;;
74981411377;;;;
79991994334;;;;
71999773023;;;;
85985363655;;;;
83996851550;;;;
75991293425;;;;
8592532888;;;;
85996570597;;;;
82991192339;;;;
82988339388;;;;
71988981995;;;;
71996503635;;;;
81996343819;;;;
61998819159;;;;
73999673434;;;;
84998470045;;;;
82999249644;;;;
79991124000;;;;
79998084646;;;;
75983698525;;;;
82988841801;;;;
83988219047;;;;
75988387670;;;;
81995932594;;;;
84988481140;;;;
79999960527;;;;
81988079664;;;;
86999587158;;;;
85988383740;;;;
88998356981;;;;
74999973950;;;;
84999260075;;;;
83987373838;;;;
81997049096;;;;
85998231022;;;;
88996935554;;;;
87991561655;;;;
88996912791;;;;
73988851114;;;;
87985976450;;;;
88997108522;;;;
81999895800;;;;
71982129188;;;;
84988343945;;;;
74991918003;;;;
77998344813;;;;
82987181231;;;;
73981292332;;;;
81996597551;;;;
83996410484;;;;
71991788510;;;;
75999274929;;;;
84999199404;;;;
87981049491;;;;
87998098451;;;;
75999707193;;;;
71992059140;;;;
88996748136;;;;
88996452216;;;;
85988993261;;;;
86994256185;;;;
73988264155;;;;
83988014030;;;;
81992597453;;;;
83999331897;;;;
71996090116;;;;
83991485793;;;;
83988390675;;;;
71987657281;;;;
79999309495;;;;
83998470065;;;;
79999889066;;;;
79999788682;;;;
86995146536;;;;
83981683639;;;;
73999905470;;;;
89999782405;;;;
77991008111;;;;
81999742588;;;;
79998517527;;;;
74999615228;;;;
81999978170;;;;
81987616208;;;;
85996137571;;;;
85996760030;;;;
81992991442;;;;
83996916865;;;;
85992398779;;;;
71988148848;;;;
86995022228;;;;
71988027720;;;;
88996781409;;;;
88981142007;;;;
84999247044;;;;
71991999555;;;;
86995103835;;;;
86988473730;;;;
79991349345;;;;
83988934876;;;;
73998437070;;;;
61985016102;;;;
85996384240;;;;
71999482512;;;;
81999806027;;;;
81989592116;;;;
87999378778;;;;
71996208100;;;;
82997004748;;;;
71988399913;;;;
87988231552;;;;
85992892244;;;;
75998120101;;;;
77988052972;;;;
31986563842;;;;
71991224543;;;;
71991244953;;;;
82991720454;;;;
81991398848;;;;
88994402060;;;;
73999991123;;;;
81998981001;;;;
74991271765;;;;
86999999999;;;;
84994693258;;;;
84998185537;;;;
81996549699;;;;
81998235353;;;;
71993256209;;;;
19981479999;;;;
81981950682;;;;
41996869828;;;;
11992030678;;;;
77991993212;;;;
81982965850;;;;
79999666552;;;;
84994834337;;;;
71991539853;;;;
75999169239;;;;
85999195060;;;;
75983380883;;;;
71988910289;;;;
84998882959;;;;
75991519943;;;;
85999985697;;;;
84991916810;;;;
85987939288;;;;
73999969523;;;;
81997826787;;;;
79999691200;;;;
82999896565;;;;
82988106393;;;;
71987198259;;;;
82999842149;;;;
85985882686;;;;
81993555610;;;;
74991616618;;;;
71996647074;;;;
75991335987;;;;
71996142537;;;;
84988069267;;;;
74991894326;;;;
88993575727;;;;
81996152574;;;;
84999821872;;;;
89981110441;;;;
73999750136;;;;
85999274466;;;;
75981465874;;;;
85997068558;;;;
86999050639;;;;
82988666784;;;;
79998637856;;;;
77999621472;;;;
71996469817;;;;
81998096648;;;;
77999515033;;;;
84988656839;;;;
82991708238;;;;
86999961413;;;;
71985170259;;;;
85982252627;;;;
84999821336;;;;
82996966276;;;;
79998674163;;;;
81988131093;;;;
85997855897;;;;
85992391788;;;;
85992597635;;;;
73981234716;;;;
85982102507;;;;
81999613138;;;;
75991596040;;;;
88999805477;;;;
82991252550;;;;
85991318957;;;;
87988445452;;;;
84999553616;;;;
85982181752;;;;
86999992295;;;;
83986207681;;;;
83999982099;;;;
75988392380;;;;
84999847666;;;;
79999894677;;;;
85987572879;;;;
81996072537;;;;
81997698888;;;;
85991087080;;;;
83998749540;;;;
74999836425;;;;
85997621114;;;;
82999103087;;;;
71996646002;;;;
82999622929;;;;
11982887802;;;;
85989287835;;;;
85991306262;;;;
71991901409;;;;
71981147373;;;;
71997405854;;;;
85986333344;;;;
86981062135;;;;
83981069390;;;;
81994156966;;;;
71982250471;;;;
81998207120;;;;
86994051105;;;;
81981913636;;;;
81983326627;;;;
73982118399;;;;
83996001372;;;;
71992429698;;;;
83996558912;;;;
83988869226;;;;
77991367800;;;;
85999462000;;;;
71999625882;;;;
85999139980;;;;
83996472698;;;;
61998402099;;;;
79998630961;;;;
79999442617;;;;
85999043513;;;;
83988981016;;;;
83996877589;;;;
82999999999;;;;
83987378057;;;;
55996880985;;;;
79999954760;;;;
82981820000;;;;
71981436420;;;;
71992169919;;;;
71992169919;;;;
81992938507;;;;
81992938507;;;;
62996008842;;;;
62996008842;;;;
87988477496;;;;
81993744932;;;;
88981118384;;;;
81997574117;;;;
81997574117;;;;
31983052453;;;;
85997482715;;;;
85997482715;;;;
83988852857;;;;
83988852857;;;;
87999714500;;;;
71987239513;;;;
81988432913;;;;
88992274337;;;;
88992274337;;;;
16999601068;;;;
71982225470;;;;
71982225470;;;;
71982225470;;;;
84988741893;;;;
85987779999;;;;
82991758563;;;;
75982995511;;;;
71987264731;;;;
81998316832;;;;
81988308886;;;;
83999680909;;;;
77999625993;;;;
77999625993;;;;
77999625993;;;;
77999625993;;;;
77999625993;;;;
77999625993;;;;
81991179065;;;;
81991179065;;;;
71991084400;;;;
71991084400;;;;
73991776581;;;;
75982695338;;;;
88994943344;;;;
88994943344;;;;
88994943344;;;;
81986398555;;;;
81979038542;;;;
81999552928;;;;
71981879574;;;;
85999965111;;;;
71991420291;;;;
85991284641;;;;
71987991789;;;;
81982529726;;;;
88999700033;;;;
88999700033;;;;
79998206949;;;;
83997888153;;;;
85981067100;;;;
71991945253;;;;
71991945253;;;;
84986313411;;;;
81999151641;;;;
85996298863;;;;
85996298863;;;;
86999942623;;;;
86999942623;;;;
81998319572;;;;
31988137208;;;;
81996941011;;;;
86999999033;;;;
74999007813;;;;
81998115948;;;;
11960149697;;;;
75992520705;;;;
83981881885;;;;
81997812359;;;;
77991742307;;;;
85996458764;;;;
75982790700;;;;
84996122541;;;;
81992998696;;;;
81992998696;;;;
79991357470;;;;
81992307871;;;;
82996190084;;;;
82996190084;;;;
75999628176;;;;
81999945005;;;;
77991144075;;;;
83994155454;;;;
75981400570;;;;
75981400570;;;;
75981400570;;;;
71999960320;;;;
81999647649;;;;
81999647649;;;;
83988732622;;;;
83999712470;;;;
85996616263;;;;
85981676779;;;;
82996386973;;;;
82996386973;;;;
86994157790;;;;
85997734843;;;;
81999620058;;;;
81996820616;;;;
82988865967;;;;
82988865967;;;;
82998369336;;;;
86998174064;;;;
85987483809;;;;
84999508888;;;;
84999508888;;;;
86981118032;;;;
41996869828;;;;
71988064145;;;;
71988064145;;;;
71988064145;;;;
71988064145;;;;
85991535086;;;;
71993793080;;;;
79996640405;;;;
88996380303;;;;
73981298677;;;;
84981237178;;;;
75999816579;;;;
75992662098;;;;
11976393611;;;;
83994102417;;;;
71991044405;;;;
84999123150;;;;
74998042013;;;;
75991672615;;;;
75991672615;;;;
81999973779;;;;
85999977540;;;;
84991046599;;;;
79998107750;;;;
71991385995;;;;
85991334045;;;;
73981260551;;;;
82999303670;;;;
82999303670;;;;
82999146264;;;;
85988998866;;;;
85988998866;;;;
85988998866;;;;
83988313386;;;;
71987584613;;;;
74991950661;;;;
86994097256;;;;
82982002503;;;;
81998800749;;;;
83996681016;;;;
83996681016;;;;
85999166494;;;;
81999990274;;;;
81993505306;;;;
79996035755;;;;
85999225859;;;;
74988277145;;;;
85988120542;;;;
85988120542;;;;
71985002907;;;;
71999562506;;;;
71999562506;;;;
83999824422;;;;
83999824422;;;;
89999999999;;;;
82981565456;;;;
85988650762;;;;
11960388080;;;;
77981213640;;;;
77981213640;;;;
81999999999;;;;
82999633251;;;;
87988281966;;;;
88996272609;;;;
74999666272;;;;
71988619734;;;;
79998779836;;;;
85982320077;;;;
84988950011;;;;
65996655498;;;;
88998304959;;;;
84996620318;;;;
84996620318;;;;
73999751234;;;;
73999751234;;;;
81995263459;;;;
81995263459;;;;
81993117770;;;;
74991114643;;;;
79999793922;;;;
79999793922;;;;
85996265256;;;;
71996373636;;;;
85912345678;;;;
85912345678;;;;
81988521624;;;;
84988210268;;;;
82996871912;;;;
82996871912;;;;
82996871912;;;;
82996871912;;;;
82996871912;;;;
85997338097;;;;
77998105215;;;;
81996989558;;;;
79999750105;;;;
73998397150;;;;
81985768410;;;;
83999498017;;;;
85997122758;;;;
85997122758;;;;
71981481555;;;;
71981481555;;;;
81999481764;;;;
71992066416;;;;
71981995755;;;;
82991636575;;;;
85992029144;;;;
75998679104;;;;
88997420838;;;;
84996417027;;;;
84996417027;;;;
38999263461;;;;
81981512535;;;;
85991182457;;;;
81991043312;;;;
99999999999;;;;
73981040733;;;;
84996278057;;;;
79991440141;;;;
75983537162;;;;
11994101400;;;;
81988878650;;;;
81988878650;;;;
85996236103;;;;
75992644092;;;;
75992644092;;;;
75991668591;;;;
77999898307;;;;
85988654496;;;;
85991881332;;;;
84988690683;;;;
71992138529;;;;
71992138529;;;;
87996644700;;;;
71988415553;;;;
77988084410;;;;
86981167070;;;;
86981167070;;;;
85988976719;;;;
41999788014;;;;
82993888691;;;;
71988437481;;;;
85999999999;;;;
85997415958;;;;
85997415958;;;;
85997415958;;;;
84998438756;;;;
84998438756;;;;
71999809015;;;;
81996569432;;;;
71999012271;;;;
71999012271;;;;
71999012271;;;;
87991020057;;;;
87991020057;;;;
86988151533;;;;
63991262547;;;;
73981687565;;;;
75999081116;;;;
79998312434;;;;
87996707527;;;;
83982095039;;;;
83982095039;;;;
71999790001;;;;
71999790001;;;;
86995074648;;;;
86995074648;;;;
8496533332;;;;
8496533332;;;;
73998719471;;;;
77988589879;;;;
77988589879;;;;
83987689217;;;;
83987689217;;;;
82988666595;;;;
81998499061;;;;
81988078160;;;;
82993817100;;;;
71991126190;;;;
71991126190;;;;
81999999999;;;;
8392431565;;;;
8392431565;;;;
81996938025;;;;
81988753407;;;;
73981443333;;;;
7993491234;;;;
7993491234;;;;
7993491234;;;;
81997112860;;;;
7196221570;;;;
8699890011;;;;
71981916493;;;;
82991326401;;;;
71991386670;;;;
75998168773;;;;
85985522001;;;;
7796951248;;;;
7392812580;;;;
8293361227;;;;
7193264599;;;;
81999371537;;;;
73991478455;;;;
7193130802;;;;
7592213043;;;;
8194215289;;;;
86999715731;;;;
85987919696;;;;
83996000211;;;;
73988987039;;;;
71999747816;;;;
8196260417;;;;
83999713474;;;;
74988248771;;;;
83988950205;;;;
8193721801;;;;
11970811776;;;;
85988939384;;;;
75992037451;;;;
75982801705;;;;
81999735481;;;;
79998222955;;;;
71981763005;;;;
79999857044;;;;
79999614596;;;;
77999728000;;;;
71991952529;;;;
75981448484;;;;
77999917950;;;;
71994030312;;;;
73999565188;;;;
71991091243;;;;
88999642985;;;;
79999699555;;;;
88999556000;;;;
83999803775;;;;
85986364150;;;;
85999399555;;;;
85999875201;;;;
81992850793;;;;
83999256310;;;;
83999017799;;;;
84999889136;;;;
86995144730;;;;
71991521188;;;;
75991979354;;;;
85986582536;;;;
74999555212;;;;
75981576769;;;;
84999022233;;;;
84988433609;;;;
81997093477;;;;
85996420800;;;;
85986989697;;;;
85997166636;;;;
71996188047;;;;
81999527597;;;;
83991396551;;;;
85986145222;;;;
83988993076;;;;
88996452229;;;;
71999928666;;;;
83988735743;;;;
11999767120;;;;
81996014543;;;;
89999687010;;;;
77991363299;;;;
71988522301;;;;
81989522222;;;;
85986782524;;;;
84988850054;;;;
84981184008;;;;
88988888888;;;;
79981232332;;;;
88996136376;;;;
83999930556;;;;
87996349131;;;;
82999461283;;;;
75999668999;;;;
81995596050;;;;
83999467694;;;;
75988662103;;;;
71991840206;;;;
84987265282;;;;
77998201220;;;;
83991958210;;;;
89999261580;;;;
79998757578;;;;
75999611800;;;;
71999423394;;;;
83991390857;;;;
85986518990;;;;
87999010731;;;;
71996024211;;;;
81997394313;;;;
81987896251;;;;
81999617141;;;;
73991989009;;;;
79999459841;;;;
84992070227;;;;
85992521394;;;;
84996590461;;;;
79996426961;;;;
81988727247;;;;
71999279402;;;;
77992136166;;;;
89999774226;;;;
81994038139;;;;
81988330049;;;;
79999003900;;;;
85987591513;;;;
71996710101;;;;
88988147000;;;;
79999224545;;;;
81996093151;;;;
85999288613;;;;
84988010307;;;;
73999206318;;;;
83988851477;;;;
81996977489;;;;
77988435481;;;;
83998831900;;;;
85996643951;;;;
86994125287;;;;
84996650054;;;;
71991961785;;;;
86999972950;;;;
71991832830;;;;
71999672540;;;;
81988995934;;;;
87988479512;;;;
88996384584;;;;
11964462050;;;;
71998279351;;;;
83998822264;;;;
82993516655;;;;
88998063049;;;;
87981481195;;;;
84987021355;;;;
83996919117;;;;
77988591330;;;;
84996144502;;;;
71993691845;;;;
91999877708;;;;
81986108689;;;;
85999815567;;;;
85999645701;;;;
71981250952;;;;
84999163107;;;;
77999890474;;;;
75999200034;;;;
85999309293;;;;
73991661599;;;;
82988336197;;;;
82999854193;;;;
81973130961;;;;
81999377866;;;;
84998282936;;;;
81995352624;;;;
73981273131;;;;
83988745687;;;;
79996916294;;;;
71988253815;;;;
83991913179;;;;
88997611010;;;;
85998061021;;;;
71987505535;;;;
81989204280;;;;
75982878647;;;;
71997370592;;;;
79999438073;;;;
71988806857;;;;
73999361403;;;;
85988193034;;;;
83993171812;;;;
73999160287;;;;
77999622547;;;;
77991553884;;;;
71994057730;;;;
79999999999;;;;
86999223679;;;;
81999849136;;;;
71986503940;;;;
81991988539;;;;
79998619410;;;;
85996907211;;;;
82999487006;;;;
82981358790;;;;
84994097464;;;;
86988029549;;;;
79999145005;;;;
83999527155;;;;
85986974027;;;;
79999842628;;;;
79999229354;;;;
71992165502;;;;
84994082781;;;;
82998374804;;;;
83999803775;;;;
81997639324;;;;
77988493196;;;;
81988157802;;;;
73999409115;;;;
85998203451;;;;
73982313500;;;;
84991321059;;;;
89981080204;;;;
81999999999;;;;
82988039183;;;;
73991676905;;;;
74981428879;;;;
75981232491;;;;
85988780193;;;;
86999309735;;;;
82999208866;;;;
81994933461;;;;
82999825383;;;;
79991550265;;;;
79999982233;;;;
85999930254;;;;
71992156701;;;;
71996093500;;;;
85986295517;;;;
71999889173;;;;
81992629221;;;;
88999020418;;;;
84999822227;;;;
71988147338;;;;
75999774964;;;;
84998510658;;;;
88996002699;;;;
83988993070;;;;
77999399042;;;;
79999644155;;;;
77991710450;;;;
71985185732;;;;
79999928018;;;;
75988549473;;;;
84988440563;;;;
81999290788;;;;
81988182950;;;;
83999596974;;;;
89994358374;;;;
71992697510;;;;
81991824830;;;;
77998240044;;;;
75982497933;;;;
88999075686;;;;
71988308390;;;;
75999552442;;;;
75991102070;;;;
85999030077;;;;
89999220065;;;;
71993806966;;;;
87998098451;;;;
83986208753;;;;
75992929233;;;;
81999261059;;;;
89994027443;;;;
88997895211;;;;
85999821081;;;;
74999881860;;;;
85988208251;;;;
79991257969;;;;
71991401621;;;;
81991403519;;;;
75991477682;;;;
75991538672;;;;
79998627359;;;;
85992048915;;;;
82991165541;;;;
71981674343;;;;
88993525247;;;;
71999246810;;;;
73999774598;;;;
77999866881;;;;
87999934646;;;;
85996445200;;;;
73999740277;;;;
84999010581;;;;
81982087733;;;;
81981072984;;;;
81991276589;;;;
86981234929;;;;
84994092139;;;;
81988467067;;;;
71996222828;;;;
84998360868;;;;
86998530169;;;;
83988005651;;;;
74999776322;;;;
85999988972;;;;
71999040599;;;;
71991925661;;;;
81995403679;;;;
83981597485;;;;
66999383618;;;;
87999211829;;;;
82998123518;;;;
82988559398;;;;
71982192518;;;;
83988665965;;;;
82981546038;;;;
54991063801;;;;
84981027657;;;;
79999895112;;;;
79998911580;;;;
87993293903;;;;
83996128634;;;;
92994298359;;;;
11963413290;;;;
85988583531;;;;
83991418834;;;;
75992694372;;;;
81999497123;;;;
73999318800;;;;
73999318800;;;;
73999318800;;;;
81983728824;;;;
81983728824;;;;
71981064240;;;;
81995017518;;;;
84998851376;;;;
84998851376;;;;
83981306405;;;;
84986289635;;;;
81989978538;;;;
71987390623;;;;
71987390623;;;;
84996042549;;;;
82999332282;;;;
75991271507;;;;
83981345592;;;;
84999062144;;;;
71992819330;;;;
82998085999;;;;
85992545711;;;;
85992545711;;;;
71991659955;;;;
84987735062;;;;
86994846962;;;;
31998582218;;;;
77988881000;;;;
88997422206;;;;
75998284604;;;;
82999485658;;;;
88996043003;;;;
85996444306;;;;
77998035838;;;;
41996869828;;;;
86994067667;;;;
83991115496;;;;
83991115496;;;;
85992210654;;;;
77999369625;;;;
74991140401;;;;
89981256967;;;;
89981256967;;;;
81999020888;;;;
81999020888;;;;
84988438464;;;;
84988438464;;;;
84988438464;;;;
84988438464;;;;
84988438464;;;;
84988438464;;;;
85996383698;;;;
83988881586;;;;
73998581906;;;;
88996957577;;;;
75981763517;;;;
74991218833;;;;
74991218833;;;;
88996301050;;;;
71999320810;;;;
71982019391;;;;
71982019391;;;;
88994051606;;;;
81987924245;;;;
85991913162;;;;
83991669641;;;;
71983330740;;;;
85992128857;;;;
83998120196;;;;
73998640783;;;;
75998311184;;;;
75999815989;;;;
71996976185;;;;
81999596565;;;;
81999596565;;;;
81999596565;;;;
81999596565;;;;
81999596565;;;;
81999596565;;;;
81999596565;;;;
81999596565;;;;
81999596565;;;;
81999596565;;;;
81999596565;;;;
81999596565;;;;
81999596565;;;;
81999596565;;;;
81999596565;;;;
81999596565;;;;
81999596565;;;;
81999596565;;;;
81999596565;;;;
81999596565;;;;
81999596565;;;;
81999596565;;;;
81999596565;;;;
81999596565;;;;
81999596565;;;;
81999596565;;;;
81999596565;;;;
81999596565;;;;
81999596565;;;;
81999596565;;;;
81999596565;;;;
81999596565;;;;
81996354040;;;;
81996354040;;;;
81999318689;;;;
81999747055;;;;
81999747055;;;;
81999747055;;;;
81998965895;;;;
79999749399;;;;
73982142888;;;;
75982100780;;;;
85981904845;;;;
89994007999;;;;
73998852148;;;;
85982057163;;;;
85982057163;;;;
85982057163;;;;
85982057163;;;;
85982057163;;;;
85982057163;;;;
73988660710;;;;
75983703311;;;;
84994062382;;;;
86994060733;;;;
88981157694;;;;
81991615566;;;;
71999285168;;;;
81992398003;;;;
82993244056;;;;
83993675871;;;;
83993675871;;;;
82998023552;;;;
89999784060;;;;
89999784060;;;;
88993516246;;;;
83996319410;;;;
73981015249;;;;
71991283876;;;;
77981351269;;;;
86988541165;;;;
83993020800;;;;
83993020800;;;;
77999971545;;;;
85981656379;;;;
85999241133;;;;
85999241133;;;;
79998228822;;;;
71987907615;;;;
89999830875;;;;
73981484843;;;;
73981484843;;;;
85988640575;;;;
85988640575;;;;
85988640575;;;;
75981296269;;;;
81992485959;;;;
81992485959;;;;
81992485959;;;;
81992485959;;;;
81992485959;;;;
81992485959;;;;
82991146637;;;;
82991146637;;;;
82991146637;;;;
71981021832;;;;
71981021832;;;;
73999214821;;;;
77998632561;;;;
77998632561;;;;
73999304921;;;;
83999374416;;;;
83999374416;;;;
86999870916;;;;
83993155878;;;;
85986880210;;;;
71993247101;;;;
75991342039;;;;
75991342039;;;;
71981987856;;;;
83988288283;;;;
86995745950;;;;
86999851243;;;;
71988748267;;;;
83988331067;;;;
83988331067;;;;
83988331067;;;;
71999047335;;;;
85997411477;;;;
41996869828;;;;
85996630001;;;;
71988128578;;;;
75981414810;;;;
85981112610;;;;
86999423892;;;;
83999733160;;;;
66999945662;;;;
75981146690;;;;
88998002323;;;;
75998462465;;;;
74999678926;;;;
73998582214;;;;
61984255368;;;;
87999759090;;;;
87999759090;;;;
73991326181;;;;
73991326181;;;;
73991326181;;;;
84981668299;;;;
84996218970;;;;
81996006482;;;;
88994650816;;;;
11963531811;;;;
84999244003;;;;
83988879722;;;;
83988695233;;;;
77999790559;;;;
11991059966;;;;
84994723862;;;;
84994723862;;;;
82993230939;;;;
82993230939;;;;
79998129004;;;;
71988472393;;;;
73999402319;;;;
73999402319;;;;
81981232040;;;;
85998212222;;;;
86999278213;;;;
82988840010;;;;
82988840010;;;;
83996592718;;;;
83996592718;;;;
85998340395;;;;
86994540877;;;;
86994540877;;;;
85982001121;;;;
84999952650;;;;
84999216771;;;;
79999653005;;;;
88999418414;;;;
81981234290;;;;
81981234290;;;;
89994221957;;;;
73999008040;;;;
73999008040;;;;
77998390340;;;;
81996857734;;;;
81996857734;;;;
77999350492;;;;
77999350492;;;;
84988019805;;;;
73988558057;;;;
73988558057;;;;
47992192160;;;;
86988314811;;;;
86988314811;;;;
85991429335;;;;
85991022166;;;;
82982153915;;;;
83991341633;;;;
83991341633;;;;
73999277665;;;;
21982771820;;;;
77991170009;;;;
81998214422;;;;
81998214422;;;;
11989729409;;;;
11989729409;;;;
11989729409;;;;
71999190990;;;;
85984074460;;;;
88981399677;;;;
82993031832;;;;
73998678257;;;;
85992202325;;;;
81991670044;;;;
87981596609;;;;
21968721688;;;;
84999198278;;;;
82996427746;;;;
85997254487;;;;
71992262847;;;;
77999682916;;;;
77999682916;;;;
71999552240;;;;
87999615645;;;;
62981814690;;;;
73998086193;;;;
73998086193;;;;
86994037371;;;;
61981854481;;;;
61981854481;;;;
85981201208;;;;
73981475302;;;;
84996558266;;;;
89994400985;;;;
71984509770;;;;
82988286655;;;;
87981052254;;;;
21981823291;;;;
79999411146;;;;
73999096213;;;;
86999507242;;;;
86999507242;;;;
75998677580;;;;
75988065239;;;;
88992134675;;;;
79999830863;;;;
81999960202;;;;
81981180170;;;;
81997487360;;;;
79998677817;;;;
79981036043;;;;
79981036043;;;;
85981528830;;;;
85999854224;;;;
85986661996;;;;
81996499265;;;;
82993261446;;;;
83991294141;;;;
85997801307;;;;
62999667714;;;;
62999667714;;;;
62999667714;;;;
81997429741;;;;
81997429741;;;;
11981193635;;;;
75999001655;;;;
81981642507;;;;
85986705201;;;;
74981060202;;;;
75999308001;;;;
77999051218;;;;
85991641549;;;;
84987078994;;;;
84987078994;;;;
61999778282;;;;
61999778282;;;;
61999778282;;;;
83987908460;;;;
64992931930;;;;
71984237070;;;;
71984237070;;;;
81997723558;;;;
81997723558;;;;
81998565321;;;;
85985513839;;;;
71984368288;;;;
83988306571;;;;
82990000000;;;;
88997491100;;;;
75981930916;;;;
75981930916;;;;
8293571390;;;;
8293571390;;;;
82981375138;;;;
74999795510;;;;
71999829831;;;;
71999829831;;;;
8592547322;;;;
8592547322;;;;
79998653711;;;;
83996700429;;;;
81987294892;;;;
81987294892;;;;
71991317283;;;;
34999122801;;;;
83987847835;;;;
81995227907;;;;
83996725128;;;;
83996725128;;;;
85998671641;;;;
85986468820;;;;
85996824797;;;;
85996966135;;;;
88994888433;;;;
85974007037;;;;
85996390859;;;;
85996390859;;;;
85985416133;;;;
71991447669;;;;
85991075775;;;;
82999610334;;;;
82999610334;;;;
8592924216;;;;
8592924216;;;;
71991137115;;;;
71991137115;;;;
81998565759;;;;
73988611365;;;;
73988611365;;;;
81983645021;;;;
81983645021;;;;
1396011432;;;;
1396011432;;;;
1396011432;;;;
1396011432;;;;
87991426236;;;;
71992070299;;;;
83996453919;;;;
84988464711;;;;
8695221108;;;;
81999961480;;;;
7193227262;;;;
8692184543;;;;
74999636772;;;;
88981156462;;;;
75991174672;;;;
86999486209;;;;
75991432794;;;;
88998000066;;;;
87996073321;;;;
79998782691;;;;
71991156270;;;;
71985112944;;;;
81999723677;;;;
7193571686;;;;
81985477800;;;;
73998156262;;;;
81999695604;;;;
81996331671;;;;
74988411698;;;;
81999961487;;;;
81985167097;;;;
88997657291;;;;
85996352200;;;;
85981659228;;;;
85987196775;;;;
75981767890;;;;
81999772267;;;;
83998113437;;;;
77981144247;;;;
77999719917;;;;
77999969008;;;;
81987966080;;;;
79999049393;;;;
85988738079;;;;
85996511710;;;;
79963111315;;;;
86995952151;;;;
75988471969;;;;
81996063735;;;;
88997107693;;;;
81994315653;;;;
77991089223;;;;
84999891150;;;;
81985551775;;;;
74988051301;;;;
71991375900;;;;
75992891051;;;;
82981718676;;;;
75998302146;;;;
82988995115;;;;
73999668850;;;;
84991731534;;;;
73988399730;;;;
84998092232;;;;
75991539891;;;;
85986891020;;;;
81992589282;;;;
81985515669;;;;
77981099417;;;;
84988560709;;;;
73982256407;;;;
75988042525;;;;
77991339953;;;;
85992148592;;;;
85996780313;;;;
79999421812;;;;
73981765124;;;;
77988019495;;;;
85992319599;;;;
84996593876;;;;
71993536000;;;;
79999793883;;;;
81999770456;;;;
79998942274;;;;
85999876671;;;;
86999932626;;;;
71999025918;;;;
84996373244;;;;
85985289396;;;;
79999149952;;;;
83999037678;;;;
71993167659;;;;
88997650577;;;;
73998515762;;;;
84999392813;;;;
79999009356;;;;
81998009338;;;;
79999741115;;;;
71992076076;;;;
85998598177;;;;
71993181447;;;;
85998104225;;;;
71987055787;;;;
71999340595;;;;
81995895310;;;;
71981361261;;;;
81987988965;;;;
77999296294;;;;
77988227034;;;;
77999127542;;;;
83987872131;;;;
88999355070;;;;
84998496161;;;;
88999632536;;;;
79999798278;;;;
85999304555;;;;
85988115245;;;;
75991924496;;;;
75991098285;;;;
81999060019;;;;
84999031568;;;;
71991910492;;;;
86994913517;;;;
81995228248;;;;
81989959850;;;;
81998229673;;;;
88994420490;;;;
84999118123;;;;
85989489094;;;;
86981317389;;;;
83993123424;;;;
87996260221;;;;
74988136652;;;;
86999220497;;;;
88992471305;;;;
86994143303;;;;
86999208229;;;;
88997293621;;;;
85987530137;;;;
75988034299;;;;
85999736062;;;;
86999697990;;;;
83991793207;;;;
71991446072;;;;
81981239676;;;;
71999756348;;;;
77999732244;;;;
84998500110;;;;
79998402545;;;;
83996281341;;;;
86988464032;;;;
83998132508;;;;
71984854433;;;;
75988129688;;;;
84991284246;;;;
85996345285;;;;
75991742931;;;;
79981321060;;;;
92993915711;;;;
75992041467;;;;
84996976717;;;;
77981038776;;;;
81997626601;;;;
81997550929;;;;
88997636193;;;;
83999962112;;;;
71992540300;;;;
81998776238;;;;
85988458332;;;;
88997153903;;;;
83998080203;;;;
84991455193;;;;
81986370850;;;;
81988958158;;;;
71987816460;;;;
84988551918;;;;
75991038777;;;;
75998172104;;;;
79999388645;;;;
83993362097;;;;
71982842111;;;;
82988094242;;;;
75981143763;;;;
71986888672;;;;
79988010190;;;;
87999951945;;;;
71986940801;;;;
47996628909;;;;
21984598859;;;;
88999958888;;;;
83998109229;;;;
73999924070;;;;
74988101747;;;;
71981143451;;;;
88997285487;;;;
85988702211;;;;
77998841555;;;;
83998285656;;;;
81992922358;;;;
81994107570;;;;
85998448112;;;;
79999662930;;;;
81995690256;;;;
79999793084;;;;
71991158159;;;;
84996760809;;;;
73988325245;;;;
74999185302;;;;
86988651472;;;;
84999863922;;;;
83981046686;;;;
75991860551;;;;
73998561270;;;;
83987841500;;;;
71982559948;;;;
83993534899;;;;
83998882777;;;;
71999401958;;;;
79999855459;;;;
82991117542;;;;
81992613951;;;;
77999509866;;;;
79996462412;;;;
71988884222;;;;
74988143693;;;;
82999917776;;;;
81998294598;;;;
84999811798;;;;
83988870440;;;;
84998198748;;;;
83999725151;;;;
83987992900;;;;
71999335484;;;;
77988043844;;;;
88994823640;;;;
62996503035;;;;
81981596519;;;;
85988855625;;;;
84999865221;;;;
88999439355;;;;
84981196914;;;;
79991397022;;;;
85986510157;;;;
77981293953;;;;
71999652501;;;;
88999696993;;;;
85999999999;;;;
81982218886;;;;
85988019941;;;;
85985957153;;;;
83988419160;;;;
81999999999;;;;
86995605113;;;;
81999048679;;;;
77999942018;;;;
82991170138;;;;
84991220304;;;;
81997996017;;;;
75982179877;;;;
81996618740;;;;
84981791000;;;;
82993062300;;;;
79991989000;;;;
75991057126;;;;
88992854604;;;;
87991475514;;;;
71997006565;;;;
84999898272;;;;
81999738220;;;;
87988445452;;;;
71992600765;;;;
75988354616;;;;
85986065789;;;;
85981366467;;;;
82996162243;;;;
82981846170;;;;
73999920829;;;;
82999394878;;;;
71997076266;;;;
87981360939;;;;
77991337584;;;;
84999777871;;;;
71992055154;;;;
99988494470;;;;
85994378572;;;;
81991061476;;;;
81988141431;;;;
87988696280;;;;
77999431515;;;;
84988516148;;;;
79999421812;;;;
85999304555;;;;
73991319547;;;;
85986680403;;;;
85991341469;;;;
88999958888;;;;
75999121477;;;;
75992891051;;;;
84991454432;;;;
82999917776;;;;
87996660612;;;;
84988383480;;;;
83998117986;;;;
11972842362;;;;
85989489094;;;;
75998766687;;;;
82996225118;;;;
89994026920;;;;
71999310676;;;;
81991725750;;;;
81991725750;;;;
81991725750;;;;
81991725750;;;;
81991725750;;;;
81991725750;;;;
81991725750;;;;
81991725750;;;;
81991725750;;;;
81991725750;;;;
81991725750;;;;
81991725750;;;;
79999125626;;;;
71999688258;;;;
73981179902;;;;
81971215037;;;;
83981888023;;;;
84996654621;;;;
84996654621;;;;
81991671723;;;;
85985490380;;;;
86994277374;;;;
86999784444;;;;
86999784444;;;;
71981320465;;;;
71981320465;;;;
71981320465;;;;
71981320465;;;;
71981320465;;;;
71981320465;;;;
71981320465;;;;
82988583001;;;;
85981852500;;;;
71996529860;;;;
74999559709;;;;
71999691520;;;;
84988877137;;;;
85991303010;;;;
79998002887;;;;
83991266736;;;;
83991266736;;;;
86994824144;;;;
71992089475;;;;
86999983365;;;;
85996877660;;;;
82999732508;;;;
71999501405;;;;
79999599988;;;;
81996776147;;;;
81996776147;;;;
88999948385;;;;
77981133766;;;;
81991276647;;;;
81996671097;;;;
77999132707;;;;
85992073609;;;;
84996835960;;;;
83999383033;;;;
11988990000;;;;
11988990000;;;;
77998765736;;;;
77998765736;;;;
77998765736;;;;
81999623571;;;;
81999623571;;;;
71988552121;;;;
83987796422;;;;
83987796422;;;;
83987873256;;;;
88993505716;;;;
85988915828;;;;
84988066055;;;;
84988066055;;;;
82998393782;;;;
81985694744;;;;
88997032426;;;;
88981077323;;;;
75988396733;;;;
83987669057;;;;
83987669057;;;;
89994035993;;;;
74981056729;;;;
81997562445;;;;
82988588470;;;;
82988588470;;;;
81987851898;;;;
89994359114;;;;
82981511022;;;;
85988594010;;;;
75992604001;;;;
81995571157;;;;
75999147938;;;;
88992667450;;;;
82999999999;;;;
82999999999;;;;
83982117765;;;;
71988448564;;;;
71999325451;;;;
41996869828;;;;
71997120345;;;;
85999341458;;;;
77999051113;;;;
71986929070;;;;
71986929070;;;;
71992909934;;;;
71992909934;;;;
75991928507;;;;
75991928507;;;;
83982072022;;;;
83982072022;;;;
71999828177;;;;
71999828177;;;;
71999828177;;;;
71999828177;;;;
83991138404;;;;
83991138404;;;;
81998581287;;;;
79991993249;;;;
84991059009;;;;
85999571311;;;;
85999571311;;;;
83993385380;;;;
85991183271;;;;
85991183271;;;;
71999266500;;;;
82999773499;;;;
82999773499;;;;
87991171070;;;;
83996997506;;;;
71999503575;;;;
71992218040;;;;
87998087855;;;;
71981571797;;;;
71981571797;;;;
81998818889;;;;
81981537202;;;;
86999041514;;;;
85981561600;;;;
85981561600;;;;
75999672500;;;;
88996640000;;;;
82981545037;;;;
81999729447;;;;
81999729447;;;;
77981075231;;;;
84999606656;;;;
91992972236;;;;
91992972236;;;;
91992972236;;;;
84986293018;;;;
85988408882;;;;
85988408882;;;;
71996158560;;;;
71996158560;;;;
71996158560;;;;
71996158560;;;;
73981798460;;;;
71999122807;;;;
71999122807;;;;
83999074486;;;;
83999004871;;;;
83998817838;;;;
35999707926;;;;
11960189477;;;;
71992690763;;;;
71992690763;;;;
71992690763;;;;
71992690763;;;;
71992690763;;;;
71992690763;;;;
71992690763;;;;
71992690763;;;;
71992690763;;;;
71992690763;;;;
71992690763;;;;
71992690763;;;;
71992690763;;;;
71992690763;;;;
71992690763;;;;
71992690763;;;;
71992690763;;;;
71992690763;;;;
71992690763;;;;
71992690763;;;;
71992690763;;;;
71992690763;;;;
71992690763;;;;
71992690763;;;;
71992690763;;;;
71992690763;;;;
71992690763;;;;
71992690763;;;;
71992690763;;;;
71992690763;;;;
71992690763;;;;
71992690763;;;;
71992690763;;;;
71992690763;;;;
71992690763;;;;
71992690763;;;;
71992690763;;;;
71992690763;;;;
71992690763;;;;
71992690763;;;;
84996862669;;;;
84987376224;;;;
83998853429;;;;
81986448763;;;;
75982266586;;;;
81999909900;;;;
81999909900;;;;
88999229744;;;;
88999229744;;;;
88992116380;;;;
88992116380;;;;
88992116380;;;;
88992116380;;;;
88992116380;;;;
88992116380;;;;
71992916952;;;;
84988399577;;;;
84988399577;;;;
81999878676;;;;
88992697441;;;;
88992697441;;;;
73981062389;;;;
83988972308;;;;
83988972308;;;;
41996869828;;;;
88999393336;;;;
86981606140;;;;
86981606140;;;;
71999698108;;;;
73991118836;;;;
61981449823;;;;
74991420018;;;;
74999169258;;;;
71999893779;;;;
71999893779;;;;
85987311223;;;;
84999999999;;;;
71992663495;;;;
79996303411;;;;
81991149717;;;;
85997623955;;;;
85997623955;;;;
85997623955;;;;
85999692126;;;;
74991414033;;;;
71985172074;;;;
73991259783;;;;
84999952474;;;;
84999952474;;;;
85991509229;;;;
75991394590;;;;
71996216300;;;;
74988365671;;;;
74988365671;;;;
85999992491;;;;
85999992491;;;;
73998555112;;;;
73998555112;;;;
71981704339;;;;
75991137481;;;;
75983238217;;;;
75983238217;;;;
83993750369;;;;
81999574275;;;;
81999574275;;;;
81996060085;;;;
85998658683;;;;
86988088128;;;;
86988088128;;;;
85996157466;;;;
75988135516;;;;
54999999999;;;;
89981471036;;;;
74999321012;;;;
75992516867;;;;
75992516867;;;;
88999871999;;;;
85982291873;;;;
85982291873;;;;
74988545777;;;;
88999918755;;;;
81998334004;;;;
84992107475;;;;
84992107475;;;;
83999162520;;;;
73988987039;;;;
86999023202;;;;
85996314073;;;;
71999644964;;;;
71999644964;;;;
81997791196;;;;
84999996673;;;;
75992637163;;;;
88997287111;;;;
21984067738;;;;
83988308036;;;;
85985181599;;;;
75992918510;;;;
83987023172;;;;
84987238504;;;;
84987238504;;;;
71991133767;;;;
81997080172;;;;
81997080172;;;;
73999910986;;;;
86999980714;;;;
86999980714;;;;
83993171812;;;;
88981156586;;;;
71999696407;;;;
86995770417;;;;
86998622930;;;;
86998622930;;;;
71981831334;;;;
85996164000;;;;
88988299099;;;;
83986018776;;;;
81999484762;;;;
71999642324;;;;
81981712834;;;;
85985035550;;;;
83986815071;;;;
98985472044;;;;
75991769914;;;;
75981473425;;;;
77999178102;;;;
84991737760;;;;
84991737760;;;;
84999198278;;;;
77988223454;;;;
75999488488;;;;
75999488488;;;;
84999557511;;;;
71999995041;;;;
89988191508;;;;
89988191508;;;;
8592811286;;;;
8592811286;;;;
81986991204;;;;
81998684689;;;;
81998684689;;;;
73999854533;;;;
82999969168;;;;
81987805905;;;;
82987545180;;;;
86999340534;;;;
71992801976;;;;
71991552760;;;;
83981816006;;;;
82998370065;;;;
82998370065;;;;
85997440275;;;;
88998105990;;;;
88998105990;;;;
75999652417;;;;
75999652417;;;;
83999075754;;;;
83999075754;;;;
85989001610;;;;
82999341062;;;;
82999341062;;;;
84998229311;;;;
74999637663;;;;
71983030878;;;;
85986293660;;;;
81999539943;;;;
47996076702;;;;
79998541559;;;;
99984003982;;;;
83988992019;;;;
83988992019;;;;
83993767435;;;;
83993767435;;;;
83993767435;;;;
77991060745;;;;
85911122221;;;;
71983021669;;;;
83996320822;;;;
85994052122;;;;
84988813067;;;;
79999395488;;;;
83988410067;;;;
82993273647;;;;
85998546137;;;;
88981394346;;;;
83988719393;;;;
71970204040;;;;
71970204040;;;;
31994359121;;;;
83987843001;;;;
83987843001;;;;
83987843001;;;;
87999542224;;;;
85996778904;;;;
74991034821;;;;
81991741371;;;;
74988549055;;;;
71996480716;;;;
87988068779;;;;
87988068779;;;;
87988068779;;;;
71996648574;;;;
87991915127;;;;
87991915127;;;;
75991662995;;;;
71985344533;;;;
84999266414;;;;
84999266414;;;;
75988436637;;;;
71999872414;;;;
71999872414;;;;
84994011213;;;;
87988263925;;;;
87988263925;;;;
87988263925;;;;
77999287941;;;;
77999287941;;;;
75988590738;;;;
75988590738;;;;
77999363771;;;;
77999363771;;;;
8592232315;;;;
8592232315;;;;
82999787626;;;;
71991229286;;;;
8198210401;;;;
8198210401;;;;
71992888456;;;;
8592440004;;;;
81999543908;;;;
71994051092;;;;
88999934440;;;;
8692241731;;;;
86999249800;;;;
7992181031;;;;
73988271000;;;;
81988779148;;;;
71981228710;;;;
81992120613;;;;
77998094264;;;;
7192401828;;;;
71986049601;;;;
8293362305;;;;
8492364749;;;;
81988941985;;;;
82999827744;;;;
77998175100;;;;
84999372626;;;;
85991180531;;;;
81999834471;;;;
84988747078;;;;
81979033675;;;;
82999963927;;;;
85999923579;;;;
84999212323;;;;
87999344855;;;;
85997303752;;;;
79981009806;;;;
75991372886;;;;
85987935878;;;;
84998957599;;;;
84998542100;;;;
88994029951;;;;
81997498350;;;;
84996209452;;;;
71991399395;;;;
73999166367;;;;
84991088923;;;;
77988280711;;;;
77999941497;;;;
81999771284;;;;
71999579525;;;;
8593;;;;
81991478556;;;;
85988742343;;;;
71988855468;;;;
8493162222;;;;
89994192603;;;;
83999557545;;;;
71987670934;;;;
81992027392;;;;
85981167269;;;;
74999068190;;;;
84999773748;;;;
77981177585;;;;
86981383535;;;;
73998084496;;;;
71986056229;;;;
86999858541;;;;
84999825562;;;;
81985233589;;;;
83988447593;;;;
83999580516;;;;
79981282836;;;;
86999035355;;;;
89999070657;;;;
82999495254;;;;
85988738662;;;;
83991411077;;;;
34997063099;;;;
79999818124;;;;
88996440007;;;;
75999593697;;;;
83991067888;;;;
85999845560;;;;
71991228155;;;;
81996273638;;;;
85991424151;;;;
71992490963;;;;
71984300940;;;;
84987804392;;;;
81991595965;;;;
77997021849;;;;
85987235466;;;;
83999163317;;;;
84999505826;;;;
71988640876;;;;
88999897333;;;;
62981285368;;;;
71988953812;;;;
75981308545;;;;
84999335716;;;;
81996306930;;;;
71999105612;;;;
75999791977;;;;
79999954544;;;;
83996233240;;;;
71988415126;;;;
85999045887;;;;
79998665165;;;;
84981079845;;;;
71986647285;;;;
85999826756;;;;
85986914855;;;;
83986201458;;;;
89994094579;;;;
77999308786;;;;
83987870926;;;;
85992735340;;;;
71996022838;;;;
73982032929;;;;
74991014390;;;;
81981020046;;;;
82992142659;;;;
79998139686;;;;
88996412400;;;;
79991130200;;;;
79999862900;;;;
87988888888;;;;
83996094807;;;;
77998151818;;;;
85994052992;;;;
75999133971;;;;
86998120405;;;;
81991941299;;;;
83994440208;;;;
85986949396;;;;
88981360092;;;;
85997734843;;;;
71988944731;;;;
74988634800;;;;
83999048597;;;;
81988751950;;;;
79999858619;;;;
81999085925;;;;
71997341572;;;;
79981125858;;;;
87988784998;;;;
81999804297;;;;
85999206999;;;;
79999625060;;;;
83986242250;;;;
81992721032;;;;
77991271084;;;;
84999412111;;;;
84998196461;;;;
85991722404;;;;
81999203635;;;;
84994431316;;;;
81995082272;;;;
73998132352;;;;
83991668534;;;;
82998312575;;;;
82981282308;;;;
84991740477;;;;
75998774791;;;;
21982839380;;;;
86999349989;;;;
73991932335;;;;
77999430080;;;;
75999034284;;;;
77999331985;;;;
73999884270;;;;
75999035886;;;;
87999369457;;;;
88992161523;;;;
89999470848;;;;
81986432843;;;;
83999882181;;;;
85997308999;;;;
81998410457;;;;
71996518393;;;;
84999818275;;;;
75992486468;;;;
88998324830;;;;
81973057679;;;;
82998801001;;;;
73991403279;;;;
77999038476;;;;
71993074816;;;;
71993074816;;;;
11982084065;;;;
82999644584;;;;
85987756908;;;;
71992804529;;;;
79991717464;;;;
83987877487;;;;
81984246686;;;;
81989061062;;;;
83991081012;;;;
73981283590;;;;
85987028673;;;;
87988263607;;;;
85982020101;;;;
84988952101;;;;
85986979635;;;;
85987819032;;;;
8591;;;;
11989833697;;;;
77998464106;;;;
79998572022;;;;
73981768170;;;;
82996580700;;;;
84996635195;;;;
71984364884;;;;
83999141077;;;;
75996637874;;;;
74991126114;;;;
81981678063;;;;
81985396537;;;;
82996654762;;;;
74999462121;;;;
83991041593;;;;
81995631413;;;;
71988063962;;;;
81987548093;;;;
75999945858;;;;
81973077229;;;;
89994121092;;;;
77999519249;;;;
71999823081;;;;
81988494950;;;;
83986305902;;;;
81981031966;;;;
88982312277;;;;
79991362030;;;;
82993233939;;;;
71987260665;;;;
71991007636;;;;
83996609384;;;;
87991221920;;;;
77988268507;;;;
73988070244;;;;
84998074550;;;;
83991030708;;;;
73999094400;;;;
85999742666;;;;
88999949949;;;;
82999299791;;;;
81991105628;;;;
85992740900;;;;
83999244008;;;;
87988567197;;;;
73998663194;;;;
81987620539;;;;
86999022131;;;;
83999218990;;;;
83999844752;;;;
86998157000;;;;
82999583988;;;;
82996078585;;;;
82981393756;;;;
71996561682;;;;
83993332142;;;;
77999498000;;;;
73981381099;;;;
73998225958;;;;
81999675223;;;;
71987547710;;;;
82996362233;;;;
71981865971;;;;
75988372482;;;;
81996785447;;;;
83988565072;;;;
81989385500;;;;
77988374025;;;;
73991559055;;;;
71999166777;;;;
73999960400;;;;
81987435262;;;;
71991087561;;;;
85981251447;;;;
81999999999;;;;
31992953383;;;;
84996357978;;;;
84996356768;;;;
75991905217;;;;
81981218141;;;;
81988302294;;;;
73991358443;;;;
77999823412;;;;
71982924282;;;;
82998243131;;;;
81999420124;;;;
81992622193;;;;
83996197630;;;;
71999030585;;;;
85999773068;;;;
71986858351;;;;
75991790683;;;;
85996084249;;;;
77997004954;;;;
85996187376;;;;
87998804671;;;;
85996152716;;;;
81991822552;;;;
88992854173;;;;
41996869828;;;;
71997151314;;;;
85999855456;;;;
71991153454;;;;
81981730101;;;;
82999985983;;;;
73991197059;;;;
71999021112;;;;
73999796044;;;;
82981046680;;;;
71994089050;;;;
77998581079;;;;
75981920345;;;;
71999995851;;;;
83996118813;;;;
85988977550;;;;
83999818616;;;;
84988223154;;;;
71981298895;;;;
83998022479;;;;
85998170881;;;;
85989941300;;;;
33997347786;;;;
88981227022;;;;
84981417214;;;;
85997850019;;;;
31992953383;;;;
79998063007;;;;
73991036370;;;;
71999480600;;;;
81971032212;;;;
81996369014;;;;
74999896796;;;;
84998222644;;;;
84981417214;;;;
82999067642;;;;
83988156168;;;;
83998418888;;;;
83998418888;;;;
7196213013;;;;
7196213013;;;;
84998397412;;;;
82999963426;;;;
77988463721;;;;
86995172415;;;;
84998135266;;;;
79999868056;;;;
85987434152;;;;
85987434152;;;;
85987434152;;;;
81992651143;;;;
82996603694;;;;
83988878010;;;;
73998520454;;;;
79999900880;;;;
84999211767;;;;
75991051454;;;;
75991051454;;;;
79999006090;;;;
85999095155;;;;
77991203314;;;;
79999778676;;;;
85999873493;;;;
84999830226;;;;
85997107599;;;;
62991221546;;;;
74999441148;;;;
71999915777;;;;
83988029027;;;;
81992235742;;;;
85998714671;;;;
83991973742;;;;
86999446781;;;;
86999446781;;;;
84994753030;;;;
87981081155;;;;
87981081155;;;;
83987102010;;;;
71999388889;;;;
84996667230;;;;
81986665542;;;;
82996126330;;;;
82996126330;;;;
84999293193;;;;
84999293193;;;;
84998512013;;;;
82998092131;;;;
82998092131;;;;
81985663220;;;;
81985663220;;;;
83988864289;;;;
77981241804;;;;
77981241804;;;;
85986853118;;;;
51985521711;;;;
51985521711;;;;
51985521711;;;;
75988133774;;;;
81981532006;;;;
77981042946;;;;
77981042946;;;;
77999990135;;;;
77999990135;;;;
75999334929;;;;
83998793463;;;;
85992876767;;;;
85992876767;;;;
73991803535;;;;
82996011305;;;;
82996011305;;;;
82999226694;;;;
82999226694;;;;
75988230074;;;;
71994285819;;;;
85997963442;;;;
88993323695;;;;
88993323695;;;;
75991334472;;;;
73999516864;;;;
84998384241;;;;
71992358159;;;;
71992358159;;;;
71992358159;;;;
84996907079;;;;
84996907079;;;;
84996452290;;;;
84991565567;;;;
84991565567;;;;
85987878787;;;;
75983170315;;;;
75983170315;;;;
81998127310;;;;
81998127310;;;;
81992812492;;;;
81992812492;;;;
71986294704;;;;
86995346071;;;;
86999994957;;;;
86998526665;;;;
88988259808;;;;
87999279891;;;;
82993724002;;;;
81994641869;;;;
81994641869;;;;
85985956772;;;;
81999528469;;;;
88992553618;;;;
73981463838;;;;
85991429335;;;;
77998477774;;;;
77998477774;;;;
77998477774;;;;
77998365530;;;;
77998365530;;;;
85989393110;;;;
84998176127;;;;
84998176127;;;;
79998214613;;;;
71987363646;;;;
75982248478;;;;
71996727260;;;;
71996727260;;;;
79999121520;;;;
81992894989;;;;
51996330193;;;;
51996330193;;;;
51996330193;;;;
51996330193;;;;
75999906661;;;;
86999241481;;;;
86999241481;;;;
85991726832;;;;
81993276267;;;;
71992914434;;;;
87999211318;;;;
81996394327;;;;
73998672713;;;;
75983748673;;;;
85998048405;;;;
71999161300;;;;
88996206666;;;;
88996206666;;;;
81997896730;;;;
73988968170;;;;
85999541326;;;;
81996564072;;;;
71996443012;;;;
71996443012;;;;
71996443012;;;;
73991703040;;;;
83999420256;;;;
83999420256;;;;
85991726832;;;;
85981316104;;;;
89994174661;;;;
89994174661;;;;
85988479720;;;;
77999651289;;;;
77999651289;;;;
71991996054;;;;
71992915453;;;;
71992915453;;;;
83996423173;;;;
88997513801;;;;
74999587475;;;;
85991052116;;;;
85998656865;;;;
85998656865;;;;
84981521053;;;;
77992136514;;;;
74991403154;;;;
81988544215;;;;
82981040066;;;;
87988069478;;;;
87988069478;;;;
77999054748;;;;
77999054748;;;;
81988413084;;;;
81988413084;;;;
86981344642;;;;
86981344642;;;;
81988840221;;;;
81983034952;;;;
74981403940;;;;
85991017750;;;;
85991017750;;;;
85991017750;;;;
81996549009;;;;
81981429383;;;;
83993525149;;;;
77998509284;;;;
89981478180;;;;
81986979555;;;;
81998827949;;;;
82999574646;;;;
88999318165;;;;
84999794338;;;;
84999794338;;;;
75998719878;;;;
75998719878;;;;
73999538654;;;;
88981410101;;;;
88981410101;;;;
77999855211;;;;
73981848888;;;;
31983838293;;;;
87996006389;;;;
85985617392;;;;
82993923447;;;;
87999688901;;;;
85999209615;;;;
75983517848;;;;
75983517848;;;;
85985374569;;;;
99984464128;;;;
83987415695;;;;
83987333725;;;;
83987333725;;;;
71993580196;;;;
82996421177;;;;
83996463346;;;;
82987032597;;;;
77999494439;;;;
81984969374;;;;
85988002585;;;;
71982675395;;;;
84999509046;;;;
82999777779;;;;
82999777779;;;;
81997284097;;;;
73981181353;;;;
85996868109;;;;
86994274582;;;;
86994274582;;;;
86994274582;;;;
85992463289;;;;
75981633186;;;;
83996862539;;;;
88997127861;;;;
86998577697;;;;
81993913822;;;;
74999540566;;;;
74999540566;;;;
84999091588;;;;
81998883604;;;;
86998383280;;;;
79998633495;;;;
81999596565;;;;
81999596565;;;;
81999596565;;;;
81999596565;;;;
81999596565;;;;
81999596565;;;;
81999596565;;;;
81999596565;;;;
81999596565;;;;
81999596565;;;;
81999596565;;;;
81999596565;;;;
81999596565;;;;
81999596565;;;;
81999596565;;;;
88988289247;;;;
84987729935;;;;
84987729935;;;;
83999453949;;;;
87999448446;;;;
77999252530;;;;
77999252530;;;;
83998505743;;;;
83998505743;;;;
88996389604;;;;
83987069368;;;;
81986632216;;;;
73988351066;;;;
89981395751;;;;
84988204149;;;;
84988204149;;;;
85999971085;;;;
79999014114;;;;
88997108036;;;;
79999725127;;;;
85981694488;;;;
88981394346;;;;
88999172138;;;;
88999172138;;;;
8194591776;;;;
8194591776;;;;
8193395353;;;;
8193395353;;;;
8193395353;;;;
41997880145;;;;
85986993926;;;;
85986993926;;;;
85986993926;;;;
85999292002;;;;
41997880145;;;;
77981164409;;;;
85982023022;;;;
85982023022;;;;
73999108010;;;;
71992041886;;;;
11999999999;;;;
88999723151;;;;
77991553989;;;;
81997475670;;;;
82988014305;;;;
81999999999;;;;
83999725886;;;;
82991165762;;;;
83993287753;;;;
75982352745;;;;
85988866777;;;;
81988355750;;;;
73988064200;;;;
73988064200;;;;
88912345678;;;;
75983300412;;;;
81985416986;;;;
81985416986;;;;
81998682493;;;;
81988583837;;;;
88993465094;;;;
71986260236;;;;
41997880145;;;;
71993591790;;;;
71993591790;;;;
81992681591;;;;
11977904766;;;;
83996674526;;;;
83996674526;;;;
81997321771;;;;
86999572436;;;;
71999916738;;;;
71999916738;;;;
81991082130;;;;
8591010101;;;;
8591010101;;;;
84991565567;;;;
84991565567;;;;
87999395556;;;;
83987140460;;;;
83993658751;;;;
86994107691;;;;
33987945448;;;;
88996573020;;;;
85999999900;;;;
83987486259;;;;
11911111111;;;;
86999995984;;;;
86999995984;;;;
81999999999;;;;
81999999999;;;;
86988739157;;;;
86988739157;;;;
86988739157;;;;
86994157790;;;;
71991234193;;;;
85988888888;;;;
71985074301;;;;
71992156318;;;;
7193784252;;;;
7193784252;;;;
84991131644;;;;
71999847497;;;;
8896280031;;;;
8896280031;;;;
88996325874;;;;
88996325874;;;;
81999523478;;;;
75999838820;;;;
7992137415;;;;
82999139545;;;;
88992565084;;;;
79988066040;;;;
79999819455;;;;
88988342400;;;;
89981483931;;;;
7796122244;;;;
8492316073;;;;
81987091322;;;;
84988593093;;;;
84999800999;;;;
7392114481;;;;
84996180990;;;;
77999092051;;;;
71999666014;;;;
77981478320;;;;
88988572484;;;;
82991111111;;;;
7992113619;;;;
77981272545;;;;
71983770525;;;;
71992060323;;;;
85988936365;;;;
75991151614;;;;
71987817646;;;;
77999620525;;;;
77999944255;;;;
89994399310;;;;
84999552869;;;;
8296412000;;;;
85999876671;;;;
11981023569;;;;
77999118563;;;;
85991811930;;;;
89999782970;;;;
85999276867;;;;
81998111940;;;;
84994165173;;;;
88999702333;;;;
74988446620;;;;
88988097847;;;;
85999211010;;;;
82999835890;;;;
71999573962;;;;
82996572607;;;;
74999207278;;;;
71992584083;;;;
74991413142;;;;
77999257684;;;;
85988990087;;;;
85987773557;;;;
79999862732;;;;
86981194969;;;;
88996471616;;;;
71999754967;;;;
71999870393;;;;
77999719179;;;;
84988559192;;;;
79999275142;;;;
84999938141;;;;
84996550890;;;;
75991351859;;;;
82999843600;;;;
77988213010;;;;
87999884527;;;;
71991296874;;;;
85997167769;;;;
81981314643;;;;
79999040965;;;;
81987931025;;;;
81988888888;;;;
81981470342;;;;
85988192856;;;;
87991225086;;;;
86994296568;;;;
85991850848;;;;
73988404057;;;;
88999508257;;;;
85987611833;;;;
86994475594;;;;
86998408521;;;;
73991650099;;;;
86999961297;;;;
85986382747;;;;
83991067538;;;;
85987905115;;;;
85984037983;;;;
82988545139;;;;
83981557041;;;;
83987202923;;;;
77992070158;;;;
83996815234;;;;
77998012692;;;;
85988994016;;;;
81987160800;;;;
81997011470;;;;
85982066930;;;;
75999223599;;;;
71991171989;;;;
83981455649;;;;
82999659339;;;;
75999240868;;;;
79988518434;;;;
81998003636;;;;
77999785463;;;;
83991398195;;;;
75981177104;;;;
21989570180;;;;
74991291787;;;;
85981990904;;;;
83987973854;;;;
85998040035;;;;
84988632798;;;;
75992499132;;;;
79991465475;;;;
85992506903;;;;
71991099911;;;;
81986376235;;;;
75983016323;;;;
79998702639;;;;
71991409931;;;;
81987228004;;;;
83988313137;;;;
83988852486;;;;
85999448856;;;;
83999636348;;;;
71988023442;;;;
81999163416;;;;
84991609881;;;;
81988983798;;;;
71999822928;;;;
73991780521;;;;
85999826293;;;;
88988685258;;;;
82999391020;;;;
81998989841;;;;
84988374717;;;;
71987823185;;;;
71999639250;;;;
81988274910;;;;
81987218727;;;;
82998285003;;;;
83991775187;;;;
81999792299;;;;
83998929315;;;;
84994854614;;;;
79999666116;;;;
71992916594;;;;
71993394869;;;;
85999937828;;;;
77999532180;;;;
87988229090;;;;
71999228537;;;;
74999943106;;;;
75981351036;;;;
88997347887;;;;
82993226313;;;;
75998131298;;;;
73991016530;;;;
81996670730;;;;
85999001561;;;;
75981869417;;;;
73999552600;;;;
81999824974;;;;
71984252426;;;;
79991550047;;;;
77988033855;;;;
85982182244;;;;
82999220093;;;;
79999507200;;;;
81999543955;;;;
71994135781;;;;
75982506788;;;;
77999296585;;;;
81981889006;;;;
82991117636;;;;
85999263316;;;;
71996240380;;;;
84988736753;;;;
75999715604;;;;
83998118061;;;;
71981536246;;;;
79999097393;;;;
74991225397;;;;
86981934096;;;;
85991069480;;;;
87988086363;;;;
75981897911;;;;
75998284143;;;;
71999586555;;;;
11964550208;;;;
75991441414;;;;
74999374762;;;;
88981282928;;;;
73999888101;;;;
85994325530;;;;
86998006850;;;;
82911111111;;;;
75992919139;;;;
81999665104;;;;
79999983009;;;;
86999454048;;;;
84998440484;;;;
85998481101;;;;
71992729340;;;;
86999067700;;;;
85999289829;;;;
89999196055;;;;
82999914596;;;;
89981046800;;;;
85988039030;;;;
84996247000;;;;
73999117435;;;;
86999419319;;;;
88981191434;;;;
86999744926;;;;
83999840440;;;;
85998405264;;;;
81987359756;;;;
85986900043;;;;
81988068956;;;;
88997142993;;;;
88981014750;;;;
87988153383;;;;
81981730473;;;;
77998467777;;;;
81997731467;;;;
71991048804;;;;
73988127817;;;;
85987297249;;;;
81986049919;;;;
71992323047;;;;
81998213705;;;;
89981127517;;;;
81999994048;;;;
73991973832;;;;
75999007771;;;;
73988085043;;;;
85981594691;;;;
81999911767;;;;
75988972950;;;;
83988018769;;;;
81999460605;;;;
83988282188;;;;
77991219461;;;;
81987620433;;;;
75992511894;;;;
83999736611;;;;
75981604603;;;;
87999415799;;;;
85988357872;;;;
89999254718;;;;
82991362534;;;;
81999156286;;;;
83987133349;;;;
85999081192;;;;
81981558002;;;;
85981566425;;;;
87981455232;;;;
85992276479;;;;
79998261696;;;;
85996339393;;;;
83986509019;;;;
88997117791;;;;
71991348260;;;;
85996814057;;;;
88993141108;;;;
11986406697;;;;
83991398177;;;;
82988409009;;;;
81997126430;;;;
71999700026;;;;
75991790513;;;;
83988376037;;;;
77988737218;;;;
82998294664;;;;
75988071818;;;;
82996580733;;;;
83991859878;;;;
86999253719;;;;
71999978732;;;;
81973102375;;;;
81991132281;;;;
79988362682;;;;
88996097301;;;;
73999169378;;;;
83988355706;;;;
11971495790;;;;
81996465808;;;;
73981205631;;;;
71996974717;;;;
81986651229;;;;
84981425193;;;;
86998162169;;;;
79999771655;;;;
81983069137;;;;
81997681591;;;;
88999546033;;;;
81996223883;;;;
74988098749;;;;
85981882778;;;;
74999635115;;;;
81999258704;;;;
82988282360;;;;
85999881421;;;;
77991739995;;;;
75999557343;;;;
84991580240;;;;
71998502330;;;;
71992729340;;;;
74988296417;;;;
86998268420;;;;
85986038300;;;;
82996387157;;;;
81999082437;;;;
75982557472;;;;
81994324442;;;;
75992260900;;;;
84999530007;;;;
31994100501;;;;
85988884650;;;;
51996964440;;;;
74998197362;;;;
47992926002;;;;
83987874315;;;;
82981468262;;;;
87991093891;;;;
74981231420;;;;
86995898945;;;;
87981271082;;;;
85991086261;;;;
85991086261;;;;
85991086261;;;;
85991086261;;;;
84981317463;;;;
84981317463;;;;
84998131746;;;;
84998131746;;;;
88997095310;;;;
88997095310;;;;
11985735648;;;;
83966561647;;;;
83966561647;;;;
85987777094;;;;
85987777094;;;;
85987777094;;;;
84988448470;;;;
79991924861;;;;
79991924861;;;;
79991924861;;;;
71993512121;;;;
85998992004;;;;
88993552618;;;;
88993552618;;;;
88993552618;;;;
74999383956;;;;
81999279904;;;;
81999279904;;;;
75991871363;;;;
82999131616;;;;
82999131616;;;;
82999131616;;;;
71999654502;;;;
71999555678;;;;
85999727054;;;;
85999727054;;;;
85987436786;;;;
85987436786;;;;
75988334007;;;;
85992136695;;;;
81991721798;;;;
81991721798;;;;
81998168017;;;;
71999825293;;;;
81997456492;;;;
85999018005;;;;
82991302317;;;;
71999839949;;;;
71999839949;;;;
81997900756;;;;
71981177449;;;;
71981177449;;;;
84996106881;;;;
85997314434;;;;
85997314434;;;;
84988188677;;;;
82991213541;;;;
83996103066;;;;
77981199123;;;;
77999625993;;;;
77999625993;;;;
85987609557;;;;
79991201400;;;;
79991201400;;;;
87988145055;;;;
79999360044;;;;
85999108798;;;;
85999108798;;;;
77999910496;;;;
85981704018;;;;
85981704018;;;;
71999946098;;;;
79999612040;;;;
11973452495;;;;
11973452495;;;;
75982549021;;;;
81995043157;;;;
11964526052;;;;
81981850566;;;;
81981850566;;;;
81981850566;;;;
85991710601;;;;
84996566978;;;;
85992457296;;;;
71993100711;;;;
71993100711;;;;
71993100711;;;;
84998197492;;;;
74991996606;;;;
81984362821;;;;
79996325059;;;;
85986215225;;;;
85987540000;;;;
84996829466;;;;
81999041918;;;;
85997974400;;;;
85981786907;;;;
74988214464;;;;
85987788424;;;;
85987788424;;;;
83999295581;;;;
83999295581;;;;
75991383008;;;;
75991383008;;;;
83986515899;;;;
85999301186;;;;
77991744203;;;;
81996577984;;;;
86995412258;;;;
86995412258;;;;
81981101022;;;;
74988358804;;;;
71991920880;;;;
71983995937;;;;
87996338440;;;;
73988697248;;;;
73988697248;;;;
81981633906;;;;
79998458930;;;;
71991173040;;;;
88996332943;;;;
71994015185;;;;
85991429335;;;;
85991429335;;;;
85991429335;;;;
85991429335;;;;
85991429335;;;;
85991429335;;;;
85991429335;;;;
85991429335;;;;
85991429335;;;;
85991429335;;;;
85991429335;;;;
85991429335;;;;
85991429335;;;;
85991429335;;;;
85991429335;;;;
85991429335;;;;
85991429335;;;;
85991429335;;;;
85991429335;;;;
85991429335;;;;
85991429335;;;;
85991429335;;;;
85991429335;;;;
85991429335;;;;
85991429335;;;;
85991429335;;;;
85991429335;;;;
85991429335;;;;
85991429335;;;;
85991429335;;;;
85991429335;;;;
85991429335;;;;
85991429335;;;;
85991429335;;;;
85991429335;;;;
85991429335;;;;
85991429335;;;;
85991429335;;;;
85991429335;;;;
85991429335;;;;
85991429335;;;;
85991429335;;;;
85991429335;;;;
85991429335;;;;
85991429335;;;;
85991429335;;;;
85991429335;;;;
85991429335;;;;
85991429335;;;;
85991429335;;;;
85991429335;;;;
85991429335;;;;
85991429335;;;;
85991429335;;;;
85991429335;;;;
85991429335;;;;
85991429335;;;;
85991429335;;;;
85991429335;;;;
85991429335;;;;
85991429335;;;;
85981179880;;;;
82999999999;;;;
83988010107;;;;
84988473141;;;;
82988919051;;;;
82999010393;;;;
86998255509;;;;
86998255509;;;;
81999846141;;;;
81992018678;;;;
83996520962;;;;
79998911306;;;;
84996106881;;;;
81999321019;;;;
73981630970;;;;
83986458905;;;;
81996199072;;;;
87981440229;;;;
79999257388;;;;
83998022668;;;;
41996869828;;;;
88993320230;;;;
71991266381;;;;
79999999999;;;;
81997373058;;;;
75992302925;;;;
77998020766;;;;
83988276832;;;;
83988276832;;;;
83988095630;;;;
71987077783;;;;
83991350446;;;;
75982231951;;;;
81992483373;;;;
85989655465;;;;
85989655465;;;;
71983284892;;;;
85988591889;;;;
85988591889;;;;
88999177200;;;;
88999177200;;;;
87988586610;;;;
88997110077;;;;
84994750505;;;;
77991585625;;;;
85986837749;;;;
71988482306;;;;
81999988516;;;;
81999988516;;;;
81999988516;;;;
85999999999;;;;
85998019370;;;;
75982104376;;;;
82988753884;;;;
77988520824;;;;
81987991617;;;;
79999707948;;;;
81996995570;;;;
81992421620;;;;
75992516867;;;;
79999179609;;;;
73991910962;;;;
81981196588;;;;
81981196588;;;;
82988189871;;;;
81981771700;;;;
71999079060;;;;
81999999999;;;;
71999915637;;;;
75992967007;;;;
86981564916;;;;
86981564916;;;;
82988433189;;;;
73999856232;;;;
73981226734;;;;
71991664304;;;;
71991664304;;;;
74999785726;;;;
71988670591;;;;
71988670591;;;;
71988670591;;;;
71988670591;;;;
73988598539;;;;
86991130937;;;;
86995955663;;;;
86995955663;;;;
88998667794;;;;
81998961092;;;;
82981401296;;;;
82981401296;;;;
81988858858;;;;
77991987791;;;;
19989182986;;;;
81998299548;;;;
84997051691;;;;
85996900880;;;;
73981104152;;;;
85998036466;;;;
85998036466;;;;
84991387447;;;;
81991255414;;;;
86999279505;;;;
87996579695;;;;
83996222578;;;;
71992997679;;;;
85999708303;;;;
84994785296;;;;
73991233196;;;;
75999816743;;;;
89981503771;;;;
89981503771;;;;
83996410896;;;;
83996410896;;;;
87991076648;;;;
74999286283;;;;
77999862423;;;;
88998359254;;;;
88997488194;;;;
83981502003;;;;
81991115227;;;;
85997642046;;;;
85997642046;;;;
86999756122;;;;
77999964229;;;;
77999964229;;;;
85984442706;;;;
85984442706;;;;
84999560427;;;;
87998077448;;;;
86999661155;;;;
89999218930;;;;
82996549070;;;;
81987839990;;;;
86988029222;;;;
86988029222;;;;
86988029222;;;;
86988029222;;;;
86988029222;;;;
88997295693;;;;
88997295693;;;;
85981760598;;;;
88999999999;;;;
82996670203;;;;
83993916238;;;;
94991381170;;;;
83991629569;;;;
83991629569;;;;
83991629569;;;;
87988432242;;;;
87988432242;;;;
87988432242;;;;
73988020758;;;;
73988020758;;;;
83996299800;;;;
83996299800;;;;
73999838565;;;;
73981602216;;;;
69999999999;;;;
85999646003;;;;
85996959127;;;;
89999022939;;;;
85988831000;;;;
84998582755;;;;
82981973404;;;;
74999951736;;;;
82996657442;;;;
74981115174;;;;
81981970102;;;;
84991565567;;;;
84991565567;;;;
79999860044;;;;
89994227725;;;;
84986788096;;;;
74991444995;;;;
81992710196;;;;
71988425606;;;;
71988425606;;;;
71988425606;;;;
71988425606;;;;
71988425606;;;;
84996670968;;;;
7992247880;;;;
7992247880;;;;
75981557795;;;;
77999695090;;;;
77999695090;;;;
86994021971;;;;
86994021971;;;;
83988249003;;;;
83988249003;;;;
83988745442;;;;
83988745442;;;;
83988745442;;;;
81988000000;;;;
75997003423;;;;
66992550433;;;;
85994053886;;;;
85999978117;;;;
75988092315;;;;
74988360366;;;;
83993115502;;;;
71982168665;;;;
87999085132;;;;
87999085132;;;;
71999426207;;;;
71999426207;;;;
79996839070;;;;
33998749495;;;;
83996609250;;;;
82988430050;;;;
8798731308;;;;
75987001900;;;;
7992114504;;;;
7992114504;;;;
7193532175;;;;
79999615464;;;;
79999615464;;;;
86999818125;;;;
7192890734;;;;
7192890734;;;;
85996554443;;;;
81911111111;;;;
81911111111;;;;
81911111111;;;;
81911111111;;;;
71997254327;;;;
8493213662;;;;
83996361100;;;;
71993740721;;;;
81992463555;;;;
8493173106;;;;
7995265014;;;;
7596233277;;;;
87998059961;;;;
7196711109;;;;
81999874714;;;;
85999268384;;;;
77999971593;;;;
71996980203;;;;
8393102044;;;;
88999264798;;;;
8593211258;;;;
71991647066;;;;
87988231120;;;;
8193253188;;;;
82999003284;;;;
86998239402;;;;
71991612563;;;;
7193290164;;;;
71991145603;;;;
85988351654;;;;
83988806857;;;;
83996385928;;;;
83993321095;;;;
82999450442;;;;
85991677594;;;;
79999634738;;;;
75999661571;;;;
88999459500;;;;
77999873896;;;;
84996784858;;;;
87988362435;;;;
81999811782;;;;
75991804716;;;;
84988730470;;;;
75982037779;;;;
71999186533;;;;
81996822182;;;;
82999263631;;;;
88996466268;;;;
85986594945;;;;
71991815584;;;;
84987645714;;;;
83988491605;;;;
75999515451;;;;
75991670252;;;;
87996223517;;;;
77988088617;;;;
83988971117;;;;
73991748484;;;;
73999852101;;;;
77988336265;;;;
83999183305;;;;
77999584911;;;;
71993440099;;;;
79998688647;;;;
86998863398;;;;
79998780118;;;;
86999157394;;;;
83987115304;;;;
79996124226;;;;
81999744044;;;;
71991910755;;;;
84999169142;;;;
86999862195;;;;
85986824052;;;;
74991302733;;;;
85986835282;;;;
86994950577;;;;
85987355747;;;;
84996619200;;;;
73981310201;;;;
79999074447;;;;
71986959236;;;;
89981035876;;;;
71999183437;;;;
85996726841;;;;
82999036213;;;;
71991960297;;;;
73981073412;;;;
84998199645;;;;
74999499777;;;;
81988641717;;;;
77999664033;;;;
81988779817;;;;
81984117664;;;;
74981152218;;;;
71999812208;;;;
85999444019;;;;
88997108378;;;;
61995361402;;;;
82991548758;;;;
81992472818;;;;
82981774341;;;;
71981292187;;;;
86995853284;;;;
84999857856;;;;
82999101004;;;;
71992601389;;;;
81988985452;;;;
71987693992;;;;
85985534508;;;;
85988576335;;;;
74999662074;;;;
77991116580;;;;
79999740501;;;;
87991262043;;;;
77999919322;;;;
11964408743;;;;
84994512962;;;;
75999639848;;;;
74981278625;;;;
82999170330;;;;
74999477755;;;;
87999567963;;;;
83998824866;;;;
87998098451;;;;
81992074795;;;;
87998098451;;;;
85997950544;;;;
81998930060;;;;
75998404594;;;;
79999999999;;;;
75991947060;;;;
85999939458;;;;
83993423450;;;;
73999236138;;;;
71999084069;;;;
85997841965;;;;
85986824880;;;;
87988370656;;;;
81992938507;;;;
71988221010;;;;
81985994222;;;;
84991247250;;;;
88998084450;;;;
85984115864;;;;
85986702187;;;;
77988701335;;;;
87999040149;;;;
85987879064;;;;
84987651510;;;;
83996480001;;;;
81982657030;;;;
81984760978;;;;
75988425160;;;;
71999380786;;;;
71985853409;;;;
85987828104;;;;
85984155354;;;;
82982227363;;;;
81997058158;;;;
85991561194;;;;
83986932683;;;;
71982797785;;;;
85991598284;;;;
83988478011;;;;
75992022143;;;;
71992716887;;;;
87999730013;;;;
84996332399;;;;
79988462013;;;;
81998285589;;;;
75999068639;;;;
73998279800;;;;
85988078399;;;;
73982016644;;;;
82993155593;;;;
84996632087;;;;
84991339863;;;;
85986990509;;;;
85981373942;;;;
79999522578;;;;
81997435119;;;;
82999749592;;;;
81971150289;;;;
73981119588;;;;
89994460987;;;;
85996324370;;;;
73999880803;;;;
71994411133;;;;
85999356867;;;;
85998789891;;;;
79996302522;;;;
88996632325;;;;
81983409310;;;;
11914081695;;;;
77981138257;;;;
41988596897;;;;
75999322236;;;;
86999404482;;;;
73999512443;;;;
85987682817;;;;
77991013211;;;;
85999920101;;;;
71993565888;;;;
77999505474;;;;
71986040002;;;;
33999402385;;;;
71982411583;;;;
83988861308;;;;
71999655796;;;;
86999744248;;;;
85994161597;;;;
82981400155;;;;
84988320009;;;;
71996151020;;;;
81981819573;;;;
75992208820;;;;
83988788881;;;;
83999811275;;;;
71993388633;;;;
71999858171;;;;
84991005577;;;;
81992062421;;;;
88999559202;;;;
82988064886;;;;
86999647733;;;;
75988366725;;;;
79996622772;;;;
74988133382;;;;
71999985454;;;;
84991122706;;;;
77999666598;;;;
71987069134;;;;
84994350517;;;;
81988315015;;;;
83987856821;;;;
85997876208;;;;
82996351728;;;;
98981243323;;;;
83987077938;;;;
82999008100;;;;
85988576335;;;;
88999392866;;;;
75991759621;;;;
77999339883;;;;
87988427866;;;;
81987676271;;;;
81999872422;;;;
79998553232;;;;
71988929014;;;;
71986339211;;;;
87988229894;;;;
79996396005;;;;
81991981030;;;;
83981052525;;;;
83988628337;;;;
82991041618;;;;
88998094134;;;;
83991021221;;;;
85999881016;;;;
79998414676;;;;
73999991920;;;;
75988868686;;;;
81988474623;;;;
75981410729;;;;
83981624422;;;;
87981174055;;;;
77999398697;;;;
81996729409;;;;
81985397040;;;;
81992674259;;;;
84999985400;;;;
85996546924;;;;
71982257237;;;;
85996085106;;;;
83988697163;;;;
85985373916;;;;
71998401899;;;;
81973209191;;;;
75982710972;;;;
87981454851;;;;
86994552549;;;;
85997663845;;;;
21971311621;;;;
73988374357;;;;
87999413041;;;;
82994126503;;;;
75998015458;;;;
75991313993;;;;
84999406615;;;;
82996559697;;;;
38992121419;;;;
62996693553;;;;
84996967707;;;;
82988344532;;;;
71992375217;;;;
75981055969;;;;
85996898454;;;;
11999934471;;;;
83999923600;;;;
85991468277;;;;
75997147512;;;;
82999587106;;;;
71987698898;;;;
87988041115;;;;
81992857093;;;;
86994525546;;;;
82998312825;;;;
73999050933;;;;
79998683973;;;;
81991842757;;;;
81975068778;;;;
73999262087;;;;
83988498810;;;;
85995735335;;;;
82999420364;;;;
82999420364;;;;
82999420364;;;;
82999420364;;;;
83987953721;;;;
85987207506;;;;
85981471382;;;;
83986936000;;;;
83986936000;;;;
88993340067;;;;
81998326318;;;;
74991416028;;;;
79998452445;;;;
84998581952;;;;
81996726185;;;;
75981402034;;;;
71983651010;;;;
71983651010;;;;
71983651010;;;;
85988548549;;;;
85988548549;;;;
75991842911;;;;
71987651147;;;;
86999275182;;;;
86999275182;;;;
86999275182;;;;
86999275182;;;;
82987460297;;;;
83999890152;;;;
83999890152;;;;
83999890152;;;;
75998137951;;;;
75998137951;;;;
81997550741;;;;
85997665294;;;;
71982998885;;;;
77998610700;;;;
86999615408;;;;
75982189965;;;;
84999530731;;;;
84999530731;;;;
71991880065;;;;
79998333758;;;;
86995130114;;;;
71999988401;;;;
81999402908;;;;
84988125003;;;;
75988047393;;;;
86988388404;;;;
86988388404;;;;
86988388404;;;;
86988388404;;;;
86988388404;;;;
71992050578;;;;
71992050578;;;;
87999041032;;;;
84991506539;;;;
83999744070;;;;
73999978219;;;;
81995322228;;;;
85988482112;;;;
83981404873;;;;
83981404873;;;;
75999001547;;;;
41996869828;;;;
85996231794;;;;
85996231794;;;;
85997616610;;;;
83996536184;;;;
81988334411;;;;
82999315651;;;;
81992392668;;;;
75988442217;;;;
75988907892;;;;
75988907892;;;;
85996115257;;;;
85996115257;;;;
85996115257;;;;
85996115257;;;;
74981140068;;;;
74981140068;;;;
88989540708;;;;
77991310567;;;;
85996027236;;;;
75998722747;;;;
75998722747;;;;
85998044830;;;;
73982350754;;;;
85998053276;;;;
85998053276;;;;
77999274788;;;;
92994130099;;;;
79991210033;;;;
81986233566;;;;
87988024315;;;;
87988024315;;;;
87988024315;;;;
87988024315;;;;
87988024315;;;;
87988024315;;;;
85985230287;;;;
61999632754;;;;
81988306398;;;;
81988306398;;;;
83996726387;;;;
83996726387;;;;
75981949349;;;;
71987006064;;;;
73991846266;;;;
79999260992;;;;
86994654697;;;;
86994654697;;;;
83991544459;;;;
83991544459;;;;
83991544459;;;;
83991544459;;;;
83991544459;;;;
83991544459;;;;
83991544459;;;;
83991544459;;;;
83991544459;;;;
83991544459;;;;
83991544459;;;;
85987612155;;;;
79999720329;;;;
81997676424;;;;
71999057685;;;;
79988688198;;;;
81999146790;;;;
82981234394;;;;
77998443029;;;;
89994060264;;;;
85989187272;;;;
85989187272;;;;
85991173126;;;;
77998179300;;;;
73998062519;;;;
79991642599;;;;
71991037202;;;;
71991037202;;;;
85988879325;;;;
85999306150;;;;
75981323851;;;;
73988333499;;;;
71991646069;;;;
83987186330;;;;
81985662636;;;;
75981839343;;;;
75991018613;;;;
84986020049;;;;
85991334045;;;;
85991334045;;;;
89981466787;;;;
81986894849;;;;
81996185912;;;;
81996185912;;;;
77988721717;;;;
77988721717;;;;
75992290234;;;;
75992290234;;;;
85988025055;;;;
71992696750;;;;
71992696750;;;;
75981586262;;;;
83996837456;;;;
83996837456;;;;
71991631219;;;;
87988262412;;;;
82981308062;;;;
77999601238;;;;
83998671112;;;;
83998671112;;;;
83998671112;;;;
81988899972;;;;
79998984455;;;;
85999840686;;;;
85999840686;;;;
85999840686;;;;
89988072324;;;;
81992798080;;;;
81992798080;;;;
87996600031;;;;
87996600031;;;;
87996600031;;;;
83993317317;;;;
86999813899;;;;
88993259994;;;;
88993259994;;;;
81982531316;;;;
81999983803;;;;
75999914441;;;;
71991543550;;;;
71991543550;;;;
71991543550;;;;
71991543550;;;;
86998261308;;;;
86998068119;;;;
86998068119;;;;
88994806816;;;;
88994806816;;;;
79996305983;;;;
83999900354;;;;
82998062388;;;;
85996294342;;;;
85996294342;;;;
75988146184;;;;
83996723936;;;;
81998848575;;;;
73999158793;;;;
81999134308;;;;
81999134308;;;;
82999815041;;;;
82999815041;;;;
81998959566;;;;
71991145585;;;;
88996759116;;;;
81999865027;;;;
84988272940;;;;
75991963500;;;;
31997107196;;;;
31997107196;;;;
84988011339;;;;
84999909097;;;;
81996337463;;;;
81996337463;;;;
81996337463;;;;
81996337463;;;;
81996337463;;;;
81996337463;;;;
81996337463;;;;
81996337463;;;;
81996337463;;;;
81996337463;;;;
81996337463;;;;
81996337463;;;;
81996337463;;;;
81996337463;;;;
81996337463;;;;
81996337463;;;;
85987439080;;;;
84999677846;;;;
75982466782;;;;
81997777825;;;;
74999084767;;;;
79999792993;;;;
75999036304;;;;
75999036304;;;;
71981816818;;;;
85988770000;;;;
85988770000;;;;
85997638119;;;;
71992860697;;;;
71992860697;;;;
73999970561;;;;
73999970561;;;;
79998427285;;;;
79998427285;;;;
85999714156;;;;
85997390435;;;;
85997390435;;;;
85997390435;;;;
81999341178;;;;
79996658037;;;;
81992224037;;;;
85997308808;;;;
71992690763;;;;
87981761726;;;;
87981761726;;;;
88997876473;;;;
81981837655;;;;
81999999999;;;;
81986548262;;;;
74999544705;;;;
79998346864;;;;
84999167068;;;;
84999167068;;;;
88999285015;;;;
88999285015;;;;
85985246835;;;;
85986792468;;;;
85986792468;;;;
81992440500;;;;
81992440500;;;;
87981548713;;;;
87981548713;;;;
87981548713;;;;
87981548713;;;;
87981548713;;;;
87981548713;;;;
75981356402;;;;
75981356402;;;;
79998729355;;;;
79999564321;;;;
63992110404;;;;
77999680506;;;;
81992979769;;;;
81992979769;;;;
81992979769;;;;
83999854287;;;;
84996419797;;;;
79998202321;;;;
85999833748;;;;
88996695697;;;;
81994003982;;;;
81994003982;;;;
83993576041;;;;
81983686718;;;;
75992650117;;;;
88996486848;;;;
88996486848;;;;
79999788996;;;;
87996092533;;;;
83986135475;;;;
83993483476;;;;
85999349089;;;;
85999349089;;;;
81994120588;;;;
86994313303;;;;
81986321168;;;;
81986321168;;;;
83999280514;;;;
85999438993;;;;
75987025391;;;;
81996605784;;;;
81999500188;;;;
88981050999;;;;
85992796949;;;;
85992796949;;;;
85988713991;;;;
75999091701;;;;
75999091701;;;;
71987762504;;;;
71987762504;;;;
71987762504;;;;
71986041957;;;;
71986041957;;;;
71986041957;;;;
71986041957;;;;
71986041957;;;;
88994055613;;;;
82911111111;;;;
88999498930;;;;
82999992461;;;;
83986409388;;;;
14998709818;;;;
83991141135;;;;
87999416691;;;;
83996252691;;;;
83996252691;;;;
85994109366;;;;
73991878728;;;;
85999726769;;;;
41997880145;;;;
84998543600;;;;
81998683069;;;;
81997487709;;;;
81997487709;;;;
85996164706;;;;
81999351612;;;;
73991186799;;;;
85997302345;;;;
85997302345;;;;
84999082377;;;;
11988545474;;;;
74999666272;;;;
33985494944;;;;
73999091299;;;;
73999091299;;;;
85999999999;;;;
81985646775;;;;
85982210841;;;;
85982210841;;;;
84996608888;;;;
87999171030;;;;
81986774183;;;;
8194455839;;;;
8194455839;;;;
71991429669;;;;
71991429669;;;;
82991788445;;;;
84994083366;;;;
8292411530;;;;
8292411530;;;;
8292411530;;;;
8292411530;;;;
8292411530;;;;
8292411530;;;;
88996130185;;;;
81996192253;;;;
8592354811;;;;
829361000;;;;
8193412491;;;;
84994078511;;;;
7994313939;;;;
7196451852;;;;
82999100066;;;;
89981375527;;;;
71992945712;;;;
8594894253;;;;
88996002751;;;;
8394432311;;;;
8295229400;;;;
85999813525;;;;
88990000000;;;;
74999345524;;;;
71986169655;;;;
8192512339;;;;
84981391977;;;;
77988289465;;;;
87988285680;;;;
83999927131;;;;
81982862712;;;;
82999148690;;;;
73998119806;;;;
81994336843;;;;
83998376246;;;;
74991413435;;;;
88993139374;;;;
71998713250;;;;
88996714426;;;;
71988009727;;;;
8995622599;;;;
85996420401;;;;
85988349241;;;;
83993728320;;;;
84987985400;;;;
79999108820;;;;
81986238471;;;;
79999868056;;;;
81994116915;;;;
81986313418;;;;
82999624132;;;;
79998604440;;;;
81992050139;;;;
82993081856;;;;
85986441295;;;;
81996815641;;;;
82999838754;;;;
88999968400;;;;
84988765019;;;;
79988191595;;;;
84987083424;;;;
85988017088;;;;
79999190367;;;;
85996423345;;;;
88996090702;;;;
77999681040;;;;
71987688297;;;;
85985452380;;;;
71987954767;;;;
85991103808;;;;
89999759160;;;;
83988970557;;;;
81987138960;;;;
81998223338;;;;
85999151211;;;;
86999454542;;;;
86994116111;;;;
77999943738;;;;
85987044388;;;;
81992938507;;;;
81999948060;;;;
82988856126;;;;
75982517562;;;;
83981052525;;;;
82993081856;;;;
83986761936;;;;
71991134833;;;;
71988956716;;;;
85997165000;;;;
75999250639;;;;
83999849098;;;;
61999982409;;;;
79999798565;;;;
85986360000;;;;
89994368242;;;;
88981961628;;;;
85991480294;;;;
84987154721;;;;
81989486738;;;;
84981905310;;;;
82999835111;;;;
81997329318;;;;
86994548989;;;;
85997680606;;;;
84999095428;;;;
79999627788;;;;
79998723989;;;;
74988143820;;;;
82999940707;;;;
83986642488;;;;
73999737700;;;;
75999873054;;;;
84991159493;;;;
83988934232;;;;
83996611774;;;;
87988097215;;;;
81999697848;;;;
85988998951;;;;
75991019500;;;;
79999765798;;;;
71984108182;;;;
85999133180;;;;
85989222433;;;;
81989125774;;;;
75992620042;;;;
75999431515;;;;
87999088888;;;;
71986294477;;;;
77999538475;;;;
81982811748;;;;
79988490708;;;;
88997538179;;;;
74999677952;;;;
82998385141;;;;
85999610761;;;;
74999227857;;;;
79996428141;;;;
73998448478;;;;
73981464399;;;;
83987011586;;;;
79996360209;;;;
85988765659;;;;
77999590110;;;;
75991327199;;;;
88981128152;;;;
81999849245;;;;
83999312384;;;;
86994254117;;;;
86999691526;;;;
75991730493;;;;
71988245273;;;;
81985127126;;;;
88996300971;;;;
79998852965;;;;
71997089910;;;;
81987130308;;;;
85991468277;;;;
81999999999;;;;
81989070144;;;;
71996093003;;;;
83987575438;;;;
71991786987;;;;
87981603500;;;;
79998652518;;;;
82999073746;;;;
77988697927;;;;
77991416181;;;;
86981216880;;;;
85981195010;;;;
85989496787;;;;
71997376949;;;;
85982122705;;;;
87999105885;;;;
73999123372;;;;
75988430018;;;;
71992418122;;;;
84994086908;;;;
85999256773;;;;
87992020142;;;;
75988334007;;;;
89981484312;;;;
71987935887;;;;
77999277139;;;;
75991816889;;;;
84996978719;;;;
77998265400;;;;
81994887669;;;;
88999996000;;;;
11993054062;;;;
81999206242;;;;
74991415508;;;;
87988057232;;;;
81995711357;;;;
75999570394;;;;
82999031213;;;;
81992168451;;;;
71991964800;;;;
83998127770;;;;
73988044522;;;;
77991096892;;;;
75991730493;;;;
83988238533;;;;
82999544185;;;;
85982066606;;;;
71983477573;;;;
81996796507;;;;
85997774445;;;;
75988442515;;;;
82994351243;;;;
84985632021;;;;
86999912661;;;;
81989871540;;;;
82999789337;;;;
85987546749;;;;
85996853722;;;;
85987769600;;;;
85997115370;;;;
73999820047;;;;
84991714625;;;;
81996849812;;;;
71996550707;;;;
77988060771;;;;
85989119481;;;;
81996916763;;;;
83996585466;;;;
82996212477;;;;
79999781496;;;;
75999579451;;;;
81979013643;;;;
75997042505;;;;
85992269545;;;;
84998129009;;;;
85991494578;;;;
84996219914;;;;
85987477114;;;;
77988696008;;;;
84988007856;;;;
83999105930;;;;
88997657130;;;;
85999990024;;;;
83981609805;;;;
85999730031;;;;
81999901097;;;;
88990000000;;;;
73988777782;;;;
84996970490;;;;
79999924373;;;;
75998389883;;;;
79991417555;;;;
77999734008;;;;
86998441420;;;;
77999221060;;;;
81998930060;;;;
86999509752;;;;
81979137141;;;;
75992470897;;;;
85986415885;;;;
77991365598;;;;
81997270000;;;;
71991614524;;;;
83987263313;;;;
83988748103;;;;
73998529602;;;;
71991466550;;;;
85985020228;;;;
84999329026;;;;
71998851575;;;;
85999066237;;;;
81992726845;;;;
86999965522;;;;
84996268310;;;;
86994456975;;;;
73999955001;;;;
86994649791;;;;
88988560420;;;;
71981168820;;;;
77998309181;;;;
87988668032;;;;
71981511422;;;;
84994223138;;;;
81987300495;;;;
79998396835;;;;
85986236515;;;;
81985040711;;;;
84994247493;;;;
82996385968;;;;
86981216113;;;;
71997044844;;;;
81996852057;;;;
77999529473;;;;
89999977398;;;;
84981196624;;;;
71988218222;;;;
81995714568;;;;
84996674905;;;;
81992307434;;;;
86999139659;;;;
85987728075;;;;
84998180139;;;;
81994364350;;;;
77999023003;;;;
75983120820;;;;
88993575012;;;;
81973277617;;;;
83999885522;;;;
62981358747;;;;
79999025588;;;;
84999843246;;;;
84998034800;;;;
71999540338;;;;
86998088664;;;;
86998088664;;;;
83988122591;;;;
83988122591;;;;
8295311185;;;;
8295311185;;;;
86994100223;;;;
83993324432;;;;
83993324432;;;;
77999625993;;;;
77999625993;;;;
77999625993;;;;
77999625993;;;;
77999625993;;;;
87999661932;;;;
71988928638;;;;
71988928638;;;;
71988928638;;;;
83998567662;;;;
82991255414;;;;
82991255414;;;;
81992649046;;;;
84999276642;;;;
84999276642;;;;
82999527887;;;;
82999527887;;;;
75988818031;;;;
75988818031;;;;
75991144444;;;;
85999689648;;;;
85999689648;;;;
85999689648;;;;
85999689648;;;;
71988475166;;;;
71992021787;;;;
85996190684;;;;
85996190684;;;;
85999962425;;;;
75988043939;;;;
75988043939;;;;
75991895381;;;;
75991895381;;;;
81971176006;;;;
85987538743;;;;
81986322931;;;;
81986322931;;;;
81986322931;;;;
85988499530;;;;
85988499530;;;;
79988071911;;;;
79988071911;;;;
75992381812;;;;
84991421265;;;;
88999918077;;;;
71992941959;;;;
84998112880;;;;
75998152252;;;;
84988984971;;;;
16993116236;;;;
81987795442;;;;
81987795442;;;;
81987795442;;;;
85999047776;;;;
82988280005;;;;
82988280005;;;;
87991266550;;;;
87991266550;;;;
87988075380;;;;
63984778685;;;;
75992652917;;;;
75992652917;;;;
83991289313;;;;
83991289313;;;;
87988760988;;;;
83996230304;;;;
83996230304;;;;
79981162519;;;;
75981133061;;;;
75988088838;;;;
85987892505;;;;
82988056795;;;;
86995104578;;;;
86995104578;;;;
79988537914;;;;
79988537914;;;;
79998955394;;;;
88992611699;;;;
81991647161;;;;
83987862187;;;;
83987862187;;;;
73991383270;;;;
73991383270;;;;
73991383270;;;;
73991383270;;;;
89981130019;;;;
85992080840;;;;
85999075450;;;;
75992293373;;;;
75992458280;;;;
73991712017;;;;
73991712017;;;;
81971032722;;;;
79999272220;;;;
81992380053;;;;
73988004617;;;;
44998442410;;;;
83993696199;;;;
71998682339;;;;
81997748253;;;;
81997748253;;;;
85999090802;;;;
81992774837;;;;
75992787266;;;;
87988426251;;;;
86994611446;;;;
86994611446;;;;
73992250200;;;;
79999892999;;;;
79999892999;;;;
86988930014;;;;
61981581569;;;;
81999594323;;;;
88997791961;;;;
71988441361;;;;
84981317463;;;;
88999085450;;;;
88988474758;;;;
73999786081;;;;
83988412171;;;;
71992222835;;;;
82999738344;;;;
83991611889;;;;
82999964356;;;;
82999964356;;;;
77999762282;;;;
77999762282;;;;
83999617020;;;;
83999617020;;;;
83999617020;;;;
85997080505;;;;
11985341469;;;;
83986067963;;;;
81982060491;;;;
81985662490;;;;
81985662490;;;;
81985662490;;;;
81985662490;;;;
81985662490;;;;
81985662490;;;;
81985662490;;;;
81985662490;;;;
81985662490;;;;
81985662490;;;;
81985662490;;;;
81985662490;;;;
81985662490;;;;
81985662490;;;;
81985662490;;;;
81985662490;;;;
81985662490;;;;
81985662490;;;;
81985662490;;;;
81985662490;;;;
81985662490;;;;
77981056907;;;;
75991955835;;;;
79988764330;;;;
85996319802;;;;
85996319802;;;;
83999557901;;;;
82999539380;;;;
81994722783;;;;
81994722783;;;;
85997957489;;;;
81983149593;;;;
83998907169;;;;
85991784577;;;;
83996294769;;;;
85987854058;;;;
77999244075;;;;
82999289180;;;;
73999091425;;;;
86994626595;;;;
84999553616;;;;
86994005920;;;;
88999522771;;;;
77999892078;;;;
77999892078;;;;
77999892078;;;;
79981370129;;;;
81996194181;;;;
88992260536;;;;
88998081550;;;;
71996663246;;;;
83999041595;;;;
83999041595;;;;
71999901521;;;;
81992660416;;;;
84999676314;;;;
38991121580;;;;
79991211339;;;;
77998376727;;;;
62998616722;;;;
86999115036;;;;
86999115036;;;;
86999115036;;;;
88996375828;;;;
77999182905;;;;
83986105914;;;;
83988054116;;;;
11972791928;;;;
11972791928;;;;
82996192561;;;;
82996192561;;;;
75981280051;;;;
87996011928;;;;
87996700300;;;;
85989930870;;;;
85989930870;;;;
85989930870;;;;
38998262760;;;;
75992721321;;;;
81982560533;;;;
71996148033;;;;
33988320853;;;;
88981037827;;;;
88981037827;;;;
88981037827;;;;
88981037827;;;;
81992150128;;;;
81994823139;;;;
83988656727;;;;
83988656727;;;;
84998189530;;;;
84998189530;;;;
75991312700;;;;
11971382871;;;;
71992291906;;;;
81986920017;;;;
84998539547;;;;
75983651356;;;;
83986230052;;;;
71991441613;;;;
18996010804;;;;
18996010804;;;;
88988888888;;;;
77999753601;;;;
77999753601;;;;
84996310808;;;;
84996310808;;;;
86994097256;;;;
86994097256;;;;
83991448460;;;;
84991565567;;;;
84991565567;;;;
81983444424;;;;
99984547754;;;;
73991504794;;;;
77999155783;;;;
85987558170;;;;
81981997099;;;;
84988725837;;;;
79998933921;;;;
81999842659;;;;
75991688450;;;;
71987708015;;;;
81999841125;;;;
85998686791;;;;
88988569596;;;;
74999714491;;;;
74999714491;;;;
85997260768;;;;
79998061848;;;;
89994477260;;;;
11999999999;;;;
85997099709;;;;
79999759554;;;;
79999759554;;;;
82987018468;;;;
71992505772;;;;
71992505772;;;;
71992505772;;;;
83993255470;;;;
83991430303;;;;
83996592321;;;;
85986416518;;;;
79991062527;;;;
79991062527;;;;
81992281811;;;;
77999817347;;;;
77999817347;;;;
77999817347;;;;
83987953201;;;;
81997839797;;;;
81997839797;;;;
87988372617;;;;
87988372617;;;;
74999688209;;;;
74999688209;;;;
71988214937;;;;
85988257117;;;;
85988257117;;;;
85987797905;;;;
88997132451;;;;
88997132451;;;;
41988317101;;;;
81994062955;;;;
73999413740;;;;
73999413740;;;;
84991565567;;;;
84991565567;;;;
84996081402;;;;
84996081402;;;;
84996081402;;;;
84996081402;;;;
84996081402;;;;
84996081402;;;;
84996081402;;;;
84996081402;;;;
84996081402;;;;
83999322227;;;;
79991439666;;;;
85999141021;;;;
85999141021;;;;
71996118976;;;;
81996181915;;;;
73999151001;;;;
73999151001;;;;
75991009409;;;;
82991769591;;;;
77999150846;;;;
77999150846;;;;
86994338458;;;;
88988592707;;;;
11988808065;;;;
83981962104;;;;
75991409758;;;;
75991409758;;;;
75991409758;;;;
88997294269;;;;
87999819269;;;;
74991432275;;;;
71985556556;;;;
71985556556;;;;
71997172077;;;;
8692351717;;;;
82999692481;;;;
82999692481;;;;
71999689804;;;;
71999696555;;;;
71999696555;;;;
79988629045;;;;
77988034090;;;;
77988034090;;;;
77988034090;;;;
11911111111;;;;
71997172077;;;;
71998822787;;;;
71998822787;;;;
83998105252;;;;
83998105252;;;;
8592541275;;;;
8592541275;;;;
85992492651;;;;
83993639801;;;;
83993639801;;;;
71998841322;;;;
71999999999;;;;
7992224799;;;;
7594361005;;;;
7992462619;;;;
86994022457;;;;
8594955363;;;;
71996085889;;;;
84986234298;;;;
7992118220;;;;
8592615216;;;;
82999926219;;;;
41999909891;;;;
86999999999;;;;
88992163523;;;;
88996017431;;;;
88999210006;;;;
73999170703;;;;
7193586666;;;;
71999249797;;;;
84996105541;;;;
88997376667;;;;
81997159105;;;;
89999361417;;;;
74988338640;;;;
82999064818;;;;
81984963712;;;;
86988180646;;;;
82996105874;;;;
82988710420;;;;
73999642745;;;;
84991338630;;;;
75988555515;;;;
85999592205;;;;
75999838706;;;;
81999763649;;;;
83999260223;;;;
81998616688;;;;
77981156597;;;;
73988242020;;;;
79991918895;;;;
77991271354;;;;
73999735599;;;;
81996936765;;;;
71988552121;;;;
73981111106;;;;
88988416131;;;;
73991181114;;;;
83996076757;;;;
86981698939;;;;
73988357115;;;;
73988737300;;;;
82911111111;;;;
74988033974;;;;
88999063501;;;;
77988119200;;;;
84991833559;;;;
85991002772;;;;
79999718837;;;;
77999832058;;;;
71987085009;;;;
83988996516;;;;
71991176384;;;;
77988280400;;;;
88996171264;;;;
88982146275;;;;
85988889998;;;;
84999071804;;;;
88996294601;;;;
74988192412;;;;
85999367022;;;;
87988535272;;;;
75991918374;;;;
71987182096;;;;
83999994495;;;;
87999786453;;;;
86988487241;;;;
82998889237;;;;
89994509317;;;;
71999617848;;;;
86988149101;;;;
81988955555;;;;
88988620212;;;;
73999392436;;;;
75998972759;;;;
71999931007;;;;
86995912447;;;;
84987295788;;;;
71981466120;;;;
86988323050;;;;
74991170224;;;;
84999473205;;;;
71982553605;;;;
75991172779;;;;
71986026660;;;;
85997100833;;;;
83988071361;;;;
73991440276;;;;
79999986354;;;;
88981386896;;;;
85998662120;;;;
75992537690;;;;
71981358176;;;;
84996361034;;;;
82999332430;;;;
75998140824;;;;
82988956112;;;;
84999999999;;;;
83998166333;;;;
75982328686;;;;
71987480146;;;;
71999065256;;;;
83988984664;;;;
87988531560;;;;
84999770499;;;;
82991078896;;;;
84981155749;;;;
81999987453;;;;
86998433330;;;;
79998963934;;;;
81981878666;;;;
81988206754;;;;
71999137668;;;;
71991191966;;;;
84999260137;;;;
71987383274;;;;
81988939889;;;;
87998098451;;;;
85999999999;;;;
81985114024;;;;
71996541413;;;;
81992989244;;;;
86999893324;;;;
83988101863;;;;
88992460984;;;;
84987238504;;;;
81983301007;;;;
81988090630;;;;
82999685520;;;;
71991146004;;;;
84996061010;;;;
85989058729;;;;
87988778281;;;;
81999990626;;;;
79999979931;;;;
81999711860;;;;
88994447958;;;;
79991980651;;;;
74999677391;;;;
85984015824;;;;
83988884399;;;;
88981075776;;;;
88997010814;;;;
83993424023;;;;
75991580167;;;;
81991543435;;;;
83986406912;;;;
84996162532;;;;
86994329391;;;;
77988270460;;;;
79999710465;;;;
41999374464;;;;
77988881000;;;;
82982197962;;;;
87988326803;;;;
82981331363;;;;
88996615828;;;;
83981038722;;;;
83986388283;;;;
71988482407;;;;
86994994774;;;;
71991674989;;;;
71991284280;;;;
83981816950;;;;
82999990070;;;;
73981071063;;;;
71987741234;;;;
83999211431;;;;
75992700000;;;;
71993867509;;;;
85997383806;;;;
81992773826;;;;
73999071663;;;;
88981463606;;;;
81985352406;;;;
81998429813;;;;
11992993182;;;;
79998752784;;;;
71996694949;;;;
75981530634;;;;
86994748861;;;;
81999924105;;;;
83991258107;;;;
84994505521;;;;
84999789412;;;;
71997384606;;;;
71997778838;;;;
71988731978;;;;
85996267841;;;;
73988873189;;;;
83996194776;;;;
73999191921;;;;
81996306579;;;;
85996891665;;;;
88963544877;;;;
81994697063;;;;
81995289467;;;;
86911111111;;;;
85999186799;;;;
84999589370;;;;
82999896093;;;;
89994637680;;;;
71981194016;;;;
73999206011;;;;
77999670758;;;;
85988079926;;;;
85994093549;;;;
88996388311;;;;
84987428925;;;;
84999170545;;;;
82988855770;;;;
83999483005;;;;
79998946060;;;;
82981101218;;;;
83996076757;;;;
88996440023;;;;
85985797804;;;;
71982401740;;;;
81992883219;;;;
85996438861;;;;
77991745445;;;;
86994026796;;;;
84986060207;;;;
85992459443;;;;
81996890512;;;;
84987194776;;;;
81988079664;;;;
81999711166;;;;
89994466736;;;;
82981071717;;;;
87999810755;;;;
75999366684;;;;
73991708272;;;;
81999245863;;;;
71982224668;;;;
77999952443;;;;
84981511634;;;;
85999633321;;;;
81996573586;;;;
77999643086;;;;
11964715295;;;;
83988731550;;;;
85997313754;;;;
85997640849;;;;
87991461175;;;;
81982267879;;;;
83987904102;;;;
75999401866;;;;
84994304620;;;;
88981268811;;;;
84999145845;;;;
88999351993;;;;
87992040558;;;;
84996349989;;;;
89999796163;;;;
62981380013;;;;
82999908383;;;;
85998354321;;;;
83993514739;;;;
86988262009;;;;
82911111111;;;;
81988511130;;;;
88999627525;;;;
81998305697;;;;
81987458745;;;;
79981120371;;;;
71992485789;;;;
84992041970;;;;
81987499440;;;;
89994742279;;;;
83998102947;;;;
81999712122;;;;
71992108680;;;;
73991411841;;;;
71987883045;;;;
71992438968;;;;
83988680979;;;;
85998236663;;;;
77999038815;;;;
71991167302;;;;
71992039838;;;;
79998528487;;;;
85991313548;;;;
83986506658;;;;
75991780126;;;;
81992332053;;;;
81994291877;;;;
84994116127;;;;
71981060325;;;;
84999814011;;;;
81988373289;;;;
87991697049;;;;
71988384128;;;;
82998059127;;;;
71992859648;;;;
81991540052;;;;
79998232286;;;;
79991070099;;;;
77999651071;;;;
81985352406;;;;
83996071247;;;;
85985254647;;;;
87988481112;;;;
74988379609;;;;
87988612772;;;;
71981173216;;;;
89999785653;;;;
84996182267;;;;
73998441848;;;;
75982713568;;;;
88993553216;;;;
71992983576;;;;
81988695249;;;;
79991611111;;;;
71983929082;;;;
88981011999;;;;
88997949971;;;;
84991565567;;;;
81991228149;;;;
71991387466;;;;
71991387466;;;;
85996875554;;;;
81988785584;;;;
83999831105;;;;
77988033370;;;;
83996076757;;;;
83996076757;;;;
83996076757;;;;
83996076757;;;;
79999240011;;;;
86988249184;;;;
81998212500;;;;
86981268252;;;;
82999490093;;;;
75998614355;;;;
69984937311;;;;
81988576474;;;;
75988489507;;;;
71991662992;;;;
85989778033;;;;
83996856912;;;;
85999335514;;;;
88993207767;;;;
83999831105;;;;
82996123031;;;;
21969392831;;;;
84999563338;;;;
83988680396;;;;
81992723826;;;;
84999999999;;;;
84996252323;;;;
82999804820;;;;
85991369438;;;;
31985989278;;;;
71999335481;;;;
83991928565;;;;
73981035533;;;;
82991341325;;;;
86981372727;;;;
75999074933;;;;
51999973007;;;;
81999945735;;;;
77998172775;;;;
77998172775;;;;
71981553047;;;;
83986648660;;;;
83993821713;;;;
84988015400;;;;
85998444808;;;;
81988272012;;;;
81988272012;;;;
81988272012;;;;
81988272012;;;;
71996217260;;;;
71997417018;;;;
82982368181;;;;
82982368181;;;;
71992417984;;;;
79998928748;;;;
22988117982;;;;
22988117982;;;;
22988117982;;;;
85996984529;;;;
81997404598;;;;
81997404598;;;;
81997404598;;;;
71987431608;;;;
88981078708;;;;
81992422606;;;;
81992422606;;;;
84996971700;;;;
75999675141;;;;
81994668001;;;;
81994668001;;;;
75992128080;;;;
75992128080;;;;
83996824646;;;;
83996824646;;;;
88981233274;;;;
81994270954;;;;
81982129402;;;;
81982129402;;;;
81982129402;;;;
81982129402;;;;
81982129402;;;;
81982129402;;;;
81982129402;;;;
81982129402;;;;
81986726858;;;;
81999827202;;;;
85988098229;;;;
71996610233;;;;
71996610233;;;;
81998639289;;;;
71991053207;;;;
82993710494;;;;
83999670222;;;;
71996452925;;;;
73981243734;;;;
81986285492;;;;
81986285492;;;;
71987174689;;;;
89981018615;;;;
89981018615;;;;
73988371126;;;;
75991628597;;;;
81985719183;;;;
77981583500;;;;
87991838034;;;;
84996965626;;;;
83998021580;;;;
83998021580;;;;
79996744257;;;;
81997906871;;;;
81988331032;;;;
84994780237;;;;
87988256561;;;;
41996869828;;;;
73999729967;;;;
75988915748;;;;
81988763855;;;;
79999091898;;;;
81985915907;;;;
89994720633;;;;
89994720633;;;;
85988014517;;;;
84988045125;;;;
88997498382;;;;
88981080358;;;;
75999490689;;;;
81996793756;;;;
81996793756;;;;
81996793756;;;;
83998698504;;;;
85997522088;;;;
85988574012;;;;
81999107474;;;;
81999107474;;;;
79991189445;;;;
83981987321;;;;
82988692785;;;;
81999997035;;;;
85997605719;;;;
83986594728;;;;
85996988869;;;;
77991183205;;;;
77988233059;;;;
75991367665;;;;
71991187757;;;;
71987432945;;;;
81999999999;;;;
75981211365;;;;
88996608156;;;;
88996608156;;;;
71991777577;;;;
71991777577;;;;
75982414234;;;;
75982414234;;;;
71991814435;;;;
85991957273;;;;
85991957273;;;;
71988060505;;;;
71988060505;;;;
83981679104;;;;
83981679104;;;;
81974012222;;;;
79999866165;;;;
82996107183;;;;
81996670438;;;;
83999066305;;;;
83999066305;;;;
74999947446;;;;
74999947446;;;;
77998006185;;;;
77998006185;;;;
81988315391;;;;
82999868036;;;;
75998724969;;;;
81998392937;;;;
81998392937;;;;
79999249731;;;;
79999249731;;;;
85999854241;;;;
84999263910;;;;
88982243678;;;;
73998856020;;;;
75981055969;;;;
77983301302;;;;
75988290500;;;;
75988290500;;;;
83996680013;;;;
83996680013;;;;
71992929841;;;;
71988743421;;;;
71981259617;;;;
75992293373;;;;
71999959736;;;;
77991074684;;;;
87981345434;;;;
88999281096;;;;
81991823357;;;;
81991823357;;;;
79998567082;;;;
63981064151;;;;
81998254107;;;;
21976279930;;;;
75991886205;;;;
81988669497;;;;
75982016969;;;;
75982016969;;;;
75982016969;;;;
74999109669;;;;
74999109669;;;;
86994473540;;;;
85991837401;;;;
75991618844;;;;
84999002212;;;;
84999002212;;;;
86999259807;;;;
77999590918;;;;
85985763348;;;;
64992680480;;;;
64992680480;;;;
75992068118;;;;
82994220324;;;;
85986713853;;;;
77991828903;;;;
81996442755;;;;
81996442755;;;;
88981774757;;;;
84999220929;;;;
84999220929;;;;
83996545348;;;;
83996545348;;;;
84987411690;;;;
71981351956;;;;
89999217783;;;;
89999217783;;;;
81988119244;;;;
71997067200;;;;
71981649282;;;;
77998434142;;;;
77998434142;;;;
77998434142;;;;
77998434142;;;;
77998434142;;;;
82999825253;;;;
82999825253;;;;
82999825253;;;;
81999681659;;;;
79999123331;;;;
79999123331;;;;
81997829695;;;;
83986604040;;;;
83986604040;;;;
71991208633;;;;
11988247143;;;;
82999126660;;;;
81999038888;;;;
81999038888;;;;
81999038888;;;;
81999038888;;;;
81999038888;;;;
81999038888;;;;
81999038888;;;;
81999038888;;;;
81999038888;;;;
81999038888;;;;
81999038888;;;;
81999038888;;;;
81999038888;;;;
81999038888;;;;
81999038888;;;;
81999038888;;;;
81999038888;;;;
81999038888;;;;
81999038888;;;;
81999038888;;;;
81999038888;;;;
81999038888;;;;
81999038888;;;;
81999038888;;;;
81999038888;;;;
81999038888;;;;
81999038888;;;;
81999038888;;;;
81999038888;;;;
81999038888;;;;
81999038888;;;;
81999038888;;;;
81999038888;;;;
81999038888;;;;
81999038888;;;;
81999038888;;;;
81999038888;;;;
81999038888;;;;
81999038888;;;;
81999038888;;;;
81999038888;;;;
81999038888;;;;
81999038888;;;;
81999038888;;;;
81999038888;;;;
81999038888;;;;
81999038888;;;;
81999038888;;;;
81999038888;;;;
81999038888;;;;
81999038888;;;;
81999038888;;;;
81999038888;;;;
81999038888;;;;
81999038888;;;;
81999038888;;;;
81999038888;;;;
81999038888;;;;
81999038888;;;;
81999038888;;;;
81999038888;;;;
81999038888;;;;
81999038888;;;;
81999038888;;;;
81999038888;;;;
81999038888;;;;
81999038888;;;;
81999038888;;;;
81999038888;;;;
81999038888;;;;
81999038888;;;;
81999038888;;;;
81999038888;;;;
81999038888;;;;
81999038888;;;;
81999038888;;;;
81999038888;;;;
81999038888;;;;
81999038888;;;;
81999038888;;;;
81999038888;;;;
81999038888;;;;
81999038888;;;;
81999038888;;;;
81999038888;;;;
81999038888;;;;
81999038888;;;;
81999038888;;;;
81999038888;;;;
81999038888;;;;
81999038888;;;;
81999038888;;;;
81999038888;;;;
81999038888;;;;
81999038888;;;;
81999038888;;;;
81999038888;;;;
81999038888;;;;
81999038888;;;;
81999038888;;;;
81999038888;;;;
81999038888;;;;
81999038888;;;;
81999038888;;;;
81999038888;;;;
81999038888;;;;
81999038888;;;;
81999038888;;;;
81999038888;;;;
81999038888;;;;
81999038888;;;;
81999038888;;;;
81999038888;;;;
81999038888;;;;
41997880145;;;;
85985051259;;;;
73981382695;;;;
73981382695;;;;
88996824157;;;;
81999492701;;;;
84987440676;;;;
83996497593;;;;
71988847613;;;;
75992047681;;;;
75992047681;;;;
79999094072;;;;
71997103972;;;;
81997097290;;;;
81997097290;;;;
31988798869;;;;
31988798869;;;;
71992628541;;;;
71997081353;;;;
71997081353;;;;
85997372055;;;;
11917818839;;;;
82988378037;;;;
88996816199;;;;
85997213026;;;;
85997213026;;;;
86994554246;;;;
85996783132;;;;
75991138700;;;;
81992407987;;;;
81992407987;;;;
86995173737;;;;
87991565538;;;;
82988753868;;;;
81996520766;;;;
71981397521;;;;
73999226334;;;;
81999843866;;;;
84991565567;;;;
84991565567;;;;
86981198012;;;;
81985938709;;;;
21988600800;;;;
21988600800;;;;
86981455005;;;;
73991335532;;;;
75999848702;;;;
79999785758;;;;
77999611291;;;;
77999611291;;;;
83983400002;;;;
85996094790;;;;
81999006399;;;;
81999006399;;;;
41997880145;;;;
74999774103;;;;
85996800039;;;;
88994976327;;;;
77988597273;;;;
75998782240;;;;
75991616852;;;;
75998063160;;;;
75998063160;;;;
81988840221;;;;
71996022162;;;;
81996070828;;;;
86998097589;;;;
62981795836;;;;
88992178514;;;;
81996524011;;;;
88992950364;;;;
87999420000;;;;
87996024885;;;;
86981311666;;;;
88992422890;;;;
71999819577;;;;
71999819577;;;;
74999231296;;;;
84999859698;;;;
84999859698;;;;
83993322543;;;;
83993322543;;;;
81991176775;;;;
84996141166;;;;
84996141166;;;;
7193961109;;;;
839981 6164;;;;
839981 6164;;;;
71981536246;;;;
73988937291;;;;
81991624337;;;;
81991624337;;;;
7992551107;;;;
7992551107;;;;
8293371821;;;;
8293371821;;;;
88997650011;;;;
86994451823;;;;
79999499129;;;;
7495411739;;;;
71981497690;;;;
71981497690;;;;
73991229040;;;;
73991229040;;;;
85987075863;;;;
85987075863;;;;
84991497940;;;;
84991497940;;;;
81999713893;;;;
81999713893;;;;
81999713893;;;;
81999966602;;;;
71981298381;;;;
8692236308;;;;
85988753100;;;;
99991356714;;;;
99981746089;;;;
85999810971;;;;
8392210400;;;;
83999218010;;;;
77999501569;;;;
75999443515;;;;
71999852408;;;;
85999771773;;;;
86999371958;;;;
7192414664;;;;
8393331098;;;;
85987338361;;;;
7392551198;;;;
8393225388;;;;
8592128933;;;;
8492051135;;;;
79999794996;;;;
71988782202;;;;
99991356714;;;;
75981789152;;;;
8393375000;;;;
85999652999;;;;
82993513837;;;;
73988305440;;;;
85992786098;;;;
84991151739;;;;
75992201058;;;;
79996045767;;;;
86995564114;;;;
85981425002;;;;
85991479336;;;;
81988162551;;;;
85996429342;;;;
88999629619;;;;
71991680350;;;;
86994424140;;;;
83987533229;;;;
79999607339;;;;
77999712565;;;;
75992880085;;;;
75981151586;;;;
84991800545;;;;
73999678926;;;;
84999393646;;;;
84999855445;;;;
77999731340;;;;
81993901499;;;;
71981163130;;;;
85999941077;;;;
81996403914;;;;
73999764096;;;;
73991077777;;;;
8593;;;;
79998443037;;;;
77998982929;;;;
71997189623;;;;
83988238686;;;;
75998052089;;;;
75999682357;;;;
71983140977;;;;
86988576256;;;;
73988052855;;;;
83988373331;;;;
83986453714;;;;
84999494405;;;;
71991683814;;;;
88996750454;;;;
86981287864;;;;
85992205728;;;;
71960230374;;;;
81994124580;;;;
88988362312;;;;
81987314077;;;;
82988545139;;;;
77991105122;;;;
84996962255;;;;
89988084837;;;;
71996206796;;;;
82988239431;;;;
71988599208;;;;
79998636330;;;;
79999446160;;;;
88998646733;;;;
84994175044;;;;
71999471806;;;;
74988032010;;;;
75999930889;;;;
81981616718;;;;
81982604757;;;;
87998090286;;;;
82999928887;;;;
75991364338;;;;
11983344215;;;;
85999809449;;;;
73988424266;;;;
75981392368;;;;
38999082015;;;;
84991040179;;;;
71999723918;;;;
84999142715;;;;
88999658993;;;;
79999829170;;;;
83988179488;;;;
84998865481;;;;
83996034854;;;;
77998696593;;;;
75991347359;;;;
81998541254;;;;
85999912097;;;;
79998813402;;;;
84988880941;;;;
11911111111;;;;
71996415226;;;;
79988292719;;;;
81988694309;;;;
71981085311;;;;
71991542127;;;;
85991901114;;;;
82993345947;;;;
77999197313;;;;
71993744707;;;;
81996600992;;;;
99981935276;;;;
77999611439;;;;
83981034170;;;;
77999912795;;;;
84996760909;;;;
73991739173;;;;
83988070004;;;;
81999588666;;;;
77999634172;;;;
71985340485;;;;
73988945135;;;;
77981389595;;;;
85987303322;;;;
85988868581;;;;
74999115156;;;;
71983621232;;;;
83991427460;;;;
84988233002;;;;
85987702410;;;;
84999119580;;;;
81999596565;;;;
75981281420;;;;
84991072346;;;;
75982588287;;;;
86994660430;;;;
75999883151;;;;
79999679440;;;;
75981871185;;;;
85988924431;;;;
81999206242;;;;
81999939798;;;;
85991671736;;;;
84988900504;;;;
81996894086;;;;
87999592921;;;;
83987875285;;;;
84996786314;;;;
81997410077;;;;
85991512897;;;;
71999621697;;;;
85981081220;;;;
75991856653;;;;
85988479461;;;;
77998544577;;;;
74999846207;;;;
71991807850;;;;
82996550001;;;;
85988608147;;;;
44991511181;;;;
79996300508;;;;
65992162002;;;;
87988614877;;;;
84999848465;;;;
89999009024;;;;
81994730200;;;;
83987274744;;;;
88997931077;;;;
84996111287;;;;
77997013528;;;;
79998245146;;;;
73998095542;;;;
64984012678;;;;
81996535039;;;;
71988750179;;;;
75981425965;;;;
85981034891;;;;
74991918721;;;;
85992788118;;;;
81982096739;;;;
71987732408;;;;
75999997999;;;;
87988188199;;;;
75988412428;;;;
89981082437;;;;
77999684864;;;;
11975175368;;;;
79999478707;;;;
84999559197;;;;
84996483335;;;;
84996483335;;;;
71992005600;;;;
28999784822;;;;
86999777787;;;;
81988737369;;;;
85999862942;;;;
79998127155;;;;
85999074568;;;;
71993950334;;;;
83988317256;;;;
77992013373;;;;
83991957539;;;;
85988381127;;;;
75991679796;;;;
88994613350;;;;
82988597414;;;;
85986153428;;;;
83987227087;;;;
85987838959;;;;
71981536246;;;;
71987359338;;;;
84988650931;;;;
82999407447;;;;
75991987888;;;;
84987487590;;;;
74988019911;;;;
81985933913;;;;
71999441331;;;;
74999674252;;;;
82996049540;;;;
87988243220;;;;
83991556081;;;;
89994219778;;;;
71996335028;;;;
83998602228;;;;
79999538821;;;;
82999418862;;;;
88996511800;;;;
83996234385;;;;
81911111111;;;;
73999087254;;;;
85999251192;;;;
77999471698;;;;
89994116168;;;;
89994116168;;;;
84999836279;;;;
83988675992;;;;
83988697538;;;;
86999038018;;;;
85999011862;;;;
75999259445;;;;
84998543189;;;;
81997794660;;;;
74999323748;;;;
87999541331;;;;
73988449964;;;;
77999878444;;;;
83998207213;;;;
85984578578;;;;
81982927632;;;;
71988061426;;;;
79999685918;;;;
86994880818;;;;
74988032404;;;;
81988211904;;;;
79988152020;;;;
61995805347;;;;
84994182852;;;;
71997311468;;;;
75991682413;;;;
81995229988;;;;
84988671206;;;;
77999689568;;;;
81981212314;;;;
79999649594;;;;
84999280356;;;;
81988271306;;;;
86994488770;;;;
83999488500;;;;
83998938672;;;;
87999918761;;;;
75982460422;;;;
79991303616;;;;
77988293782;;;;
11999013378;;;;
83999529353;;;;
82999999999;;;;
86995198989;;;;
77998278354;;;;
79999967628;;;;
75999287806;;;;
85999995949;;;;
82999471987;;;;
79998893816;;;;
73999233108;;;;
81995934933;;;;
75998336610;;;;
81996045916;;;;
85997099097;;;;
85997734145;;;;
71993867509;;;;
73991341622;;;;
71982024976;;;;
71988143810;;;;
86988100203;;;;
84996309084;;;;
83999260932;;;;
99984732506;;;;
71987226710;;;;
71991278626;;;;
83986776170;;;;
12997817725;;;;
85999587866;;;;
77999761094;;;;
71988221000;;;;
79999566666;;;;
87981309262;;;;
86999211212;;;;
86999211212;;;;
89994721920;;;;
73981019006;;;;
71993083734;;;;
73999277478;;;;
83998670490;;;;
83998670490;;;;
77981223890;;;;
84981084621;;;;
84981084621;;;;
85991657440;;;;
89994127276;;;;
85999185269;;;;
85988319516;;;;
85988319516;;;;
81996786324;;;;
86999590622;;;;
79996492512;;;;
85991837887;;;;
77988226902;;;;
84987835152;;;;
77999443339;;;;
84996891213;;;;
87999881251;;;;
77991563431;;;;
77991563431;;;;
79998306877;;;;
84999700532;;;;
84999700532;;;;
71999062016;;;;
79999678768;;;;
84999941064;;;;
81999999999;;;;
81999999999;;;;
71991402371;;;;
81992986329;;;;
85981271628;;;;
85981271628;;;;
82982363150;;;;
71999734995;;;;
71996012322;;;;
81973006384;;;;
77988520620;;;;
77999730990;;;;
75999552888;;;;
73991806838;;;;
73991806838;;;;
73998276295;;;;
71988151640;;;;
83991092892;;;;
79998650447;;;;
81998002018;;;;
81998002018;;;;
88993477988;;;;
87981583790;;;;
87981583790;;;;
71999516877;;;;
71999516877;;;;
85988668919;;;;
71982443621;;;;
71987286862;;;;
84994449787;;;;
82999590210;;;;
81995171683;;;;
85991123248;;;;
88992267551;;;;
88992267551;;;;
79998359847;;;;
77999971607;;;;
84991449002;;;;
82981058697;;;;
88981940862;;;;
88981940862;;;;
85991930101;;;;
89999166863;;;;
82988791555;;;;
81986490558;;;;
81986490558;;;;
81986490558;;;;
71991154867;;;;
87998010606;;;;
87998010606;;;;
87998010606;;;;
87998010606;;;;
71993627886;;;;
85999124119;;;;
81996877205;;;;
71996802976;;;;
71996802976;;;;
71981380700;;;;
83996658355;;;;
85991515335;;;;
85991515335;;;;
71992531353;;;;
73982485266;;;;
85992527999;;;;
85985885382;;;;
82998727454;;;;
82998727454;;;;
81997782747;;;;
81997782747;;;;
81997782747;;;;
81999726032;;;;
75992078409;;;;
62982230251;;;;
88997113760;;;;
81985372534;;;;
81985372534;;;;
81985372534;;;;
85991154559;;;;
81991645046;;;;
79981340055;;;;
71988319969;;;;
31995249619;;;;
31995249619;;;;
71981143896;;;;
88996651072;;;;
75998164648;;;;
74991105124;;;;
81973397925;;;;
81973397925;;;;
79988128436;;;;
85981038718;;;;
85981038718;;;;
77991619672;;;;
77991619672;;;;
73999728505;;;;
73999728505;;;;
83981526636;;;;
83981526636;;;;
71993835557;;;;
71993835557;;;;
84981262047;;;;
81992189657;;;;
83998811116;;;;
83998811116;;;;
81994180594;;;;
79999999999;;;;
79999999999;;;;
79999999999;;;;
75997080303;;;;
85998788307;;;;
85996596129;;;;
83988217097;;;;
84999728474;;;;
84999728474;;;;
82999339960;;;;
82999339960;;;;
81998444540;;;;
75991630259;;;;
75991630259;;;;
75991630259;;;;
75991630259;;;;
88996769271;;;;
81995486612;;;;
85999943624;;;;
79999954760;;;;
81998878350;;;;
85982023022;;;;
88992442654;;;;
83998180194;;;;
83998180194;;;;
86999303163;;;;
73981187440;;;;
73981187440;;;;
75999747775;;;;
48991441707;;;;
48991441707;;;;
87996686866;;;;
81988330376;;;;
83981515158;;;;
83981515158;;;;
82993145224;;;;
73999514005;;;;
19984400553;;;;
83999487151;;;;
71988200441;;;;
83998340913;;;;
83998340913;;;;
8590;;;;
81988185259;;;;
87999572355;;;;
86994693069;;;;
83987808080;;;;
85999999999;;;;
85999999999;;;;
75998241509;;;;
73991077188;;;;
73991077188;;;;
85998595798;;;;
85998595798;;;;
79988224766;;;;
79988224766;;;;
79988224766;;;;
73999910977;;;;
89994643720;;;;
89994643720;;;;
88996806262;;;;
86994757676;;;;
81983300483;;;;
86988660691;;;;
81994418858;;;;
81999021433;;;;
77988550472;;;;
85999324712;;;;
73988777053;;;;
85999999999;;;;
85987134347;;;;
85987134347;;;;
85992623557;;;;
74981422038;;;;
81994678181;;;;
81999048661;;;;
71992116535;;;;
77991550011;;;;
77998758888;;;;
71988040411;;;;
77999133556;;;;
82988594158;;;;
84988424272;;;;
84988424272;;;;
85998083583;;;;
85991700818;;;;
83991415594;;;;
81983245136;;;;
85987484480;;;;
7992171201;;;;
7992171201;;;;
8592542382;;;;
8592542382;;;;
71991881665;;;;
73999877232;;;;
82996196778;;;;
85998385537;;;;
71993783978;;;;
77981119586;;;;
81997591594;;;;
81983035184;;;;
71996404080;;;;
91991606191;;;;
75998830406;;;;
85986174556;;;;
81995169735;;;;
85981857297;;;;
84996380412;;;;
81988840221;;;;
75999240868;;;;
88999472267;;;;
88999472267;;;;
82996095395;;;;
82996095395;;;;
88988682399;;;;
88988682399;;;;
88988682399;;;;
81999936709;;;;
81999936709;;;;
82987376233;;;;
86995173737;;;;
86995173737;;;;
85994357510;;;;
85994357510;;;;
71985276316;;;;
41997880145;;;;
81992288707;;;;
81988519788;;;;
73991949177;;;;
73991949177;;;;
77988464640;;;;
83998000000;;;;
33999009113;;;;
71999969048;;;;
89981212919;;;;
83993123010;;;;
75999946330;;;;
8290;;;;
81982251908;;;;
84999241411;;;;
73998467152;;;;
83987530931;;;;
87991617145;;;;
87991617145;;;;
88999110452;;;;
81991565567;;;;
81991565567;;;;
86999812361;;;;
83991321144;;;;
38999902809;;;;
87981396991;;;;
87999370126;;;;
81995659995;;;;
88994302929;;;;
75992293373;;;;
82987703393;;;;
82982300195;;;;
88999516941;;;;
85991872555;;;;
85991872555;;;;
71999083664;;;;
71999083664;;;;
71999083664;;;;
71999083664;;;;
71982422229;;;;
89994751500;;;;
77991365159;;;;
77991365159;;;;
77999674446;;;;
77999674446;;;;
77999674446;;;;
75998014114;;;;
87981750121;;;;
86998655521;;;;
86999835079;;;;
7193571377;;;;
7193571377;;;;
8692219998;;;;
8692219998;;;;
8692219998;;;;
8692219998;;;;
82991723185;;;;
82991723185;;;;
8492133042;;;;
8492133042;;;;
8492133042;;;;
75999486918;;;;
75999486918;;;;
7193584486;;;;
7193584486;;;;
7193584486;;;;
7193584486;;;;
8592360688;;;;
71991070391;;;;
71991070391;;;;
85991718549;;;;
82993512821;;;;
82993512821;;;;
74991381954;;;;
11911111111;;;;
85999879233;;;;
7392121906;;;;
81994991332;;;;
88999790045;;;;
8393221532;;;;
86999914607;;;;
79998067516;;;;
81991617776;;;;
75992637888;;;;
82999963217;;;;
87988063154;;;;
88981081990;;;;
82993295711;;;;
83991152133;;;;
85999246956;;;;
73988480303;;;;
79999941594;;;;
85991977158;;;;
81988500000;;;;
75981156211;;;;
81999993232;;;;
85991998042;;;;
85997033461;;;;
81999878086;;;;
71988520458;;;;
87991269730;;;;
8692218341;;;;
88998060333;;;;
88999560009;;;;
85997075797;;;;
73991426999;;;;
71983733939;;;;
88996060021;;;;
84981229404;;;;
84999837565;;;;
71991980290;;;;
84994518139;;;;
71987825417;;;;
84994024617;;;;
79996046439;;;;
88999720090;;;;
89981045313;;;;
81999894655;;;;
81999754427;;;;
75991452111;;;;
79999282032;;;;
71992128873;;;;
71999056163;;;;
83991087789;;;;
82993317554;;;;
74999656408;;;;
81986903881;;;;
71991981685;;;;
84999833773;;;;
75988063596;;;;
85999946813;;;;
88996882227;;;;
81997664800;;;;
87988340818;;;;
82999746927;;;;
83991641486;;;;
79998996857;;;;
81986213103;;;;
84998301449;;;;
85988207525;;;;
75992642271;;;;
85997866121;;;;
71992267281;;;;
84988270985;;;;
81998894217;;;;
71985390244;;;;
85987870697;;;;
85997935368;;;;
84999651590;;;;
84988730896;;;;
85999832259;;;;
84988888002;;;;
81994062624;;;;
75999671967;;;;
86994459549;;;;
82996093637;;;;
71988850798;;;;
83987156501;;;;
75991642026;;;;
79996075342;;;;
74988547456;;;;
81988292576;;;;
73999545768;;;;
77999681851;;;;
88996299982;;;;
84988739525;;;;
83998380790;;;;
81988267781;;;;
71988091155;;;;
71992645594;;;;
73988212287;;;;
83988633056;;;;
85997358560;;;;
86994251305;;;;
71992223300;;;;
85988878449;;;;
71992983068;;;;
79988003354;;;;
71991121219;;;;
85984138111;;;;
86981917453;;;;
83993424743;;;;
83999248446;;;;
82993944046;;;;
89994640701;;;;
88994374584;;;;
75991369825;;;;
86999591850;;;;
89988033391;;;;
89999261212;;;;
85999017339;;;;
86999375026;;;;
85981120518;;;;
71986857044;;;;
87991413252;;;;
73991315431;;;;
84999915842;;;;
81982815286;;;;
81999109999;;;;
79999727825;;;;
83987674511;;;;
89994058343;;;;
82999395020;;;;
79991135699;;;;
77999684464;;;;
71993607126;;;;
79988024780;;;;
81988885560;;;;
71993920809;;;;
75998566199;;;;
85991904956;;;;
84998984321;;;;
86998295511;;;;
86999336979;;;;
81992322399;;;;
73991138375;;;;
83988470007;;;;
86994371972;;;;
71997099730;;;;
77988284780;;;;
82999021436;;;;
88992620781;;;;
81985344288;;;;
81994692721;;;;
87998098451;;;;
21989166470;;;;
81989856558;;;;
87998098451;;;;
84999817672;;;;
81991035387;;;;
86999874029;;;;
82991024835;;;;
84988409177;;;;
75998578880;;;;
71999741168;;;;
79991914046;;;;
85989097685;;;;
93991496689;;;;
81911111111;;;;
77991330450;;;;
77991212853;;;;
75991631919;;;;
82981737568;;;;
82999990180;;;;
86994101522;;;;
73991804687;;;;
71981919676;;;;
79998399404;;;;
81971218682;;;;
85981293671;;;;
79996421674;;;;
74999225959;;;;
84998386216;;;;
71993510018;;;;
83988656110;;;;
71999643568;;;;
82981807373;;;;
88999394466;;;;
81999156657;;;;
71992909934;;;;
81997019182;;;;
81997061314;;;;
87991352060;;;;
83991061322;;;;
88996209161;;;;
71996650867;;;;
27998717314;;;;
82988521684;;;;
84998143030;;;;
71999260909;;;;
16981825902;;;;
75991585864;;;;
88998660089;;;;
77998120542;;;;
81996913551;;;;
86988818730;;;;
71988813449;;;;
81998463301;;;;
85994392656;;;;
88996556636;;;;
77999611181;;;;
85989948103;;;;
84987713996;;;;
83987127622;;;;
71993188382;;;;
67998872860;;;;
85991515422;;;;
27997561246;;;;
77988281212;;;;
83999737674;;;;
86999306759;;;;
86999862294;;;;
81987313303;;;;
79999590246;;;;
71991151303;;;;
85987267029;;;;
84988543274;;;;
84981767804;;;;
81998403189;;;;
85996139119;;;;
73999870850;;;;
62991910718;;;;
86994535580;;;;
79991262501;;;;
83988098146;;;;
83987047166;;;;
71988141541;;;;
81994081336;;;;
81997518880;;;;
81999318689;;;;
83982008659;;;;
77991996540;;;;
83996242108;;;;
75998844753;;;;
81988242529;;;;
85987011211;;;;
85987556763;;;;
83987388848;;;;
84991406249;;;;
81982970707;;;;
88999003157;;;;
81988245413;;;;
71996884586;;;;
77999328509;;;;
84999875885;;;;
71981049267;;;;
81991151494;;;;
85999408000;;;;
89994640701;;;;
71992649337;;;;
83993215340;;;;
81996286259;;;;
61981019678;;;;
71988939116;;;;
83987204996;;;;
75991791107;;;;
75998661041;;;;
89981082122;;;;
85981324141;;;;
84999833963;;;;
73988452463;;;;
85988798539;;;;
81984289600;;;;
71991565277;;;;
85996165000;;;;
77998448366;;;;
81999647649;;;;
81998421945;;;;
81984433003;;;;
84999556258;;;;
88999412748;;;;
81998135314;;;;
74988611690;;;;
79999816919;;;;
81981342121;;;;
71987160320;;;;
88994869182;;;;
71993554274;;;;
75992041062;;;;
81994358535;;;;
77992007970;;;;
84996348580;;;;
75988029750;;;;
82991654720;;;;
85991649099;;;;
81988994151;;;;
82982300053;;;;
87981180362;;;;
83986198655;;;;
81996980075;;;;
85998230290;;;;
77999233121;;;;
75992436267;;;;
71993115256;;;;
85998061007;;;;
85998216906;;;;
79988612263;;;;
81997094093;;;;
84998490346;;;;
81988097456;;;;
85987607746;;;;
75983661398;;;;
85989734992;;;;
81997951688;;;;
71992983138;;;;
82996445335;;;;
85992298099;;;;
85999609576;;;;
85992225032;;;;
85987267029;;;;
85998149999;;;;
85987612900;;;;
85999797257;;;;
85996121331;;;;
88988339236;;;;
74991104289;;;;
75998306122;;;;
75999644796;;;;
81997089981;;;;
83981949768;;;;
84999681837;;;;
83988623750;;;;
85985659226;;;;
83988172597;;;;
81999787122;;;;
75991022834;;;;
73991663782;;;;
84981129848;;;;
67998872860;;;;
73998526227;;;;
77988432297;;;;
89994490130;;;;
89999261212;;;;
85991434213;;;;
81996847393;;;;
71987730081;;;;
71987730081;;;;
82996364499;;;;
81996810716;;;;
85992633635;;;;
85987759814;;;;
86998477310;;;;
83982008659;;;;
85996703314;;;;
85996703314;;;;
88992653749;;;;
71987705036;;;;
71987705036;;;;
71993623652;;;;
75981142426;;;;
79999990037;;;;
81991012518;;;;
73982124343;;;;
85999081208;;;;
85999081208;;;;
84999270975;;;;
84999270975;;;;
84999270975;;;;
85996949283;;;;
85996949283;;;;
73999151424;;;;
81996578489;;;;
81996578489;;;;
83988505893;;;;
71991740213;;;;
84999001311;;;;
88994793037;;;;
75988320567;;;;
85998183111;;;;
73991218723;;;;
87991489148;;;;
81999001692;;;;
71981595713;;;;
83988580353;;;;
84999562610;;;;
82999999999;;;;
85998305767;;;;
85999816094;;;;
85999816094;;;;
85987322440;;;;
85987322440;;;;
82981451310;;;;
88988561541;;;;
84996190403;;;;
87988390319;;;;
81999365010;;;;
74999285983;;;;
81997215208;;;;
71998111388;;;;
71998111388;;;;
71998111388;;;;
62999828306;;;;
77988881532;;;;
86994826264;;;;
86994826264;;;;
86994826264;;;;
74999781597;;;;
74999781597;;;;
82993286593;;;;
82993286593;;;;
73998159599;;;;
81992788416;;;;
85992638152;;;;
81991966912;;;;
75992257775;;;;
79999596178;;;;
71993229365;;;;
75991289112;;;;
83999091296;;;;
81995341014;;;;
84996877374;;;;
84996877374;;;;
79999112494;;;;
79999112494;;;;
94981663080;;;;
84988519209;;;;
71981943136;;;;
71981943136;;;;
79999723960;;;;
79999723960;;;;
85987524482;;;;
85985296657;;;;
83987232020;;;;
85991256448;;;;
85999882101;;;;
85999882101;;;;
85999979857;;;;
84981880984;;;;
79998241288;;;;
79998241288;;;;
87991276250;;;;
81987855763;;;;
71981827371;;;;
81988112599;;;;
74991929872;;;;
82981014217;;;;
82981014217;;;;
81991818184;;;;
77999337572;;;;
84988117479;;;;
84988117479;;;;
81996974457;;;;
75997158025;;;;
73998496059;;;;
84988241366;;;;
84988241366;;;;
84994072013;;;;
84994072013;;;;
75991253850;;;;
75991253850;;;;
77981505701;;;;
86999820664;;;;
83988454842;;;;
83996096524;;;;
83996096524;;;;
71987997973;;;;
79999740939;;;;
71988458654;;;;
71993593924;;;;
73991543882;;;;
83999939796;;;;
79999335384;;;;
88981838952;;;;
85999255569;;;;
81985440376;;;;
98992006170;;;;
98992006170;;;;
98992006170;;;;
73981141062;;;;
82988252016;;;;
71993204918;;;;
81979007568;;;;
83987664366;;;;
87996149999;;;;
81997912692;;;;
81997912692;;;;
85996968080;;;;
74988527395;;;;
85986453748;;;;
84988052218;;;;
75992293373;;;;
75999257070;;;;
75999257070;;;;
84991433457;;;;
73981625969;;;;
73981625969;;;;
82988889889;;;;
75991374393;;;;
81973452282;;;;
81992186194;;;;
81992186194;;;;
79988151492;;;;
79991117192;;;;
79996005281;;;;
79998705854;;;;
71997125094;;;;
73991178287;;;;
73991178287;;;;
73991178287;;;;
85999920269;;;;
84987192515;;;;
83996620581;;;;
71992886032;;;;
81982684510;;;;
82981821442;;;;
85996344711;;;;
81993773779;;;;
81993809123;;;;
85999694765;;;;
88982342786;;;;
83994122626;;;;
82999341520;;;;
82999341520;;;;
81981952417;;;;
83986707615;;;;
85996099519;;;;
81988342234;;;;
87991519008;;;;
83999567988;;;;
85987033150;;;;
73999753363;;;;
88996050263;;;;
71996857041;;;;
71996857041;;;;
79999239788;;;;
41997880145;;;;
71997318388;;;;
84994037119;;;;
859978496;;;;
75999577021;;;;
86995794180;;;;
77991294810;;;;
86974006670;;;;
86974006670;;;;
85992954015;;;;
85996556141;;;;
81982040036;;;;
81996862727;;;;
81991410738;;;;
81991410738;;;;
71997097979;;;;
84997014048;;;;
81993033381;;;;
71991637099;;;;
83996215106;;;;
71981394108;;;;
85991586169;;;;
71999830070;;;;
71999830070;;;;
85997156215;;;;
81999999999;;;;
77981182389;;;;
84987513327;;;;
71999751992;;;;
48988479559;;;;
48988479559;;;;
85999502533;;;;
84981878704;;;;
84981878704;;;;
83993413607;;;;
81991394028;;;;
81991394028;;;;
79998972223;;;;
83991773696;;;;
71997347545;;;;
71993586639;;;;
89994391040;;;;
86994895322;;;;
71992807303;;;;
11999999999;;;;
84994152666;;;;
83987872728;;;;
85996474104;;;;
83987320102;;;;
85986137320;;;;
86981495118;;;;
71993421441;;;;
71993421441;;;;
81987750540;;;;
85988888888;;;;
82981600117;;;;
82981600117;;;;
84988008055;;;;
88997385525;;;;
88997385525;;;;
71986084060;;;;
71986084060;;;;
11995201189;;;;
86998059728;;;;
81999860861;;;;
16982010240;;;;
87996212490;;;;
83999269547;;;;
81999134477;;;;
84999698494;;;;
84999698494;;;;
85999999999;;;;
85999999999;;;;
71999107882;;;;
71999107882;;;;
71982649625;;;;
85981592525;;;;
83996545095;;;;
86994347053;;;;
79999466781;;;;
81996670268;;;;
82981526473;;;;
81981987453;;;;
81998449096;;;;
75997075632;;;;
75997075632;;;;
77999161005;;;;
85996783031;;;;
85996783031;;;;
85996783031;;;;
85996783031;;;;
82999921012;;;;
71999218723;;;;
85992405356;;;;
85992405356;;;;
85992405356;;;;
73988460507;;;;
84981422369;;;;
74981391599;;;;
74981391599;;;;
83988352310;;;;
83988049065;;;;
71991188830;;;;
33999861326;;;;
33999861326;;;;
75992316125;;;;
71988763031;;;;
75983401726;;;;
75983401726;;;;
83988443661;;;;
83988443661;;;;
83988443661;;;;
89999844044;;;;
85991013095;;;;
85987598076;;;;
71992030166;;;;
79999464638;;;;
73981297423;;;;
71982312857;;;;
71992806865;;;;
75999220708;;;;
91993345191;;;;
82999832380;;;;
82999832380;;;;
86999818425;;;;
86999818425;;;;
86999818425;;;;
85986632020;;;;
79996854732;;;;
7193538931;;;;
86994274783;;;;
86994274783;;;;
8592691721;;;;
8592691721;;;;
85996177075;;;;
81983260444;;;;
82999999999;;;;
81999554288;;;;
81999554288;;;;
81998014026;;;;
85994068243;;;;
85991168588;;;;
74991217539;;;;
74991217539;;;;
86981435796;;;;
81995054948;;;;
81995054948;;;;
73999786107;;;;
73999786107;;;;
81985212658;;;;
8392465201;;;;
8392465201;;;;
86988246656;;;;
75992452735;;;;
85987438762;;;;
85987438762;;;;
8995622965;;;;
8995823424;;;;
8995311058;;;;
75999960090;;;;
71991619574;;;;
88992232222;;;;
81981336002;;;;
8393911451;;;;
79998518966;;;;
74991114051;;;;
7796981007;;;;
74988151600;;;;
8994621371;;;;
8994155000;;;;
7794482203;;;;
85996623000;;;;
84999389177;;;;
86999152375;;;;
85999190662;;;;
85996283399;;;;
88997066389;;;;
75998437707;;;;
85996166015;;;;
8693222754;;;;
84988356868;;;;
8392331595;;;;
8994155000;;;;
71994102501;;;;
79988158322;;;;
85998669570;;;;
73998280015;;;;
85986352520;;;;
71999719442;;;;
71987690817;;;;
82993219462;;;;
77988612980;;;;
79999593322;;;;
83981787620;;;;
81994127810;;;;
75991867676;;;;
85992194710;;;;
86994020912;;;;
84987172235;;;;
85988855138;;;;
77981273252;;;;
81988601143;;;;
79991128384;;;;
79999881288;;;;
74999248754;;;;
83986805678;;;;
71982604805;;;;
73981138067;;;;
88997213131;;;;
73998498429;;;;
83988928980;;;;
85988840707;;;;
82988798679;;;;
71986737458;;;;
71988708352;;;;
81998654632;;;;
74999959387;;;;
73981634173;;;;
77999657357;;;;
77999995330;;;;
74991318121;;;;
71999871850;;;;
75981572315;;;;
83988025115;;;;
73999884141;;;;
86994027423;;;;
84999277607;;;;
88996536143;;;;
75991610893;;;;
81997070487;;;;
77981017053;;;;
81985286299;;;;
83988841878;;;;
81985047923;;;;
85988385918;;;;
84991764064;;;;
86994196941;;;;
79996325059;;;;
85983754554;;;;
85987219613;;;;
85999988634;;;;
71986269019;;;;
81997815621;;;;
77999454698;;;;
83993727858;;;;
83996103163;;;;
87995485620;;;;
77998172662;;;;
71992523635;;;;
86988535296;;;;
71992543994;;;;
84991128508;;;;
77999780500;;;;
83986305902;;;;
85988595500;;;;
85998581111;;;;
83987219010;;;;
71988656642;;;;
74991218521;;;;
71981513302;;;;
77999651510;;;;
85988794697;;;;
71991810805;;;;
73988946619;;;;
79999500184;;;;
73991610334;;;;
71996619666;;;;
85997131774;;;;
84987517271;;;;
79998835918;;;;
75992165431;;;;
71981050202;;;;
86999106083;;;;
83991227295;;;;
86999926262;;;;
73999559432;;;;
83991380217;;;;
85991190527;;;;
71996935317;;;;
81998180850;;;;
82996627045;;;;
82999965309;;;;
81994108832;;;;
79999658635;;;;
12997488452;;;;
82991096167;;;;
87999547013;;;;
84981813528;;;;
84988123520;;;;
73988088596;;;;
81991327858;;;;
81997007309;;;;
85982054433;;;;
74988127232;;;;
81998500491;;;;
81985332256;;;;
81999268860;;;;
79999166055;;;;
71982546405;;;;
79998622270;;;;
81997624746;;;;
83981156158;;;;
73998242676;;;;
82999733385;;;;
85988471409;;;;
71996661718;;;;
88988032774;;;;
85981828149;;;;
71987878914;;;;
83988295847;;;;
85987860009;;;;
81986016180;;;;
83996188213;;;;
85999564745;;;;
86994416209;;;;
71991631101;;;;
85987171595;;;;
73999067789;;;;
73988060073;;;;
81911111111;;;;
84994428447;;;;
79996461666;;;;
79981027760;;;;
81998761490;;;;
71988204949;;;;
88992744310;;;;
74988063302;;;;
81997852159;;;;
71999718141;;;;
71997396116;;;;
71981012088;;;;
75991213001;;;;
85985049775;;;;
85996094790;;;;
82999949261;;;;
83996024065;;;;
86994585626;;;;
83988591032;;;;
82993491331;;;;
71991892274;;;;
89981305756;;;;
85997085388;;;;
81981053232;;;;
84996089999;;;;
81999512449;;;;
84988178046;;;;
73988035896;;;;
79998931420;;;;
79998979017;;;;
87999518131;;;;
86995590682;;;;
74981254319;;;;
77998149684;;;;
85981111991;;;;
84994675240;;;;
74999858760;;;;
77991602319;;;;
81988840221;;;;
66984087634;;;;
84988225150;;;;
81993800144;;;;
85987114240;;;;
83987740204;;;;
73991184254;;;;
83988311621;;;;
79981012581;;;;
89999861111;;;;
71992851017;;;;
11991131515;;;;
11991131515;;;;
85999594280;;;;
82993404114;;;;
81992926136;;;;
71981014141;;;;
86981737393;;;;
75988181788;;;;
71997338312;;;;
77991296599;;;;
81991672697;;;;
71981232124;;;;
89999734965;;;;
86998066886;;;;
85997178778;;;;
88999503056;;;;
84996361038;;;;
84996534949;;;;
89999791782;;;;
82991130106;;;;
71988491453;;;;
83987722301;;;;
71982482660;;;;
88985882686;;;;
88988192856;;;;
85999943637;;;;
82999707220;;;;
77999667319;;;;
81985115272;;;;
77988016193;;;;
85999852958;;;;
85981553774;;;;
75999690208;;;;
82987287377;;;;
79991150725;;;;
85988887818;;;;
71999828531;;;;
83987233975;;;;
89999271825;;;;
84987232656;;;;
71984296886;;;;
83998329862;;;;
85986722408;;;;
71992283644;;;;
75991100880;;;;
79981261500;;;;
81986342596;;;;
85988780369;;;;
84994152284;;;;
77999792350;;;;
83987740204;;;;
82999558585;;;;
85985027231;;;;
75982927272;;;;
79998120363;;;;
74988018866;;;;
85985704558;;;;
86994379156;;;;
84999692126;;;;
75998192055;;;;
84994191483;;;;
85988564417;;;;
81998750057;;;;
71998234222;;;;
74988098289;;;;
87988247474;;;;
82996158074;;;;
82988344648;;;;
79999754552;;;;
77998127875;;;;
46999713577;;;;
88988781522;;;;
71992943031;;;;
73999719713;;;;
71991784150;;;;
89994449075;;;;
81992449626;;;;
82999310078;;;;
87999323352;;;;
85994336355;;;;
83996070050;;;;
75999500669;;;;
71982057930;;;;
84994258271;;;;
82996611757;;;;
82999999431;;;;
86998246428;;;;
71992262847;;;;
82991267646;;;;
85992664946;;;;
81996053596;;;;
81996041839;;;;
83988844780;;;;
83991492543;;;;
71991442437;;;;
89999256820;;;;
73998114128;;;;
88999229205;;;;
81999999999;;;;
61981815415;;;;
86988122030;;;;
74981198002;;;;
41988126039;;;;
85987253924;;;;
85999911478;;;;
83987740204;;;;
81985532060;;;;
77981430534;;;;
81985612841;;;;
88992460326;;;;
83996970712;;;;
73999182898;;;;
85981113323;;;;
85999911018;;;;
83993127280;;;;
83988873948;;;;
85989701350;;;;
85981571111;;;;
77999064138;;;;
27997537909;;;;
87996361767;;;;
73988570003;;;;
73988570003;;;;
82999490093;;;;
83987731983;;;;
73999226900;;;;
48999641710;;;;
49988632531;;;;
84996480031;;;;
71991337951;;;;
87999815077;;;;
88993223632;;;;
84988667112;;;;
62999434701;;;;
85982182244;;;;
83988992441;;;;
33984627801;;;;
83999280622;;;;
85987519306;;;;
85999997744;;;;
85999997744;;;;
83996218617;;;;
89994067557;;;;
77999478130;;;;
77999478130;;;;
81996713530;;;;
81996713530;;;;
81996838733;;;;
81996838733;;;;
88999686144;;;;
75983447171;;;;
75999086080;;;;
84988973457;;;;
84988973457;;;;
75981662617;;;;
73981909449;;;;
74999546991;;;;
81997440669;;;;
85999151385;;;;
85999151385;;;;
79999994401;;;;
84988888587;;;;
84988888587;;;;
84994259025;;;;
85988622999;;;;
84999093836;;;;
84999093836;;;;
83999686296;;;;
83999686296;;;;
83999686296;;;;
81997055909;;;;
79999917071;;;;
79999917071;;;;
71985392673;;;;
71985392673;;;;
83988589261;;;;
82994195570;;;;
71991995221;;;;
74988339445;;;;
81988120165;;;;
81988120165;;;;
81988120165;;;;
71999601370;;;;
77999413131;;;;
81998260232;;;;
79999275471;;;;
87999442121;;;;
87999442121;;;;
71993259770;;;;
84981204567;;;;
73988105899;;;;
73988105899;;;;
85985410234;;;;
73998225638;;;;
73998225638;;;;
87999686867;;;;
81998316832;;;;
88999255520;;;;
82996600570;;;;
82996600570;;;;
71983463001;;;;
85991357804;;;;
88999912230;;;;
71988253815;;;;
83986891350;;;;
73982091624;;;;
84991807667;;;;
84991807667;;;;
84996140892;;;;
84999593942;;;;
84999593942;;;;
73991460727;;;;
73991460727;;;;
71992480609;;;;
85996292349;;;;
84999288100;;;;
84999288100;;;;
71996779432;;;;
71993136147;;;;
85989529802;;;;
77998298323;;;;
85997612052;;;;
86998354124;;;;
81986955802;;;;
41996869828;;;;
82999598015;;;;
85991429335;;;;
87988122174;;;;
87988122174;;;;
85999103762;;;;
85999103762;;;;
83999836808;;;;
81986015285;;;;
81986015285;;;;
81998929354;;;;
81998929354;;;;
86998462411;;;;
71992428287;;;;
71992428287;;;;
85999703738;;;;
75986575299;;;;
75986575299;;;;
75986575299;;;;
75986575299;;;;
75986575299;;;;
71982092489;;;;
71982092489;;;;
71982092489;;;;
82999909696;;;;
71993556900;;;;
77999161636;;;;
71981326098;;;;
71981326098;;;;
86988668134;;;;
71991374129;;;;
81997468552;;;;
81997468552;;;;
71981667676;;;;
81984435296;;;;
85998229016;;;;
88981031694;;;;
88981031694;;;;
84994693444;;;;
84996807975;;;;
85986222624;;;;
85986222624;;;;
85986222624;;;;
86981025012;;;;
71997089809;;;;
77998323254;;;;
75991234151;;;;
75982363117;;;;
85991792239;;;;
77999618317;;;;
81995024234;;;;
85997289242;;;;
83994397141;;;;
83994397141;;;;
84987305424;;;;
84998405020;;;;
84998405020;;;;
85997090662;;;;
79981227441;;;;
88999786006;;;;
88999786006;;;;
77999613794;;;;
71991965738;;;;
71991965738;;;;
71991965738;;;;
81986225191;;;;
74999877985;;;;
84992000636;;;;
83991971701;;;;
83991971701;;;;
74999807142;;;;
74999807142;;;;
83981163153;;;;
83981163153;;;;
83981163153;;;;
84999220274;;;;
84999220274;;;;
71991327601;;;;
75991897157;;;;
79999958810;;;;
27999970606;;;;
71988780220;;;;
84998544840;;;;
84998544840;;;;
77999898081;;;;
77999898081;;;;
89981471036;;;;
71991101149;;;;
71991101149;;;;
85989435753;;;;
89999059552;;;;
89999059552;;;;
85999341765;;;;
85999341765;;;;
88998366022;;;;
88998366022;;;;
73991736967;;;;
86999227868;;;;
86999227868;;;;
71986651302;;;;
81991107481;;;;
79998052008;;;;
83987443065;;;;
85999860141;;;;
73988001555;;;;
73988001555;;;;
73988001555;;;;
73988520545;;;;
83987880000;;;;
83987880000;;;;
81991129116;;;;
74988411698;;;;
84998180054;;;;
85985259355;;;;
81984556285;;;;
83996956240;;;;
83996956240;;;;
79998792157;;;;
84999321313;;;;
71992762023;;;;
85992760847;;;;
73999875958;;;;
85985655083;;;;
85985655083;;;;
85985655083;;;;
85985655083;;;;
85985655083;;;;
85985655083;;;;
85985655083;;;;
85991619063;;;;
74988217016;;;;
86995178639;;;;
81984202986;;;;
81984202986;;;;
85991307070;;;;
85991429335;;;;
88996045200;;;;
71991230327;;;;
31995820292;;;;
75991736521;;;;
84988352063;;;;
73991145957;;;;
81999961874;;;;
81995447246;;;;
73991229214;;;;
84992247447;;;;
99999999999;;;;
71982818884;;;;
88992853427;;;;
75998601214;;;;
75998601214;;;;
75998601214;;;;
71999451374;;;;
84987599097;;;;
84987599097;;;;
73998231337;;;;
71996992782;;;;
79999324648;;;;
77988043272;;;;
85999978243;;;;
83981343748;;;;
83981343748;;;;
85999999999;;;;
81985768917;;;;
81985768917;;;;
81985768917;;;;
81985768917;;;;
81985768917;;;;
81985768917;;;;
81985768917;;;;
81985768917;;;;
81985768917;;;;
81985768917;;;;
81985768917;;;;
81985768917;;;;
81985768917;;;;
81985768917;;;;
81985768917;;;;
81985768917;;;;
81985768917;;;;
81985768917;;;;
81985768917;;;;
81985768917;;;;
81985768917;;;;
81985768917;;;;
81985768917;;;;
81985768917;;;;
81985768917;;;;
27995135175;;;;
71999837914;;;;
81992273501;;;;
88981474579;;;;
88981474579;;;;
85987363644;;;;
75982796414;;;;
83991095832;;;;
86999688600;;;;
75991340036;;;;
85987405568;;;;
84981387913;;;;
84981387913;;;;
79998381977;;;;
85992892958;;;;
73998295408;;;;
79998524775;;;;
85999999999;;;;
85999999999;;;;
88981394346;;;;
79999074848;;;;
79999074848;;;;
79999074848;;;;
79999074848;;;;
79999074848;;;;
73988865665;;;;
73988865665;;;;
81973407817;;;;
83981604047;;;;
7496125197;;;;
7496125197;;;;
7496125197;;;;
85987991208;;;;
8192412022;;;;
8192412022;;;;
8192412022;;;;
71996189518;;;;
71996189518;;;;
71996189518;;;;
71996189518;;;;
81992799956;;;;
81992799956;;;;
85991781311;;;;
85991781311;;;;
82993478787;;;;
82993478787;;;;
82993478787;;;;
79999642344;;;;
73999717287;;;;
84996227242;;;;
85996753728;;;;
87988520240;;;;
81981219749;;;;
77999641682;;;;
87988338598;;;;
84996255376;;;;
81997662231;;;;
81997662231;;;;
81997662231;;;;
77998253040;;;;
81995642509;;;;
81981827510;;;;
77999814491;;;;
79998104519;;;;
79998104519;;;;
83991416605;;;;
86981774270;;;;
85988191766;;;;
85988191766;;;;
85988909096;;;;
82988046623;;;;
83986153311;;;;
83986153311;;;;
81981280329;;;;
81981280329;;;;
51980134693;;;;
51980134693;;;;
84987092515;;;;
84987092515;;;;
83988202059;;;;
83988202059;;;;
83999468515;;;;
71999535933;;;;
84986240271;;;;
84986240271;;;;
88994196878;;;;
88994196878;;;;
71999675656;;;;
71999675656;;;;
84986950434;;;;
74999147229;;;;
85986754048;;;;
85986754048;;;;
81988888888;;;;
81917282817;;;;
81917282817;;;;
87991100268;;;;
71981999175;;;;
81981381922;;;;
88997026350;;;;
81995740287;;;;
77998172008;;;;
77998172008;;;;
81999999999;;;;
81999430836;;;;
85996082062;;;;
83999450608;;;;
83999450608;;;;
83996118111;;;;
71986544331;;;;
81999224069;;;;
86999274466;;;;
86999274466;;;;
81982282125;;;;
7192468460;;;;
7192468460;;;;
7192468460;;;;
84992047089;;;;
71991077485;;;;
8193411375;;;;
81986444052;;;;
82993224549;;;;
85987835331;;;;
75991326080;;;;
77999897261;;;;
85988430120;;;;
7592511752;;;;
7596256017;;;;
79999543035;;;;
81981933785;;;;
8197227101;;;;
84996035785;;;;
85989904744;;;;
81999520488;;;;
84986023479;;;;
82999068151;;;;
71993522368;;;;
81998948659;;;;
85999274386;;;;
86994811225;;;;
71987530854;;;;
7493661215;;;;
75992425436;;;;
79988020106;;;;
89994193277;;;;
85988494644;;;;
87999326568;;;;
8392323000;;;;
79999990609;;;;
81999899343;;;;
84996370051;;;;
81996655370;;;;
74988078980;;;;
75981201202;;;;
71996055021;;;;
86994799344;;;;
74981142267;;;;
87991694038;;;;
85985151010;;;;
41992273334;;;;
82998449831;;;;
86994568379;;;;
86999202794;;;;
85988326979;;;;
75999082122;;;;
86994702241;;;;
71982442230;;;;
85986183720;;;;
73999858490;;;;
79996302686;;;;
86981716453;;;;
85988973299;;;;
71985484016;;;;
83988191000;;;;
84999212154;;;;
71991695503;;;;
75999555936;;;;
77991285926;;;;
85999842209;;;;
75999155152;;;;
89994641455;;;;
85981508080;;;;
86988178986;;;;
82987272138;;;;
81997493865;;;;
82998439553;;;;
77999191332;;;;
86999755059;;;;
79999010839;;;;
75999962095;;;;
63984369869;;;;
77999611245;;;;
89999717997;;;;
88981934289;;;;
73991131414;;;;
85999250651;;;;
84986111112;;;;
81996748789;;;;
84996483940;;;;
83996869766;;;;
88994348823;;;;
85986300054;;;;
75981255215;;;;
84994100370;;;;
84988595003;;;;
87991523030;;;;
77988623555;;;;
82981301471;;;;
74988484604;;;;
83998698482;;;;
83988281549;;;;
81986199902;;;;
84991699885;;;;
87981584870;;;;
81991085210;;;;
86995242543;;;;
85985255450;;;;
71988241847;;;;
81991870783;;;;
81999246940;;;;
81992185502;;;;
71981939714;;;;
85988893416;;;;
85999312930;;;;
84996544500;;;;
83987879193;;;;
88996063370;;;;
82999936637;;;;
81992999902;;;;
84999827474;;;;
83987130134;;;;
86998297422;;;;
77999137619;;;;
73991593070;;;;
81988358810;;;;
71987633966;;;;
87981151579;;;;
83981258483;;;;
88988675819;;;;
75988737485;;;;
82981078110;;;;
77999481876;;;;
82999918631;;;;
86988095185;;;;
84998424422;;;;
85991011514;;;;
85996845566;;;;
84991997705;;;;
85988719535;;;;
84986376282;;;;
79981092898;;;;
84988716463;;;;
85988077137;;;;
71991061354;;;;
83987994800;;;;
77999149885;;;;
86998018643;;;;
81995131919;;;;
88997435108;;;;
71988645665;;;;
71999262292;;;;
73999779943;;;;
79999991222;;;;
81994232040;;;;
79996462911;;;;
89981467554;;;;
71996477425;;;;
71991841560;;;;
73999697976;;;;
75992351088;;;;
82998894094;;;;
71984245655;;;;
81998275775;;;;
81992054510;;;;
73999046485;;;;
81998033162;;;;
81995632612;;;;
81995104242;;;;
82988870104;;;;
11911809109;;;;
81998362409;;;;
85998683053;;;;
88992677480;;;;
81991973923;;;;
81985961271;;;;
85991401001;;;;
87996523456;;;;
84996764241;;;;
75981272531;;;;
71988172208;;;;
81984121150;;;;
77999506061;;;;
73988854630;;;;
75999355935;;;;
73998661158;;;;
79999466241;;;;
74999282954;;;;
81997091492;;;;
81981331116;;;;
73999118831;;;;
81994317395;;;;
84988560374;;;;
88997254720;;;;
41996869828;;;;
81995260109;;;;
88999229546;;;;
71999343530;;;;
85981486404;;;;
81989314297;;;;
88994673290;;;;
81992725195;;;;
74991107687;;;;
85998485484;;;;
79998005360;;;;
77999841100;;;;
75982279696;;;;
81994801525;;;;
83998158483;;;;
77999637659;;;;
73981968387;;;;
85987609588;;;;
88992525609;;;;
74999961003;;;;
83999356642;;;;
75992455330;;;;
74999798859;;;;
81984267959;;;;
81988144492;;;;
84987870074;;;;
81982144026;;;;
86998609960;;;;
82988228354;;;;
83987145050;;;;
81992473800;;;;
88996122237;;;;
77998008338;;;;
83986464562;;;;
82999317782;;;;
81982630430;;;;
81995722994;;;;
74991111930;;;;
83998012740;;;;
83988379879;;;;
71981717996;;;;
86998539080;;;;
75982296653;;;;
86988011386;;;;
85999203678;;;;
65999881797;;;;
83988047943;;;;
77988321631;;;;
77999633231;;;;
71992006840;;;;
84987265805;;;;
86981082401;;;;
77999102544;;;;
85988920668;;;;
85987573051;;;;
71996372780;;;;
89999877731;;;;
84996544448;;;;
71996669006;;;;
75991215683;;;;
85997006417;;;;
81999600065;;;;
85984204800;;;;
81999999999;;;;
83993726772;;;;
82996802697;;;;
85982357995;;;;
75999814125;;;;
73999366101;;;;
88981307146;;;;
82999143533;;;;
84988978700;;;;
83998522696;;;;
84988988031;;;;
83999436060;;;;
82996428400;;;;
81987899746;;;;
75991227675;;;;
81997314297;;;;
85999621287;;;;
74988150025;;;;
88999790109;;;;
82988672907;;;;
84999467579;;;;
88996015363;;;;
79998783058;;;;
73999859419;;;;
87991107564;;;;
71992368699;;;;
74981303939;;;;
86995570760;;;;
79996821839;;;;
85991009322;;;;
73999511450;;;;
84988885688;;;;
81984526033;;;;
88997006484;;;;
83993361850;;;;
85986404145;;;;
83999929100;;;;
85981517712;;;;
81993325977;;;;
84996552333;;;;
82999409806;;;;
86995419390;;;;
73988440814;;;;
77981531784;;;;
86999831095;;;;
85986210064;;;;
81996713572;;;;
16996176500;;;;
79999283398;;;;
84999350408;;;;
81984701506;;;;
71999836112;;;;
87996614574;;;;
85999036006;;;;
86999856204;;;;
84996374979;;;;
85987057644;;;;
73982560344;;;;
85994248927;;;;
88999255597;;;;
74991585763;;;;
83986239287;;;;
85988429542;;;;
82999999999;;;;
81992086457;;;;
85979878929;;;;
81981777846;;;;
73998463334;;;;
73988442913;;;;
84999892358;;;;
83981337373;;;;
88999997024;;;;
85992077212;;;;
81994571951;;;;
75982397168;;;;
83996257347;;;;
73988231310;;;;
81981889006;;;;
86999920298;;;;
86999920298;;;;
86999872286;;;;
86999872286;;;;
73982151586;;;;
85988632334;;;;
81985750367;;;;
85987367070;;;;
81991273702;;;;
81981662956;;;;
82996000347;;;;
82996000347;;;;
82996000347;;;;
82999024853;;;;
71985237971;;;;
82988484776;;;;
84996605423;;;;
71992969959;;;;
75991421800;;;;
98984099108;;;;
98984099108;;;;
98984099108;;;;
98984099108;;;;
77981405106;;;;
85991770948;;;;
74991087755;;;;
81981337985;;;;
81981337985;;;;
31996520948;;;;
31996520948;;;;
31996520948;;;;
31996520948;;;;
31996520948;;;;
81981926060;;;;
79991082717;;;;
79998392569;;;;
79999016461;;;;
79999016461;;;;
79999016461;;;;
84999170068;;;;
88996464648;;;;
77988422954;;;;
85988983807;;;;
83991432123;;;;
83981202723;;;;
81982110079;;;;
79998119813;;;;
81999441397;;;;
81997077085;;;;
81991899351;;;;
85996988240;;;;
85996988240;;;;
77988516469;;;;
79991736661;;;;
79991736661;;;;
75981100419;;;;
75982584818;;;;
89994506368;;;;
87996661607;;;;
74999271918;;;;
81982396930;;;;
71993253691;;;;
77998070455;;;;
75999833371;;;;
71992713151;;;;
73988251344;;;;
73988251344;;;;
85989917334;;;;
77999990605;;;;
75981971062;;;;
81992617605;;;;
81992617605;;;;
81971068781;;;;
83999439327;;;;
83991093080;;;;
79981253447;;;;
81986523750;;;;
79998178634;;;;
81999650225;;;;
71999007553;;;;
77998390236;;;;
11982240925;;;;
75999006150;;;;
75999006150;;;;
77999607982;;;;
81989853350;;;;
77981039778;;;;
75998195486;;;;
83993825510;;;;
77991969497;;;;
79999026194;;;;
79999026194;;;;
81985703109;;;;
85997810057;;;;
79998752784;;;;
79998752784;;;;
86998002059;;;;
86998002059;;;;
83988073910;;;;
84996665008;;;;
88994607037;;;;
71999310490;;;;
86999710334;;;;
84994060163;;;;
84994060163;;;;
85981118800;;;;
77988319756;;;;
77988319756;;;;
71982158870;;;;
81988068933;;;;
86995667019;;;;
81988843412;;;;
84988098926;;;;
73982151586;;;;
88996718136;;;;
88996718136;;;;
81999539810;;;;
71991420178;;;;
83986668003;;;;
83986668003;;;;
85999738891;;;;
71982434497;;;;
11973768441;;;;
87988685565;;;;
87988685565;;;;
81998466265;;;;
77991117713;;;;
83988089192;;;;
74981093658;;;;
84996310477;;;;
81989924617;;;;
88997681668;;;;
85999294372;;;;
85999294372;;;;
73991459310;;;;
79998208025;;;;
79998882267;;;;
85997383913;;;;
83998121818;;;;
75999001598;;;;
77999625993;;;;
86981662139;;;;
85991223053;;;;
85991319560;;;;
71985025099;;;;
85989428998;;;;
77999115187;;;;
77999115187;;;;
77999115187;;;;
77999115187;;;;
88996508442;;;;
88996508442;;;;
88996508442;;;;
85996561393;;;;
85996561393;;;;
85996561393;;;;
85982090848;;;;
84998360054;;;;
84998360054;;;;
75992037612;;;;
75992037612;;;;
75992037612;;;;
75992037612;;;;
85992256304;;;;
71988860558;;;;
85988914646;;;;
85988914646;;;;
81973441650;;;;
77988195396;;;;
71996262291;;;;
71996262291;;;;
71996262291;;;;
71996262291;;;;
85996542399;;;;
81999999999;;;;
81999999999;;;;
77981042577;;;;
85987214005;;;;
41997880145;;;;
88988417302;;;;
88988417302;;;;
83988021818;;;;
79998211620;;;;
88981327027;;;;
67998222109;;;;
81995459521;;;;
73999043674;;;;
73999043674;;;;
83991848214;;;;
85986179704;;;;
85986179704;;;;
71991617032;;;;
82988393937;;;;
82988393937;;;;
81992470777;;;;
83999553107;;;;
83996699057;;;;
71981800812;;;;
75981478788;;;;
71981942356;;;;
71981942356;;;;
81991779989;;;;
85996057992;;;;
74999426931;;;;
74999426931;;;;
75992413115;;;;
86999123232;;;;
86999123232;;;;
77991116631;;;;
81999283869;;;;
81999283869;;;;
87988355771;;;;
81996795320;;;;
74999103034;;;;
71981772313;;;;
44991227427;;;;
85996757213;;;;
81993937189;;;;
77998664540;;;;
74980777777;;;;
81996767205;;;;
81981381988;;;;
71982467406;;;;
89994662771;;;;
71999408905;;;;
71999408905;;;;
41999788014;;;;
41999788014;;;;
41999788014;;;;
41999788014;;;;
77999003339;;;;
85996593228;;;;
79999523697;;;;
84991255585;;;;
73999816442;;;;
85998535249;;;;
86995893875;;;;
86995893875;;;;
88988250110;;;;
71999797739;;;;
71999291106;;;;
86995970208;;;;
85986174556;;;;
73998336329;;;;
84988732604;;;;
75981396126;;;;
71991259985;;;;
88999282046;;;;
77999375042;;;;
77999375042;;;;
71996077269;;;;
83988430382;;;;
83988430382;;;;
83999141690;;;;
71991617273;;;;
84994192550;;;;
83988995742;;;;
83988053173;;;;
77991532604;;;;
85981549696;;;;
71991645942;;;;
41997880145;;;;
75999576364;;;;
81995696746;;;;
84994561542;;;;
85999833783;;;;
85999178705;;;;
79981537848;;;;
86981152387;;;;
86981152387;;;;
86981152387;;;;
75998633089;;;;
81996699349;;;;
81996699349;;;;
83996709563;;;;
84991255927;;;;
85996860602;;;;
73998191544;;;;
75999111297;;;;
71998213134;;;;
86995197609;;;;
85987779143;;;;
81992197163;;;;
81992197163;;;;
88981079741;;;;
79999765204;;;;
79999765204;;;;
89999741048;;;;
73981185996;;;;
88993721665;;;;
83999526597;;;;
71999642280;;;;
71999642280;;;;
71991958207;;;;
98987231890;;;;
98987231890;;;;
7199712656;;;;
7199712656;;;;
8194284836;;;;
8194284836;;;;
71987045921;;;;
71987045921;;;;
85997415630;;;;
85997415630;;;;
81994261375;;;;
75999644950;;;;
85998471306;;;;
73999737346;;;;
71993253321;;;;
71993253321;;;;
71991148967;;;;
83998947065;;;;
83993247905;;;;
77998263669;;;;
83989188435;;;;
81998983409;;;;
81998983409;;;;
75991172055;;;;
71993746300;;;;
87981642667;;;;
38998644511;;;;
85912345678;;;;
71981314151;;;;
81997420363;;;;
81997420363;;;;
81997420363;;;;
79996388298;;;;
86999536500;;;;
87991266550;;;;
75983409959;;;;
85997832438;;;;
84999937142;;;;
81997917571;;;;
81997917571;;;;
71997437885;;;;
8197341115;;;;
83988310329;;;;
83988310329;;;;
77999194210;;;;
77999194210;;;;
79999828180;;;;
79999828180;;;;
89994590906;;;;
77999796517;;;;
77999796517;;;;
81992175652;;;;
81992175652;;;;
86987606854;;;;
82996400211;;;;
82996400211;;;;
82996400211;;;;
85996444495;;;;
87998181955;;;;
81999736321;;;;
81988995566;;;;
7193510130;;;;
85964646346;;;;
81997013847;;;;
77998487752;;;;
7192463288;;;;
79996569892;;;;
88999222772;;;;
82991297817;;;;
81999167777;;;;
7192487999;;;;
84988133130;;;;
86999136693;;;;
85997119236;;;;
84998443556;;;;
83999822718;;;;
8197625508;;;;
83981701112;;;;
8493512139;;;;
83998040858;;;;
8493174688;;;;
75999147526;;;;
85988982318;;;;
84996331000;;;;
77999470821;;;;
74988037505;;;;
81999663494;;;;
8692364520;;;;
88998553624;;;;
81999245153;;;;
8592534745;;;;
81999999999;;;;
88996694545;;;;
85996281785;;;;
77991184664;;;;
85999950482;;;;
81999699978;;;;
88994762513;;;;
84999670998;;;;
82999811865;;;;
339781677;;;;
73988690975;;;;
88999461789;;;;
71982142480;;;;
8593252;;;;
83988379722;;;;
83991183177;;;;
81991725750;;;;
79991919134;;;;
71991286813;;;;
71999994881;;;;
79999944487;;;;
83999813915;;;;
77999922638;;;;
81992094651;;;;
88996097662;;;;
71991070955;;;;
85992507202;;;;
75988151203;;;;
75991330310;;;;
81996755535;;;;
85987975762;;;;
71993185269;;;;
86988163611;;;;
79999570215;;;;
74999979820;;;;
84998055200;;;;
84996861555;;;;
71981437234;;;;
75996552820;;;;
81971015376;;;;
79999117763;;;;
85987876767;;;;
85987876767;;;;
73999856111;;;;
11981826653;;;;
82988641463;;;;
88999684298;;;;
71996628288;;;;
71993870159;;;;
77991304358;;;;
86998281479;;;;
71988552121;;;;
81991851997;;;;
83987725499;;;;
71991639695;;;;
85988365870;;;;
75999335057;;;;
83988066586;;;;
84987579224;;;;
84987579224;;;;
84988579224;;;;
84987579224;;;;
84981856161;;;;
84987276052;;;;
88999240403;;;;
77999254131;;;;
85997452288;;;;
84991284298;;;;
73988575502;;;;
82996222074;;;;
71982762796;;;;
88999881125;;;;
81998932824;;;;
85998111570;;;;
83999345037;;;;
81998835256;;;;
71999863909;;;;
87999999194;;;;
82994149712;;;;
79999200529;;;;
83988585936;;;;
84988133130;;;;
84996032590;;;;
88999352594;;;;
79999257900;;;;
82999163916;;;;
71991826777;;;;
84999293970;;;;
84999293970;;;;
84999293970;;;;
84999293970;;;;
84999293970;;;;
84999293970;;;;
84999293970;;;;
84999293970;;;;
84987579224;;;;
84987579224;;;;
84987579224;;;;
84981323001;;;;
81996704995;;;;
71991806819;;;;
84994300832;;;;
75991790172;;;;
77999116526;;;;
79981077680;;;;
85991813451;;;;
84999481583;;;;
73999662171;;;;
79998113636;;;;
83988169489;;;;
88996020183;;;;
71999498429;;;;
81999000235;;;;
87988025066;;;;
85998888888;;;;
81996857910;;;;
84996691896;;;;
86999283047;;;;
88996002726;;;;
79991800045;;;;
79996106431;;;;
73982387035;;;;
73998583541;;;;
79999089006;;;;
87988652020;;;;
79999493098;;;;
84988630320;;;;
81999971722;;;;
81988039983;;;;
81997102142;;;;
84988019575;;;;
83986809594;;;;
71991116701;;;;
85996408004;;;;
81997124043;;;;
85981467638;;;;
71991147085;;;;
81992984328;;;;
85987131888;;;;
86999727252;;;;
77999235108;;;;
75983447770;;;;
81983402723;;;;
81986039410;;;;
77991030808;;;;
83999832436;;;;
71996646565;;;;
86981030303;;;;
82996333426;;;;
77991316975;;;;
77991941300;;;;
81994525228;;;;
82991520457;;;;
74999995242;;;;
83999899390;;;;
86981232243;;;;
81992191894;;;;
77999484342;;;;
85997385443;;;;
79988043481;;;;
77991963463;;;;
83999869845;;;;
77991940065;;;;
79998692402;;;;
84991007378;;;;
81971212000;;;;
81995314195;;;;
85997987991;;;;
75999569742;;;;
75981544686;;;;
79999687910;;;;
86988595277;;;;
85987634024;;;;
75992702741;;;;
84987303214;;;;
79999599108;;;;
74999568233;;;;
85985521234;;;;
79998651318;;;;
71996238487;;;;
41996869828;;;;
82999212320;;;;
71988927821;;;;
85999818040;;;;
81997934647;;;;
75981555286;;;;
85981705759;;;;
75999769220;;;;
99981173352;;;;
82993116055;;;;
84987529799;;;;
75998113347;;;;
85989502129;;;;
84988579224;;;;
84987579224;;;;
84988579224;;;;
84987579224;;;;
84987579224;;;;
73988260671;;;;
77981170119;;;;
85988471367;;;;
88999870808;;;;
71997338312;;;;
84998575150;;;;
71985011983;;;;
83988812205;;;;
89981057018;;;;
84988963414;;;;
71999209122;;;;
84987728423;;;;
86999026898;;;;
85991681618;;;;
85981327675;;;;
83996301211;;;;
86981884584;;;;
83996063631;;;;
75998680176;;;;
85996007593;;;;
73999029224;;;;
82991598383;;;;
83993425078;;;;
21996423265;;;;
75992141260;;;;
84988870737;;;;
88997126385;;;;
88997126385;;;;
88997126385;;;;
84999293970;;;;
84999293970;;;;
84999293970;;;;
84999293970;;;;
84999293970;;;;
84999293970;;;;
87987579224;;;;
85988278087;;;;
71988457100;;;;
83996945707;;;;
77998279496;;;;
74991886259;;;;
71993481963;;;;
82993683973;;;;
77988782198;;;;
85997690467;;;;
85999050617;;;;
82988989231;;;;
85999917347;;;;
83988887450;;;;
81994473699;;;;
83988115535;;;;
85997045051;;;;
71999994962;;;;
83999154790;;;;
87999278938;;;;
74999995526;;;;
82999167250;;;;
83998010241;;;;
86988213331;;;;
84996562728;;;;
89994377808;;;;
85996306432;;;;
85989706606;;;;
88999524652;;;;
83981620203;;;;
71991380229;;;;
71991380229;;;;
84996585960;;;;
86995198989;;;;
71999444411;;;;
71993039445;;;;
77999096611;;;;
85997977960;;;;
77991887503;;;;
77981115969;;;;
84987713660;;;;
79998989513;;;;
77981199123;;;;
81988975114;;;;
81991757806;;;;
81999260165;;;;
89999724791;;;;
71992107992;;;;
88996133716;;;;
85992307227;;;;
88996143167;;;;
86999439375;;;;
77999776865;;;;
88992189570;;;;
87998169840;;;;
71999198040;;;;
77999190371;;;;
82993155593;;;;
84991671186;;;;
75991717338;;;;
82991391528;;;;
82996520555;;;;
75991572845;;;;
77999539832;;;;
71981219754;;;;
71981059068;;;;
75988334007;;;;
85999758597;;;;
87991916775;;;;
73999686456;;;;
84988070737;;;;
81996524806;;;;
75983443679;;;;
75991850039;;;;
71993376220;;;;
73991511404;;;;
84998913333;;;;
79988584025;;;;
75981359006;;;;
81997589797;;;;
83982220108;;;;
33998568620;;;;
38991384678;;;;
84988491385;;;;
84988992020;;;;
82991840990;;;;
85999637070;;;;
86998390639;;;;
81995420005;;;;
89981344367;;;;
73981327603;;;;
92991907889;;;;
79999885060;;;;
79999885060;;;;
87981385922;;;;
77988422954;;;;
86994576005;;;;
83988892425;;;;
71999455014;;;;
77999615020;;;;
77999615020;;;;
77999615020;;;;
84996015566;;;;
84996015566;;;;
84996015566;;;;
73998310106;;;;
73998310106;;;;
81999789999;;;;
85998801150;;;;
85998801150;;;;
85985281051;;;;
85992614161;;;;
85992614161;;;;
85992614161;;;;
75982257948;;;;
73982001524;;;;
81998438015;;;;
81998438015;;;;
81999319715;;;;
81999319715;;;;
85981095573;;;;
84988019805;;;;
84988019805;;;;
84988019805;;;;
84994093304;;;;
84994587579;;;;
73981537602;;;;
84991057056;;;;
83988044919;;;;
74991113853;;;;
74991113853;;;;
85981559707;;;;
85981559707;;;;
85991468277;;;;
85991468277;;;;
85991468277;;;;
85991468277;;;;
84998330108;;;;
71991709916;;;;
74991605343;;;;
74991605343;;;;
75992281132;;;;
84991141409;;;;
84991141409;;;;
86999195720;;;;
87991507479;;;;
75988707830;;;;
71983544652;;;;
81988888888;;;;
81988888888;;;;
83988765726;;;;
71999672653;;;;
79999715557;;;;
79999715557;;;;
85991910357;;;;
79999630310;;;;
71991365747;;;;
71991365747;;;;
74988271306;;;;
87988226115;;;;
87988226115;;;;
89981113882;;;;
84994222220;;;;
79998389167;;;;
88999878712;;;;
86999310755;;;;
86999310755;;;;
84992316560;;;;
88997670016;;;;
88997670016;;;;
85911111111;;;;
71999727467;;;;
88997050505;;;;
82999592467;;;;
82999592467;;;;
83991347368;;;;
87981557238;;;;
85988974339;;;;
81992938507;;;;
81992938507;;;;
84998132718;;;;
84998132718;;;;
71997192056;;;;
75999680427;;;;
82999317094;;;;
82999317094;;;;
71993317107;;;;
47992590319;;;;
85999488614;;;;
85999488614;;;;
77998101994;;;;
81992922048;;;;
81992922048;;;;
73988071872;;;;
79996057779;;;;
88981679126;;;;
88981679126;;;;
89981390640;;;;
86994272240;;;;
79996482817;;;;
87999390800;;;;
84987101504;;;;
84987101504;;;;
82987062473;;;;
71993950525;;;;
81999093082;;;;
87991934824;;;;
83996358680;;;;
77981427063;;;;
77999119721;;;;
86995350233;;;;
84994159894;;;;
77991455352;;;;
77991455352;;;;
74998143752;;;;
74998143752;;;;
83999550339;;;;
77998651872;;;;
11998291181;;;;
88999253235;;;;
84999829270;;;;
83981902798;;;;
81981628181;;;;
83996620012;;;;
83996620012;;;;
81999041505;;;;
81999041505;;;;
81999041505;;;;
81999041505;;;;
81999041505;;;;
81999041505;;;;
85981514730;;;;
82993996647;;;;
81992967117;;;;
87981273895;;;;
71985173677;;;;
82999917300;;;;
82999917300;;;;
82994447822;;;;
85999255569;;;;
88999920201;;;;
88993144752;;;;
79999294929;;;;
79999294929;;;;
83999208877;;;;
75999191077;;;;
82991179077;;;;
84991264257;;;;
84991264257;;;;
81996496314;;;;
88998355664;;;;
88998355664;;;;
71998731690;;;;
84988321383;;;;
84988321383;;;;
85981538324;;;;
81987959083;;;;
81987959083;;;;
81987959083;;;;
81987959083;;;;
81987959083;;;;
81984591257;;;;
73998159457;;;;
73999104936;;;;
73999104936;;;;
71981098061;;;;
71986267472;;;;
71986267472;;;;
71986267472;;;;
71986267472;;;;
75991172868;;;;
75991172868;;;;
85997856924;;;;
71993877772;;;;
81981940955;;;;
71991802277;;;;
84999737964;;;;
84999362206;;;;
89981197295;;;;
85991674878;;;;
83991355442;;;;
83991355442;;;;
83991355442;;;;
81981160736;;;;
82996453737;;;;
75991005164;;;;
73999620488;;;;
87991198189;;;;
89988177405;;;;
89988177405;;;;
89988177405;;;;
89988177405;;;;
77981108574;;;;
84999482233;;;;
84999482233;;;;
82993611223;;;;
81986454808;;;;
81981063912;;;;
81981063912;;;;
41997880145;;;;
71996240768;;;;
87981488772;;;;
87981488772;;;;
87981488772;;;;
69984937311;;;;
85999170198;;;;
85999170198;;;;
85999170198;;;;
85999170198;;;;
71988625831;;;;
71988625831;;;;
71988625831;;;;
81986901675;;;;
81986901675;;;;
73998008760;;;;
83991753133;;;;
83991753133;;;;
83988826646;;;;
81987277594;;;;
51999578419;;;;
77998642046;;;;
77998642046;;;;
79999935026;;;;
81992580140;;;;
11978913779;;;;
85996098498;;;;
75999848087;;;;
75999848087;;;;
92984073115;;;;
92984073115;;;;
88996223196;;;;
86999826354;;;;
81999914225;;;;
81999914225;;;;
85988146120;;;;
88997880477;;;;
85991837156;;;;
84981399950;;;;
87988257998;;;;
87988257998;;;;
87988888888;;;;
85998612107;;;;
81999904444;;;;
75999632131;;;;
85997977501;;;;
83996156166;;;;
81996017037;;;;
11975478878;;;;
11975478878;;;;
75992179630;;;;
85984189765;;;;
82998091341;;;;
82998091341;;;;
84994014700;;;;
81987695736;;;;
73991425154;;;;
73991425154;;;;
73991425154;;;;
85991881166;;;;
83986079997;;;;
71984194821;;;;
85996697251;;;;
83987124803;;;;
81996215322;;;;
81996215322;;;;
81986677224;;;;
81986677224;;;;
85981080293;;;;
85981080293;;;;
85988936918;;;;
85996864871;;;;
85996864871;;;;
85996864871;;;;
85996864871;;;;
85996864871;;;;
85996864871;;;;
85996864871;;;;
85982089930;;;;
81993025986;;;;
85969926285;;;;
81997232656;;;;
85988156004;;;;
71982230172;;;;
71982230172;;;;
71987440736;;;;
71987440736;;;;
75997053143;;;;
73981578338;;;;
71987410726;;;;
88999615959;;;;
85991851274;;;;
85991851274;;;;
73981660842;;;;
82999999999;;;;
81999193455;;;;
88982126982;;;;
85999764628;;;;
85999764628;;;;
31991861668;;;;
81996182690;;;;
75991233445;;;;
85996335330;;;;
85996335330;;;;
85996335330;;;;
85996335330;;;;
88992179110;;;;
86988796922;;;;
83988166776;;;;
83988166776;;;;
84987294779;;;;
85998498487;;;;
8194245514;;;;
8194245514;;;;
83988818888;;;;
7794813387;;;;
7794813387;;;;
8592651923;;;;
8995441144;;;;
8995441144;;;;
8995441144;;;;
8995441144;;;;
71996623628;;;;
71996623628;;;;
85988999699;;;;
84987134237;;;;
83991397341;;;;
83998277910;;;;
83998277910;;;;
71992104693;;;;
89981031220;;;;
75999499316;;;;
83998302275;;;;
82981527351;;;;
82999933431;;;;
41997880145;;;;
61999187904;;;;
81999164884;;;;
81999164884;;;;
81999518464;;;;
81999518464;;;;
84999715130;;;;
77999524057;;;;
77999524057;;;;
73999088056;;;;
81989757701;;;;
85988880252;;;;
85988880252;;;;
85988880252;;;;
77991409207;;;;
71992225601;;;;
71992225601;;;;
83994071668;;;;
87996702646;;;;
87996702646;;;;
87996702646;;;;
87996702646;;;;
87996702646;;;;
84987334399;;;;
71994052624;;;;
71994052624;;;;
75981438846;;;;
8492018784;;;;
8492018784;;;;
84988202144;;;;
84988202144;;;;
74999321769;;;;
74999321769;;;;
74999321769;;;;
83987738720;;;;
83987738720;;;;
83987738720;;;;
88999714448;;;;
88999714448;;;;
84988926410;;;;
87999873329;;;;
8197210221;;;;
87991506583;;;;
7194801192;;;;
85987690849;;;;
8492114575;;;;
7596235636;;;;
7992411881;;;;
77991172647;;;;
85999876548;;;;
7594215139;;;;
83996243338;;;;
79999546223;;;;
81996770778;;;;
85996191811;;;;
86999259880;;;;
869322626;;;;
8496642708;;;;
71999248795;;;;
8293789278;;;;
82999828070;;;;
87999992515;;;;
79999593226;;;;
86994141708;;;;
71988559953;;;;
71982585152;;;;
86988258299;;;;
71996020352;;;;
84996628363;;;;
84991057456;;;;
81988314937;;;;
71991089125;;;;
84981342987;;;;
83988232396;;;;
84999054393;;;;
71999039568;;;;
86999370879;;;;
79999513142;;;;
81999149009;;;;
79999851180;;;;
84999807062;;;;
82993894554;;;;
81986217261;;;;
73981039163;;;;
83981815000;;;;
74981049924;;;;
85989596148;;;;
77988689676;;;;
83988484588;;;;
81985494408;;;;
71982384423;;;;
88999663507;;;;
79999982797;;;;
88999163542;;;;
81985350069;;;;
86995844746;;;;
81997931314;;;;
84987150581;;;;
73981343396;;;;
84994411574;;;;
79999576100;;;;
86994312983;;;;
88997406500;;;;
75992305567;;;;
89999870100;;;;
81998211818;;;;
74999522985;;;;
88996908387;;;;
75998302015;;;;
71987359540;;;;
88998044454;;;;
81997211858;;;;
82988558359;;;;
83988389563;;;;
85997029707;;;;
86994487166;;;;
88996521010;;;;
71991458865;;;;
75998106281;;;;
85986778840;;;;
77998045002;;;;
77999552339;;;;
81998516376;;;;
84996960319;;;;
83986221401;;;;
83986399090;;;;
83986515102;;;;
77991956507;;;;
88996412333;;;;
84988238844;;;;
81999398548;;;;
71988570545;;;;
85985911436;;;;
86988071983;;;;
73999278326;;;;
73981286751;;;;
98981980014;;;;
84988113555;;;;
71991926992;;;;
75999167700;;;;
84999292261;;;;
81987799543;;;;
85988772500;;;;
74981317383;;;;
83982180303;;;;
71992971133;;;;
85996448865;;;;
81981110034;;;;
85988734118;;;;
88988357560;;;;
85985826961;;;;
85987986740;;;;
84988374824;;;;
82999925342;;;;
71999524838;;;;
31985145838;;;;
75981742822;;;;
79998931033;;;;
85986199004;;;;
85997435423;;;;
79996369139;;;;
82999927100;;;;
71981594296;;;;
88996287737;;;;
71992148433;;;;
71999476465;;;;
84999347103;;;;
84988720076;;;;
75983062813;;;;
79999478767;;;;
73982136111;;;;
74988059578;;;;
83987330179;;;;
71983067554;;;;
71991971358;;;;
82982361201;;;;
99999999999;;;;
81992420076;;;;
84999517832;;;;
81999456643;;;;
82988194819;;;;
81997444545;;;;
81999286440;;;;
85996910715;;;;
84999481992;;;;
81981927814;;;;
84996542712;;;;
85987279999;;;;
81996618915;;;;
75991482472;;;;
75999877767;;;;
75999105459;;;;
82996901106;;;;
73982203333;;;;
71989514489;;;;
86999335050;;;;
84999097843;;;;
83998615015;;;;
79991454617;;;;
77991887503;;;;
82996632944;;;;
85999860322;;;;
77988655905;;;;
81992889757;;;;
85999938866;;;;
81982978854;;;;
83998698702;;;;
73991190001;;;;
85999755674;;;;
85992682031;;;;
71994069652;;;;
85988742009;;;;
88997102323;;;;
71993105844;;;;
83981524119;;;;
73981429535;;;;
75991934145;;;;
71991911500;;;;
86994239482;;;;
81985416986;;;;
74999426931;;;;
81999654463;;;;
74999500250;;;;
86999425555;;;;
85988366002;;;;
19997699780;;;;
75981182698;;;;
89999197241;;;;
83988000714;;;;
81999629832;;;;
84991163838;;;;
81987583796;;;;
75993016434;;;;
84996191277;;;;
85988852333;;;;
71988560843;;;;
71982660840;;;;
81992987749;;;;
85986816902;;;;
75991868331;;;;
71999465420;;;;
88997086247;;;;
83999889142;;;;
79999010169;;;;
83988039641;;;;
71997008183;;;;
85996442653;;;;
85981975550;;;;
73988401045;;;;
82987089739;;;;
77981133805;;;;
84998098305;;;;
77999784533;;;;
85999553838;;;;
81999713168;;;;
85999062024;;;;
81971014000;;;;
84991129728;;;;
81999977280;;;;
85991310064;;;;
83996839991;;;;
79999196230;;;;
82996516566;;;;
82996516566;;;;
71992594408;;;;
85988267564;;;;
84998189508;;;;
86981240412;;;;
71993867509;;;;
84997032419;;;;
21978777078;;;;
81982557337;;;;
71999100055;;;;
82999250677;;;;
82996333606;;;;
77988211313;;;;
81987448880;;;;
71991177051;;;;
81996510057;;;;
75991163359;;;;
88981188454;;;;
81987638013;;;;
84994137464;;;;
77992651001;;;;
85999999999;;;;
73999012282;;;;
84981233535;;;;
81979007568;;;;
75998104616;;;;
74999443630;;;;
71991982240;;;;
75981098228;;;;
75999985472;;;;
81991330665;;;;
33988479534;;;;
83996650597;;;;
11964007171;;;;
88981378308;;;;
81991119045;;;;
71981197523;;;;
81999871990;;;;
79999640464;;;;
84988711814;;;;
77999698340;;;;
81996561068;;;;
71999561007;;;;
71988661798;;;;
82996206909;;;;
84999812249;;;;
71999586858;;;;
73998521530;;;;
85986960012;;;;
74999522985;;;;
81987709549;;;;
89999742783;;;;
75999707533;;;;
81997149928;;;;
85981355058;;;;
77999500533;;;;
31998441212;;;;
85998715031;;;;
85989328382;;;;
84999631100;;;;
84996342212;;;;
82998036800;;;;
83998900188;;;;
81997352444;;;;
87999208887;;;;
77991961200;;;;
75991897878;;;;
81994802874;;;;
71988370680;;;;
75998311030;;;;
84991695710;;;;
87988218002;;;;
77991320312;;;;
71991031559;;;;
85999309056;;;;
85999850029;;;;
71987846713;;;;
86998435482;;;;
81996636684;;;;
81999700808;;;;
81996731526;;;;
11965960781;;;;
82981267586;;;;
61982147276;;;;
84991477822;;;;
84988730470;;;;
77999955113;;;;
64999886574;;;;
81998779041;;;;
81998149785;;;;
71993595657;;;;
84988730465;;;;
73998628092;;;;
71993390782;;;;
86998233237;;;;
85992089032;;;;
85997201301;;;;
71999317665;;;;
81997413737;;;;
73991080065;;;;
81983044091;;;;
86998662816;;;;
86998662816;;;;
11971613689;;;;
11971613689;;;;
79998632580;;;;
84981731112;;;;
84981731112;;;;
81993340427;;;;
41996869828;;;;
41996869828;;;;
71999087553;;;;
75999569626;;;;
75999114650;;;;
81999156982;;;;
75982566644;;;;
75982566644;;;;
71996512372;;;;
85991576904;;;;
71992819698;;;;
89988066964;;;;
73999593568;;;;
85989496342;;;;
83999292625;;;;
88996096545;;;;
75981339242;;;;
71981940762;;;;
81999999999;;;;
82998094496;;;;
82998094496;;;;
84999813801;;;;
84999813801;;;;
84996173540;;;;
83999519228;;;;
75988341619;;;;
81991454672;;;;
87981056744;;;;
86994236706;;;;
84998221540;;;;
84999175760;;;;
71999611639;;;;
71999611639;;;;
85991369382;;;;
79981713015;;;;
81995849000;;;;
77988363947;;;;
84998494058;;;;
86988758037;;;;
86988758037;;;;
86988758037;;;;
86988758037;;;;
86988758037;;;;
89981375540;;;;
75982974460;;;;
75982974460;;;;
77998289587;;;;
85987561978;;;;
85981939186;;;;
85981939186;;;;
74991955313;;;;
74991955313;;;;
74991955313;;;;
74991955313;;;;
81971032332;;;;
71992962980;;;;
75991479558;;;;
81991115993;;;;
81991115993;;;;
74988040967;;;;
81986028554;;;;
86999643278;;;;
86999643278;;;;
75999499751;;;;
86998441669;;;;
86998441669;;;;
88997889499;;;;
81989492800;;;;
85996659397;;;;
81987274688;;;;
81987920913;;;;
83999456090;;;;
71999414321;;;;
75991372059;;;;
88997796040;;;;
11976107410;;;;
85997394555;;;;
84988323779;;;;
84988800000;;;;
79998628383;;;;
88999278896;;;;
75991662962;;;;
75991662962;;;;
75991662962;;;;
81991735584;;;;
81991735584;;;;
84998000310;;;;
84998000310;;;;
88981484067;;;;
88997106122;;;;
85996463665;;;;
71999458184;;;;
85996980352;;;;
85996980352;;;;
82999811811;;;;
83998636248;;;;
41996869828;;;;
77999962652;;;;
71999828278;;;;
77999493031;;;;
82999328228;;;;
82999328228;;;;
79988643502;;;;
99985394362;;;;
73999233427;;;;
81982160306;;;;
84998360054;;;;
84998360054;;;;
71985036240;;;;
79996445207;;;;
83998571739;;;;
71991790072;;;;
81987073738;;;;
83998543489;;;;
87999944330;;;;
75982158513;;;;
85988991700;;;;
86988594859;;;;
85987954027;;;;
79988332893;;;;
89999885138;;;;
82999262886;;;;
86995316021;;;;
83991029695;;;;
84999805160;;;;
84999805160;;;;
74999339967;;;;
85991076229;;;;
87988674067;;;;
75999352004;;;;
75999352004;;;;
86994687090;;;;
41997880145;;;;
71997123637;;;;
82998120937;;;;
85997578000;;;;
85985345491;;;;
84988122948;;;;
89999123132;;;;
75999433266;;;;
86995675395;;;;
83988732030;;;;
83988732030;;;;
82981462723;;;;
82981462723;;;;
83994051462;;;;
83993933359;;;;
83993933359;;;;
73999945267;;;;
83987450778;;;;
81996413394;;;;
81996413394;;;;
83988195446;;;;
84988180921;;;;
84988180921;;;;
85985529791;;;;
81988959535;;;;
81988959535;;;;
81988959535;;;;
73981434022;;;;
88988092442;;;;
81999505512;;;;
85999999999;;;;
85996191920;;;;
79999739297;;;;
81998634109;;;;
83991490546;;;;
71985308889;;;;
71987929784;;;;
81992500665;;;;
85997525529;;;;
85997525529;;;;
88999883162;;;;
75991862837;;;;
87999780480;;;;
83991635301;;;;
82993571326;;;;
74998109660;;;;
79988191595;;;;
79988191595;;;;
81996847393;;;;
81996847393;;;;
85985112442;;;;
75998024411;;;;
81995678899;;;;
77999322425;;;;
81997094335;;;;
81994031870;;;;
81994031870;;;;
81994031870;;;;
71986367579;;;;
84999123150;;;;
84999123150;;;;
71997354001;;;;
81997139139;;;;
81997139139;;;;
88997241390;;;;
88997241390;;;;
86994319696;;;;
21997356211;;;;
71983762222;;;;
71983762222;;;;
73981100000;;;;
71994156051;;;;
71999926281;;;;
81984541473;;;;
81984541473;;;;
89994080253;;;;
85988330451;;;;
85994178641;;;;
77998356347;;;;
85982053435;;;;
85988888888;;;;
82999999999;;;;
88998045466;;;;
88998045466;;;;
41997436783;;;;
71991339493;;;;
31999292940;;;;
71991237826;;;;
83988546732;;;;
83988546732;;;;
83988546732;;;;
83994446653;;;;
82999769767;;;;
81995396480;;;;
75992099971;;;;
79998905490;;;;
83988292231;;;;
83988292231;;;;
83988292231;;;;
79996700019;;;;
81993625372;;;;
81993625372;;;;
71997305487;;;;
83996361218;;;;
85992234962;;;;
11970711266;;;;
81999764678;;;;
88997469457;;;;
85986820604;;;;
84991565567;;;;
84991565567;;;;
82999768784;;;;
88992558698;;;;
88992558698;;;;
88999794061;;;;
84996401010;;;;
81999552296;;;;
71999480932;;;;
83998040047;;;;
83998040047;;;;
85999458285;;;;
73999872677;;;;
81999468136;;;;
85913644595;;;;
8191;;;;
81999073703;;;;
82999844033;;;;
75982850237;;;;
62996231765;;;;
74998858644;;;;
88999999999;;;;
77999540410;;;;
77999540410;;;;
21966919172;;;;
83996830708;;;;
18999999999;;;;
79998022127;;;;
88999392983;;;;
85987843199;;;;
88999220051;;;;
7798113167;;;;
7798113167;;;;
71988931210;;;;
7596416978;;;;
7596416978;;;;
82996059200;;;;
79999841462;;;;
7193227262;;;;
7193227262;;;;
7592512470;;;;
7592512470;;;;
77999872059;;;;
77999872059;;;;
86994575667;;;;
71999717242;;;;
7992143923;;;;
7992143923;;;;
82981704500;;;;
82981704500;;;;
8592682323;;;;
8592682323;;;;
7193227262;;;;
7193227262;;;;
79999841462;;;;
71998620684;;;;
71998620684;;;;
82999705752;;;;
74999661237;;;;
74999661237;;;;
81986624639;;;;
8194761801;;;;
8692184599;;;;
86999812616;;;;
75992159080;;;;
8492732216;;;;
7193543069;;;;
7592612683;;;;
7496413933;;;;
79999441170;;;;
7596311705;;;;
84987934568;;;;
87988372729;;;;
8392247762;;;;
81992938507;;;;
85985220000;;;;
7996111047;;;;
81987410918;;;;
8995214058;;;;
85988446116;;;;
84999244080;;;;
7392872137;;;;
79999291015;;;;
71991383314;;;;
87988167341;;;;
88996010118;;;;
85997750666;;;;
79988775553;;;;
81998281010;;;;
73999692447;;;;
85991989555;;;;
74988227619;;;;
77999982144;;;;
84999911868;;;;
77981237263;;;;
88999276262;;;;
83988048309;;;;
75998158282;;;;
71996212151;;;;
79999517120;;;;
86998460004;;;;
83988389536;;;;
82999343440;;;;
83993151457;;;;
74999749927;;;;
99984279911;;;;
73981134648;;;;
87981077788;;;;
85986552191;;;;
81999492514;;;;
71992730374;;;;
77999019367;;;;
79999713853;;;;
75992030018;;;;
82996078843;;;;
71999430099;;;;
75981707983;;;;
71987047268;;;;
85998833170;;;;
71983038543;;;;
85996787782;;;;
82999216521;;;;
81988921014;;;;
79999810947;;;;
89999874999;;;;
75981605276;;;;
86999441210;;;;
84987630907;;;;
89994123725;;;;
61983451393;;;;
81988013784;;;;
74991150480;;;;
81991114250;;;;
75991677271;;;;
88988339236;;;;
71988769518;;;;
75991606454;;;;
84999851583;;;;
74999174722;;;;
82996365858;;;;
88999975533;;;;
71993524243;;;;
77991265735;;;;
84998682358;;;;
83996335642;;;;
81971032332;;;;
85987318087;;;;
86999659994;;;;
84991044648;;;;
77999924852;;;;
81987927119;;;;
84998340663;;;;
83991716554;;;;
73991020589;;;;
84999620138;;;;
82999097047;;;;
84994080859;;;;
81999218569;;;;
88997920835;;;;
83996766029;;;;
81998244497;;;;
86999656525;;;;
71981655818;;;;
82999053624;;;;
84999016338;;;;
74988550933;;;;
83996537631;;;;
81986312425;;;;
83987817029;;;;
88998711594;;;;
83988388649;;;;
81996840243;;;;
75988467328;;;;
85988305566;;;;
81991201140;;;;
82999922801;;;;
84991599900;;;;
79999010532;;;;
74999244561;;;;
71996983626;;;;
85998745632;;;;
81988728624;;;;
73982229472;;;;
75998488528;;;;
83996366666;;;;
84999216771;;;;
89994659715;;;;
75982239888;;;;
81999999999;;;;
71991611883;;;;
79999783215;;;;
77999552339;;;;
77998366655;;;;
84998069743;;;;
79999702362;;;;
79998739165;;;;
84999856746;;;;
71988920001;;;;
82991163090;;;;
81971191375;;;;
73999326082;;;;
84998189388;;;;
71983543380;;;;
73988584436;;;;
87998048136;;;;
75982911090;;;;
85999894325;;;;
85997494338;;;;
83993152902;;;;
81982258109;;;;
85988224686;;;;
81996387206;;;;
71982824333;;;;
71991267951;;;;
85996651289;;;;
85996239895;;;;
86994068373;;;;
73981154168;;;;
75988700052;;;;
86994951589;;;;
86981047808;;;;
82993220658;;;;
81987794941;;;;
79999447321;;;;
84991258586;;;;
73988732144;;;;
77999911667;;;;
83996989054;;;;
75992662686;;;;
71991029232;;;;
85988137751;;;;
71987883183;;;;
85989211344;;;;
73998169339;;;;
88999436803;;;;
81995250522;;;;
74999619085;;;;
85997016826;;;;
71999981968;;;;
84987614110;;;;
85996366972;;;;
81996562357;;;;
79999016794;;;;
71994147770;;;;
75983637080;;;;
83996714103;;;;
88981861396;;;;
88997483872;;;;
86988410293;;;;
86981393906;;;;
79999474403;;;;
85999889020;;;;
75991350113;;;;
79999561817;;;;
84987555492;;;;
74999864432;;;;
75999878289;;;;
71996003037;;;;
81996548297;;;;
89981335431;;;;
83994137200;;;;
16981462000;;;;
81988421897;;;;
86999997590;;;;
81991470061;;;;
71993785452;;;;
79998699968;;;;
81992495745;;;;
37999933444;;;;
75991640980;;;;
81984551685;;;;
84996578600;;;;
71981536246;;;;
71999735463;;;;
81999393113;;;;
85996736837;;;;
71988856247;;;;
71999644668;;;;
84983669022;;;;
87988146943;;;;
77999820491;;;;
77999775089;;;;
83998066292;;;;
71991039544;;;;
75992772389;;;;
75991964245;;;;
85991017838;;;;
84999624839;;;;
84996210883;;;;
74988010824;;;;
85996613155;;;;
81991322832;;;;
87999500590;;;;
85996128688;;;;
99999999999;;;;
83999212395;;;;
87999880875;;;;
85998198086;;;;
82991636154;;;;
85988183919;;;;
71987961729;;;;
71986941400;;;;
77981635374;;;;
77991257639;;;;
71999337089;;;;
81998599986;;;;
71981939237;;;;
85992332495;;;;
84986918615;;;;
83988212863;;;;
85987655556;;;;
71999151777;;;;
71991214777;;;;
83993203998;;;;
83993203998;;;;
83999320392;;;;
11964770935;;;;
81988236417;;;;
85987378130;;;;
84999374995;;;;
77999396828;;;;
83993825411;;;;
73991229046;;;;
83996348666;;;;
83996348666;;;;
79999245354;;;;
86994801519;;;;
88997341414;;;;
75982837127;;;;
14996516521;;;;
81992938507;;;;
71992492477;;;;
81982629067;;;;
85999655813;;;;
71988101389;;;;
86999889594;;;;
62992638870;;;;
81988585407;;;;
86998172172;;;;
84996617245;;;;
88994074626;;;;
74991141291;;;;
85987318144;;;;
81996991964;;;;
71999364888;;;;
19999677808;;;;
77981020026;;;;
74999762505;;;;
11996335189;;;;
82999999007;;;;
73991659317;;;;
11992842574;;;;
71996003058;;;;
88994717001;;;;
77981642116;;;;
87991595393;;;;
71991861428;;;;
77998319380;;;;
79999632078;;;;
79996659855;;;;
85996410024;;;;
84994144774;;;;
71999222033;;;;
88999862777;;;;
85998417821;;;;
85996162525;;;;
73988744684;;;;
88999414141;;;;
81997042619;;;;
84991313796;;;;
81996442755;;;;
82987213790;;;;
81989238304;;;;
88999061241;;;;
77991961664;;;;
83982060882;;;;
31971111119;;;;
79999829063;;;;
75992504309;;;;
87998105604;;;;
84992077324;;;;
83988566538;;;;
75981688672;;;;
81984075275;;;;
82996830388;;;;
88994888165;;;;
81999826092;;;;
81999218569;;;;
79999919585;;;;
86998460004;;;;
11998735228;;;;
61996667422;;;;
83998594972;;;;
82996609999;;;;
82990000000;;;;
83986402324;;;;
83999541430;;;;
81988013784;;;;
44994799850;;;;
81999999790;;;;
81999999790;;;;
79999305350;;;;
79999305350;;;;
84981825858;;;;
84981825858;;;;
84981825858;;;;
71987899949;;;;
83988993625;;;;
83988993625;;;;
81985250408;;;;
71999310343;;;;
82998342298;;;;
82998342298;;;;
81982594584;;;;
85992564594;;;;
71988623252;;;;
71988623252;;;;
85991015543;;;;
85988216170;;;;
62982229247;;;;
85985953562;;;;
71987358597;;;;
71991690178;;;;
79998954206;;;;
79999356451;;;;
79999356451;;;;
79999356451;;;;
86981881212;;;;
83999464477;;;;
82993295711;;;;
82993295711;;;;
81985975861;;;;
81985975861;;;;
85991115883;;;;
71996374813;;;;
87981402095;;;;
79999627888;;;;
71991751053;;;;
73982191237;;;;
84998433137;;;;
83999714733;;;;
75998010731;;;;
75998010731;;;;
75981535387;;;;
75981535387;;;;
87988093309;;;;
71999729349;;;;
84988601760;;;;
84988601760;;;;
81987977777;;;;
81987977777;;;;
81987977777;;;;
85986907674;;;;
85986907674;;;;
88997046497;;;;
71997123904;;;;
71997123904;;;;
71988363346;;;;
71988363346;;;;
99999999999;;;;
75993140002;;;;
81995097574;;;;
79996938762;;;;
79996938762;;;;
79996938762;;;;
79996938762;;;;
79996938762;;;;
79996938762;;;;
79996938762;;;;
85987095711;;;;
85987095711;;;;
71997223360;;;;
81999488232;;;;
73981090159;;;;
71981925719;;;;
85981023084;;;;
81979072501;;;;
81979072501;;;;
89999293662;;;;
89999293662;;;;
71991951080;;;;
71991951080;;;;
88993103066;;;;
83988049631;;;;
85991204108;;;;
84986057336;;;;
84988330956;;;;
85999004510;;;;
81992441805;;;;
81992441805;;;;
84998656732;;;;
85991347987;;;;
84988295259;;;;
84988295259;;;;
82999835704;;;;
83999613773;;;;
84988013472;;;;
75981099543;;;;
85998152904;;;;
85998152904;;;;
71992822948;;;;
83986800661;;;;
87988252236;;;;
87988252236;;;;
81988789684;;;;
89994175674;;;;
75999347332;;;;
88983521799;;;;
75981459982;;;;
84998810632;;;;
81999283869;;;;
82991309258;;;;
82991309258;;;;
83981687677;;;;
77999718038;;;;
81987421514;;;;
88998715181;;;;
88998715181;;;;
88998715181;;;;
88998715181;;;;
87988192028;;;;
85981560609;;;;
84981820726;;;;
85997376133;;;;
85997376133;;;;
86995849305;;;;
83993098843;;;;
85992606446;;;;
81998571631;;;;
83986753130;;;;
84988255944;;;;
81995267647;;;;
79998139067;;;;
86988095356;;;;
79999707948;;;;
79999707948;;;;
85999330390;;;;
75999789669;;;;
77999171818;;;;
81982470407;;;;
71982135657;;;;
82981749638;;;;
82981749638;;;;
85981401287;;;;
77988696918;;;;
82996493862;;;;
83988407877;;;;
83988407877;;;;
81991174482;;;;
85987787620;;;;
75991535979;;;;
71996532769;;;;
71996532769;;;;
89994175674;;;;
71981218897;;;;
71981218897;;;;
71984684361;;;;
81993730160;;;;
87981549414;;;;
71987240223;;;;
81999299409;;;;
74999108880;;;;
27997901685;;;;
79998413615;;;;
84999198278;;;;
88992045496;;;;
85996160050;;;;
85996160050;;;;
85996160050;;;;
85996160050;;;;
85999714156;;;;
85999704375;;;;
83986507610;;;;
79999313699;;;;
11986275310;;;;
75999936266;;;;
79999966196;;;;
71991845890;;;;
71991845890;;;;
63984747300;;;;
83996567244;;;;
83996567244;;;;
75998387171;;;;
77991980246;;;;
77991980246;;;;
85986712512;;;;
83988845360;;;;
83988845360;;;;
83999810789;;;;
81997420363;;;;
81997420363;;;;
82982288282;;;;
82982288282;;;;
88997641205;;;;
87981686825;;;;
14997959200;;;;
14997959200;;;;
81981491382;;;;
71992579775;;;;
71992579775;;;;
71992579775;;;;
81999787005;;;;
77998699660;;;;
86981667363;;;;
86981667363;;;;
86981667363;;;;
81992571715;;;;
85999828125;;;;
71993376596;;;;
73999619041;;;;
84991291704;;;;
79999688635;;;;
71999137668;;;;
71999137668;;;;
85982342443;;;;
81999119815;;;;
81999119815;;;;
77998616356;;;;
73988612899;;;;
77998231246;;;;
85985608055;;;;
88996605448;;;;
81997988411;;;;
82996665990;;;;
82999567152;;;;
71992570191;;;;
84988448165;;;;
86981019615;;;;
85998145582;;;;
81994991332;;;;
75992116393;;;;
75992116393;;;;
79998800208;;;;
81996863518;;;;
81992481003;;;;
88999314520;;;;
73991457119;;;;
73991457119;;;;
79998383404;;;;
71992618412;;;;
88981516762;;;;
85985818055;;;;
88996286415;;;;
89981155658;;;;
77999745187;;;;
77991453800;;;;
87988259040;;;;
71999042397;;;;
85991429335;;;;
82981152999;;;;
48984789759;;;;
71991337951;;;;
71991337951;;;;
77999710012;;;;
88994181090;;;;
86999930217;;;;
86999930217;;;;
79991080730;;;;
79998183238;;;;
81911111111;;;;
81911111111;;;;
82999918399;;;;
71982340301;;;;
84998639384;;;;
41997880145;;;;
85985253961;;;;
77998416224;;;;
77998416224;;;;
89981485764;;;;
87999133923;;;;
74999662500;;;;
74999662500;;;;
82999191764;;;;
71999991750;;;;
71985220596;;;;
84988462021;;;;
81982881504;;;;
87981412745;;;;
81988596441;;;;
81988596441;;;;
84996680872;;;;
74988098423;;;;
85984189765;;;;
89999240500;;;;
75982397923;;;;
75982397923;;;;
83998442406;;;;
75991898571;;;;
81992230990;;;;
81994624743;;;;
82994036464;;;;
85986209959;;;;
89999251670;;;;
71986089314;;;;
75991618091;;;;
84988448470;;;;
45988207373;;;;
85988191766;;;;
8194681545;;;;
8194681545;;;;
83988023547;;;;
83988023547;;;;
7193588000;;;;
7193588000;;;;
75991953011;;;;
87999770032;;;;
87999770032;;;;
81996543857;;;;
81997592895;;;;
11996612284;;;;
83991003922;;;;
71991535361;;;;
85981451588;;;;
87981598949;;;;
84996435536;;;;
89999215400;;;;
89999215400;;;;
81987170347;;;;
81987170347;;;;
71991316249;;;;
71991316249;;;;
71991316249;;;;
83999999999;;;;
83999999999;;;;
83999999999;;;;
85989527731;;;;
71992122992;;;;
71992122992;;;;
85989187670;;;;
81999999999;;;;
77999499869;;;;
75988334007;;;;
41997880145;;;;
41997880145;;;;
82996644456;;;;
82987119187;;;;
86999767247;;;;
85988690384;;;;
85988690384;;;;
8695821651;;;;
8695821651;;;;
88992442327;;;;
88992442327;;;;
8592737252;;;;
8592737252;;;;
81999677031;;;;
88999055047;;;;
84986303376;;;;
84994129025;;;;
88992442327;;;;
88992442327;;;;
85999749904;;;;
85999749904;;;;
85999749904;;;;
85999749904;;;;
82991083323;;;;
83999213888;;;;
8194761576;;;;
8194761576;;;;
85999168273;;;;
71991518388;;;;
79998107101;;;;
81991409954;;;;
8292418169;;;;
83991223565;;;;
81996720251;;;;
7396052881;;;;
8493140604;;;;
8592319400;;;;
88999533024;;;;
88981285873;;;;
8194285000;;;;
85987240938;;;;
77998440644;;;;
75981747242;;;;
71992250029;;;;
7596250486;;;;
8293201337;;;;
75988469666;;;;
88981880870;;;;
8395211925;;;;
79999093525;;;;
89994290529;;;;
8190;;;;
85988745583;;;;
85996464137;;;;
42996017005;;;;
71996600413;;;;
85996075672;;;;
84999425115;;;;
85999866151;;;;
84996306226;;;;
85988815809;;;;
71981744703;;;;
85981193089;;;;
85996167039;;;;
83987966511;;;;
81981883211;;;;
84996616084;;;;
71981812367;;;;
81987871781;;;;
83988051222;;;;
85996523658;;;;
81999602997;;;;
87988223752;;;;
81996461800;;;;
81981086313;;;;
88999158418;;;;
79999877161;;;;
77988452836;;;;
71981032110;;;;
71999719124;;;;
85981165300;;;;
89988044780;;;;
81985035376;;;;
71999396007;;;;
71987680071;;;;
75999335270;;;;
84991490752;;;;
71999007822;;;;
11996763076;;;;
84999186737;;;;
83982345170;;;;
81994648163;;;;
75999935880;;;;
84997013380;;;;
89994020358;;;;
71996482303;;;;
71991942180;;;;
85999551118;;;;
81993180310;;;;
75999857121;;;;
85992344097;;;;
87998096220;;;;
89999355040;;;;
85987262924;;;;
85991469999;;;;
74999792313;;;;
71987127738;;;;
84994136515;;;;
85999139562;;;;
83998433387;;;;
81979144048;;;;
82999185933;;;;
11975919245;;;;
71992146362;;;;
85986441805;;;;
81991323072;;;;
75981762050;;;;
88999995221;;;;
75982053491;;;;
81997802777;;;;
73988363590;;;;
75999721162;;;;
71986570269;;;;
71993975000;;;;
84987264104;;;;
75991633796;;;;
85986041205;;;;
77991809703;;;;
84988042802;;;;
81983730417;;;;
83991272737;;;;
77981665637;;;;
71996256869;;;;
71992089475;;;;
81999895035;;;;
81985652857;;;;
84996563249;;;;
88999810878;;;;
81999816945;;;;
85996331230;;;;
71999115110;;;;
88999288082;;;;
82999813651;;;;
81996692626;;;;
85988835414;;;;
82981030576;;;;
86999202003;;;;
81991748183;;;;
79991659913;;;;
84999530831;;;;
83999965897;;;;
88981440763;;;;
73999654170;;;;
84988118616;;;;
85999260084;;;;
85997698713;;;;
83996209362;;;;
85987256698;;;;
81999521765;;;;
77999106554;;;;
77988126200;;;;
82988279504;;;;
81989010325;;;;
85988588812;;;;
81993169670;;;;
85988780369;;;;
85999870491;;;;
87999697405;;;;
81999164433;;;;
81994247759;;;;
83999810400;;;;
77999373403;;;;
79999718888;;;;
71999459081;;;;
89981037233;;;;
41996869828;;;;
83988740005;;;;
83996553895;;;;
87996468314;;;;
71999573120;;;;
73981963239;;;;
83988157011;;;;
71993014658;;;;
79988538650;;;;
86999872150;;;;
83999024360;;;;
41996869828;;;;
73999785903;;;;
71991155088;;;;
81997738133;;;;
84996507325;;;;
81986094699;;;;
79999329254;;;;
71988434051;;;;
71993306633;;;;
85982037556;;;;
75982334084;;;;
85996031600;;;;
85992001482;;;;
88998027888;;;;
83998393299;;;;
86995848302;;;;
71991385656;;;;
71983661499;;;;
88997771021;;;;
85999226094;;;;
83981111715;;;;
71992444544;;;;
85991665534;;;;
83999674454;;;;
73991187930;;;;
81999455516;;;;
74988072568;;;;
84998066348;;;;
75991841898;;;;
79998445026;;;;
79999592727;;;;
81994444887;;;;
84981345347;;;;
83988803897;;;;
83988803897;;;;
81999724553;;;;
85999886685;;;;
85987856595;;;;
81988812993;;;;
75999716330;;;;
83981533981;;;;
81982033129;;;;
83988436273;;;;
77999771379;;;;
81991032257;;;;
88996902648;;;;
86995854313;;;;
88992467914;;;;
85998485494;;;;
87998175818;;;;
81997043314;;;;
88996004122;;;;
71987582913;;;;
77998270752;;;;
75988593830;;;;
85996994455;;;;
73999728270;;;;
74988163373;;;;
71993975000;;;;
85998466485;;;;
82999101269;;;;
81999699781;;;;
71985310486;;;;
73999933017;;;;
82988880172;;;;
86981034924;;;;
71992178571;;;;
81998866676;;;;
79991196192;;;;
81991671537;;;;
85994299572;;;;
75991564798;;;;
85999121880;;;;
84991182901;;;;
71992101215;;;;
74988048045;;;;
71996013100;;;;
81999717493;;;;
79999248622;;;;
86999582224;;;;
85992264486;;;;
71999816456;;;;
85999186156;;;;
71986578393;;;;
81987421295;;;;
81991457970;;;;
77981278299;;;;
83993053596;;;;
71999142054;;;;
71991156789;;;;
89994681020;;;;
81998817088;;;;
83988333186;;;;
77999226061;;;;
71983704113;;;;
84999632097;;;;
83988184488;;;;
84999367132;;;;
88999086199;;;;
77991164333;;;;
81984498687;;;;
85999150467;;;;
75999857380;;;;
84999709707;;;;
86998016148;;;;
85999974374;;;;
83996653854;;;;
86995861335;;;;
81997442927;;;;
84994874650;;;;
86999990822;;;;
85985555724;;;;
86981799063;;;;
83996571229;;;;
77988562176;;;;
82999813651;;;;
75999682890;;;;
81995555556;;;;
71999226794;;;;
88993716025;;;;
71992707390;;;;
85997439226;;;;
71992829183;;;;
79998701819;;;;
86999913311;;;;
73988031316;;;;
81994267828;;;;
79998532869;;;;
77999111020;;;;
11975080056;;;;
82981403058;;;;
82988297432;;;;
77998507158;;;;
81995177087;;;;
81989869971;;;;
82988889305;;;;
85991970508;;;;
85991970508;;;;
71993724581;;;;
84991356915;;;;
84991356915;;;;
84994411922;;;;
84994411922;;;;
84994411922;;;;
84994411922;;;;
84994411922;;;;
84994411922;;;;
84994411922;;;;
84994411922;;;;
84994411922;;;;
84994411922;;;;
84994411922;;;;
84994411922;;;;
84994411922;;;;
84994411922;;;;
84994411922;;;;
84994411922;;;;
84994411922;;;;
84994411922;;;;
84994411922;;;;
84994411922;;;;
84994411922;;;;
84994411922;;;;
84994411922;;;;
84994411922;;;;
84994411922;;;;
84994411922;;;;
84994411922;;;;
81982033129;;;;
81982033129;;;;
75991898101;;;;
84998658617;;;;
79999695750;;;;
85989002409;;;;
81998182889;;;;
75997057463;;;;
91992086662;;;;
87999553449;;;;
41996869828;;;;
85981353930;;;;
85981353930;;;;
88999580814;;;;
88999580814;;;;
84999521593;;;;
81999461773;;;;
79999175679;;;;
85986224481;;;;
82991890345;;;;
82991890345;;;;
71999701900;;;;
81987317365;;;;
81987317365;;;;
81988264465;;;;
85988288314;;;;
83981929284;;;;
71997233715;;;;
88992862670;;;;
88992862670;;;;
73999396925;;;;
81996057922;;;;
81996057922;;;;
75999450287;;;;
75999450287;;;;
81999028580;;;;
81999028580;;;;
75991017017;;;;
75991017017;;;;
71981038326;;;;
71996194807;;;;
85997220449;;;;
85997220449;;;;
81989847622;;;;
81989847622;;;;
85987215271;;;;
85982057163;;;;
82988880971;;;;
82988880971;;;;
73988716300;;;;
11972842362;;;;
11972842362;;;;
11972842362;;;;
11972842362;;;;
79998413138;;;;
79998413138;;;;
85988262107;;;;
85988262107;;;;
85996594604;;;;
73999019379;;;;
81995613566;;;;
84992085084;;;;
75999220324;;;;
82991012120;;;;
82991012120;;;;
82991012120;;;;
82991012120;;;;
82991012120;;;;
74981175961;;;;
86992001550;;;;
86992001550;;;;
83996542696;;;;
71999173975;;;;
71992531121;;;;
81982061666;;;;
83998260909;;;;
85998667780;;;;
86998242605;;;;
71996148714;;;;
71996148714;;;;
71999059852;;;;
71999572928;;;;
86998244262;;;;
73981683399;;;;
85981613868;;;;
85981613868;;;;
85981613868;;;;
94981158891;;;;
71991645490;;;;
71991645490;;;;
89994370636;;;;
41996869828;;;;
74988438521;;;;
74988438521;;;;
81988706267;;;;
81988706267;;;;
77991199029;;;;
71988195049;;;;
84988435361;;;;
81997740106;;;;
73991584358;;;;
84996602402;;;;
86981602004;;;;
85997714198;;;;
82987137385;;;;
82987137385;;;;
82987137385;;;;
83986654619;;;;
85998603932;;;;
85981324252;;;;
89994581667;;;;
75992046733;;;;
83999415963;;;;
83986150156;;;;
84998447070;;;;
84998447070;;;;
84998447070;;;;
84998447070;;;;
84988988042;;;;
77999810787;;;;
77999810787;;;;
84991565567;;;;
84991565567;;;;
79999410401;;;;
79999410401;;;;
77999028713;;;;
74991997885;;;;
81988101600;;;;
81988101600;;;;
77988125006;;;;
79991324158;;;;
88988274344;;;;
82996348267;;;;
74999751448;;;;
81981890467;;;;
87988350965;;;;
87988350965;;;;
85988260541;;;;
81996016786;;;;
81996016786;;;;
81991000745;;;;
82996073332;;;;
82996073332;;;;
84999566133;;;;
84999566133;;;;
71999452578;;;;
81981338765;;;;
77998650686;;;;
77998650686;;;;
71996554233;;;;
83982325498;;;;
83982325498;;;;
71985556984;;;;
71985556984;;;;
71985556984;;;;
71985556984;;;;
85992668782;;;;
88996348891;;;;
88996348891;;;;
77999413440;;;;
81991853943;;;;
81999830765;;;;
51992826704;;;;
75999832777;;;;
75999832777;;;;
85999695987;;;;
77999716078;;;;
81992990468;;;;
83994038648;;;;
85992796257;;;;
71991881882;;;;
84998063920;;;;
79988122645;;;;
81992121488;;;;
81992121488;;;;
83988013993;;;;
81987711090;;;;
81987711090;;;;
89981231320;;;;
81998056222;;;;
83996847854;;;;
71993768339;;;;
71999941520;;;;
71991146063;;;;
71991146063;;;;
71992112019;;;;
71992112019;;;;
81999596565;;;;
89998149936;;;;
75992180088;;;;
83988490616;;;;
83988490616;;;;
83999821689;;;;
87991806044;;;;
73988138158;;;;
79981478187;;;;
75999021146;;;;
75981540430;;;;
83993989990;;;;
62992535819;;;;
62992535819;;;;
62992535819;;;;
62992535819;;;;
85987486867;;;;
87981552366;;;;
71991039775;;;;
84991565567;;;;
84991565567;;;;
82996498382;;;;
82996498382;;;;
85999304817;;;;
85988477614;;;;
79999595786;;;;
79999595786;;;;
75998633089;;;;
86988731843;;;;
85999445261;;;;
85999445261;;;;
87999480101;;;;
87999480101;;;;
82988969959;;;;
82996343559;;;;
82996343559;;;;
82996343559;;;;
82996343559;;;;
71993415096;;;;
71993415096;;;;
77999119968;;;;
82981085001;;;;
81991280875;;;;
85996839353;;;;
83987879990;;;;
84998594979;;;;
87988024362;;;;
71985277267;;;;
75998300676;;;;
75999871826;;;;
88988510800;;;;
75999063269;;;;
81995210647;;;;
31971355375;;;;
74988056444;;;;
85996480069;;;;
74999979140;;;;
81991176333;;;;
81991176333;;;;
81991176333;;;;
73982029926;;;;
73982029926;;;;
73988274037;;;;
73988274037;;;;
81997275406;;;;
85999004120;;;;
11988215479;;;;
81998804408;;;;
81986467618;;;;
86999294780;;;;
86999294780;;;;
71996823599;;;;
83999672317;;;;
71999450190;;;;
88996836212;;;;
82911111111;;;;
85988274070;;;;
75992981001;;;;
77998606663;;;;
71993809751;;;;
71993809751;;;;
74981167541;;;;
77999667949;;;;
73999075983;;;;
73999075983;;;;
71991845197;;;;
85997439226;;;;
79991361960;;;;
79991361960;;;;
77988023295;;;;
7193094702;;;;
7193094702;;;;
83999454545;;;;
8592749426;;;;
8592749426;;;;
72992493270;;;;
72992493270;;;;
72992493270;;;;
88998194580;;;;
84999320308;;;;
82988687022;;;;
82988687022;;;;
88999182375;;;;
81987232835;;;;
81991111282;;;;
81991111282;;;;
81991111282;;;;
77999196540;;;;
85998019031;;;;
85999790129;;;;
84998173127;;;;
84998173127;;;;
74988262908;;;;
85999999999;;;;
85999246296;;;;
79999150589;;;;
79999150589;;;;
71981553619;;;;
19999724234;;;;
71991708251;;;;
71999776835;;;;
83998543868;;;;
86994034703;;;;
86994034703;;;;
86994034703;;;;
86999352712;;;;
85986925366;;;;
74988220784;;;;
74988220784;;;;
86995457470;;;;
88981558072;;;;
11986502257;;;;
73999366672;;;;
73999366672;;;;
85998174525;;;;
41997880145;;;;
41997880145;;;;
85996963299;;;;
88981409157;;;;
73981229217;;;;
83998523137;;;;
77991880005;;;;
71999922522;;;;
74999012006;;;;
74991416726;;;;
75999921660;;;;
75992108738;;;;
71993139439;;;;
85992445181;;;;
71992359175;;;;
85997731210;;;;
85997731210;;;;
85997731210;;;;
73981651261;;;;
86998264823;;;;
8193393806;;;;
8193393806;;;;
8193393806;;;;
8193393806;;;;
8193393806;;;;
8193393806;;;;
82911111111;;;;
83993027276;;;;
83993027276;;;;
8194459915;;;;
8194459915;;;;
84999169110;;;;
84999169110;;;;
71991217474;;;;
71991217474;;;;
71991217474;;;;
85985317741;;;;
7996112449;;;;
7996112449;;;;
88993205600;;;;
86998026952;;;;
81991450864;;;;
81991450864;;;;
77999954004;;;;
83981756912;;;;
83981756912;;;;
84996683545;;;;
82999209503;;;;
8194650426;;;;
8392462420;;;;
8694155000;;;;
8392412688;;;;
7594312294;;;;
81991141131;;;;
8393213710;;;;
71991188081;;;;
84999862209;;;;
7194521073;;;;
83999750077;;;;
85999810008;;;;
73982240172;;;;
84998990107;;;;
81991290663;;;;
75999713319;;;;
83999841310;;;;
7999830372;;;;
71999654087;;;;
81999824246;;;;
81999672365;;;;
73999093434;;;;
87981571475;;;;
84999047898;;;;
81999710547;;;;
77991251213;;;;
74999297426;;;;
84999824466;;;;
79999374881;;;;
85991888899;;;;
75997130645;;;;
77998335879;;;;
84999201545;;;;
87988360350;;;;
81986992494;;;;
84988279755;;;;
74999918421;;;;
83991068299;;;;
21999791597;;;;
84994210222;;;;
71991447575;;;;
85986335761;;;;
81985158689;;;;
81999286555;;;;
84987239525;;;;
87999012081;;;;
71992834064;;;;
77999134048;;;;
83987019455;;;;
86995094200;;;;
73999520013;;;;
85997804302;;;;
77988119682;;;;
81992446693;;;;
86999949578;;;;
75999420128;;;;
85996164585;;;;
85998274439;;;;
85987766839;;;;
81987251860;;;;
73999677300;;;;
85999319372;;;;
85999828996;;;;
27999062885;;;;
88998000672;;;;
85998814562;;;;
84991693528;;;;
85996671874;;;;
86988846006;;;;
75991217005;;;;
85999024225;;;;
83986151864;;;;
79991447004;;;;
71988659628;;;;
77999997271;;;;
35991349068;;;;
81998734561;;;;
84988019805;;;;
73999611102;;;;
81994912602;;;;
83999842510;;;;
74991956922;;;;
88997107098;;;;
85986441819;;;;
71986341518;;;;
71986889215;;;;
71988325060;;;;
81996478484;;;;
85999510625;;;;
82999004321;;;;
73981071437;;;;
75988553104;;;;
88981174592;;;;
81987033112;;;;
77988739900;;;;
86999252419;;;;
87988098399;;;;
77991573997;;;;
81992792391;;;;
86994157092;;;;
75991565126;;;;
75981059878;;;;
88999490951;;;;
88999367954;;;;
85981678775;;;;
83999856512;;;;
75991665446;;;;
79996762462;;;;
88981384463;;;;
82996147103;;;;
74999771795;;;;
89999884647;;;;
75991532349;;;;
85992104728;;;;
88997159955;;;;
84996949514;;;;
73988371506;;;;
73988853929;;;;
86999687125;;;;
73981775134;;;;
75992229403;;;;
77988457448;;;;
87999840011;;;;
88993357964;;;;
74999988821;;;;
84999901255;;;;
85988787875;;;;
85996785200;;;;
81985096055;;;;
88981209287;;;;
83996221140;;;;
79998254625;;;;
85998582249;;;;
77999625993;;;;
81995550538;;;;
77981025539;;;;
84996370207;;;;
96998481142;;;;
84988811245;;;;
89994536195;;;;
89999774628;;;;
82993271465;;;;
71998226790;;;;
98988926970;;;;
73981331273;;;;
81985101186;;;;
84999530721;;;;
86999656130;;;;
81999999999;;;;
85988143925;;;;
79998233840;;;;
87996249944;;;;
85984165279;;;;
83991086476;;;;
75991096533;;;;
88999902116;;;;
77999349077;;;;
79998115205;;;;
83998873787;;;;
72992705503;;;;
87988030432;;;;
86999524201;;;;
88996821999;;;;
81999999999;;;;
88981450921;;;;
77999629029;;;;
84999175367;;;;
81996051063;;;;
84991822389;;;;
71996157726;;;;
89988094419;;;;
77999479225;;;;
83998129286;;;;
86988278781;;;;
84994217218;;;;
85989754641;;;;
87988323421;;;;
75998131298;;;;
86999076036;;;;
81996751845;;;;
73999743634;;;;
85991755959;;;;
85996473791;;;;
89994361316;;;;
82982087770;;;;
86981553210;;;;
71982127151;;;;
75999099408;;;;
73981356158;;;;
73999457655;;;;
75999289594;;;;
81991615204;;;;
82999353232;;;;
79999057514;;;;
84999647174;;;;
85992559979;;;;
79996601264;;;;
85988509726;;;;
86994289517;;;;
86988282903;;;;
81999374404;;;;
77998045449;;;;
71991546161;;;;
71991337595;;;;
81999501007;;;;
71996091644;;;;
77999712788;;;;
77992060061;;;;
83991355529;;;;
75991179806;;;;
77999505713;;;;
84991177712;;;;
85999702166;;;;
81998738511;;;;
85987806262;;;;
86988928803;;;;
71988844979;;;;
81989583560;;;;
81987372634;;;;
79991285579;;;;
81992465060;;;;
83998459216;;;;
85986553993;;;;
85988190124;;;;
77999649359;;;;
81988878551;;;;
71987594566;;;;
74999470366;;;;
81989168914;;;;
74988652724;;;;
85998367679;;;;
85986591887;;;;
82981151844;;;;
84999485899;;;;
84987228895;;;;
75988110987;;;;
86999619781;;;;
71994046833;;;;
82999262496;;;;
81993719017;;;;
85986730982;;;;
83999209324;;;;
75991545670;;;;
81987338693;;;;
83988104159;;;;
71999553185;;;;
83996798888;;;;
73999492278;;;;
85997370138;;;;
83988014011;;;;
86999762273;;;;
87998103168;;;;
73999558081;;;;
81986105862;;;;
84981020132;;;;
79998470117;;;;
84988191800;;;;
86988659293;;;;
86994350604;;;;
71988455656;;;;
83988166776;;;;
87988315133;;;;
79999971293;;;;
88992508484;;;;
75999478093;;;;
85988624027;;;;
79991046516;;;;
84996256331;;;;
81982471736;;;;
82993120827;;;;
81982156883;;;;
85999182049;;;;
81999151596;;;;
71992059850;;;;
74988211667;;;;
84997025739;;;;
75998547103;;;;
88987604984;;;;
83996472354;;;;
77999625993;;;;
84999828288;;;;
85999079873;;;;
85989193837;;;;
85999737290;;;;
88993560909;;;;
74999638855;;;;
71999222260;;;;
85996783647;;;;
83987040359;;;;
82996291281;;;;
73998390262;;;;
85992047475;;;;
81999139123;;;;
86999817217;;;;
83996846790;;;;
83986802650;;;;
82996264529;;;;
88999226094;;;;
73988780296;;;;
82999010454;;;;
84994566433;;;;
79998273109;;;;
84988669311;;;;
82996780058;;;;
81988234018;;;;
84999675313;;;;
79999997409;;;;
71994147474;;;;
74988391747;;;;
11966145252;;;;
83991749458;;;;
71981536246;;;;
71991661632;;;;
73991350760;;;;
81999592443;;;;
81999166000;;;;
88996321178;;;;
81997079471;;;;
83981636089;;;;
87981464575;;;;
71982563367;;;;
71982563367;;;;
81999999931;;;;
79999592434;;;;
81999166000;;;;
81999166000;;;;
81999999999;;;;
86988468783;;;;
82999895400;;;;
71996678701;;;;
81994047463;;;;
83996180110;;;;
83996180110;;;;
85987113700;;;;
85987113700;;;;
81911111111;;;;
81911111111;;;;
75991810949;;;;
84992112808;;;;
79996354559;;;;
82993832343;;;;
71992824608;;;;
77991998002;;;;
77991998002;;;;
81995451948;;;;
81995451948;;;;
81995451948;;;;
81995451948;;;;
88997621716;;;;
88997621716;;;;
77911111111;;;;
77911111111;;;;
85989026279;;;;
84999401645;;;;
75999810483;;;;
84999622184;;;;
81992661293;;;;
81992661293;;;;
86999200018;;;;
83996852145;;;;
83996852145;;;;
87999630223;;;;
87999630223;;;;
81996546766;;;;
83987047919;;;;
75991231463;;;;
75982843004;;;;
75982843004;;;;
75992589838;;;;
85988291694;;;;
75981690182;;;;
75981690182;;;;
79999664541;;;;
75999504422;;;;
85985858585;;;;
71993816404;;;;
71993816404;;;;
75988684345;;;;
75998863372;;;;
77988770004;;;;
83986874888;;;;
83986874888;;;;
83986874888;;;;
83986874888;;;;
88992927422;;;;
88992927422;;;;
86981862101;;;;
83987312060;;;;
83987312060;;;;
79996366678;;;;
82998242308;;;;
82998242308;;;;
77981306201;;;;
77981306201;;;;
85996887373;;;;
85996887373;;;;
81993292788;;;;
79996850775;;;;
81997309712;;;;
71998199548;;;;
71998199548;;;;
71998199548;;;;
85991888142;;;;
84996823806;;;;
89981228700;;;;
83988296406;;;;
75982102848;;;;
88999680106;;;;
86994068588;;;;
85992024617;;;;
87991568900;;;;
87991568900;;;;
75991710905;;;;
85996244888;;;;
85996244888;;;;
71982492398;;;;
81998292165;;;;
81996153361;;;;
16981140665;;;;
81997697963;;;;
85988687633;;;;
85988687633;;;;
71981893409;;;;
71986851013;;;;
85986619466;;;;
88999818867;;;;
84991261652;;;;
84991261652;;;;
71999989593;;;;
71999989593;;;;
77999157550;;;;
77999157550;;;;
77999157550;;;;
21995999584;;;;
73999235615;;;;
79999640184;;;;
84981333765;;;;
84981333765;;;;
85996272542;;;;
75991458548;;;;
86999831516;;;;
84988919449;;;;
84988919449;;;;
81993108265;;;;
85981203858;;;;
77998008927;;;;
85999421919;;;;
71983018313;;;;
71993146497;;;;
83988861411;;;;
73999983139;;;;
73998662177;;;;
75999712748;;;;
71999350022;;;;
83996780109;;;;
75999056677;;;;
82999610205;;;;
84996458519;;;;
82996427416;;;;
81992450396;;;;
81992450396;;;;
81992450396;;;;
81992450396;;;;
81992450396;;;;
81992450396;;;;
81992450396;;;;
81992450396;;;;
81992450396;;;;
81992450396;;;;
81992450396;;;;
81992450396;;;;
77988230789;;;;
81992450396;;;;
81992450396;;;;
81992450396;;;;
81992450396;;;;
71994045169;;;;
71991279317;;;;
85998505967;;;;
85997308151;;;;
84998374345;;;;
85996076540;;;;
85998209928;;;;
77999130264;;;;
81981352678;;;;
84994077997;;;;
74988164897;;;;
81995735067;;;;
85987678033;;;;
85987678033;;;;
75981243030;;;;
85996337755;;;;
85996337755;;;;
81998584778;;;;
88999051972;;;;
85985876395;;;;
87996706876;;;;
85997080504;;;;
85987604618;;;;
84999834661;;;;
77981393906;;;;
73999787696;;;;
41997880145;;;;
71997234479;;;;
82999062462;;;;
85985750709;;;;
83988114394;;;;
77999091460;;;;
77999091460;;;;
71984826326;;;;
81999389486;;;;
81999389486;;;;
71999644340;;;;
71999644340;;;;
71999644340;;;;
71999644340;;;;
71999644340;;;;
71999644340;;;;
71999644340;;;;
71999644340;;;;
71999644340;;;;
71999644340;;;;
71999644340;;;;
71999644340;;;;
71999644340;;;;
71999644340;;;;
71999644340;;;;
71999644340;;;;
71999644340;;;;
71999644340;;;;
71999644340;;;;
71999644340;;;;
71999644340;;;;
71996025222;;;;
71996025222;;;;
71996025222;;;;
83993437350;;;;
83993437350;;;;
79999357598;;;;
74981277601;;;;
81987432656;;;;
77999374001;;;;
79999727273;;;;
74981292028;;;;
77999256345;;;;
85999420988;;;;
84994605392;;;;
83991070657;;;;
86998246892;;;;
86998246892;;;;
85996076753;;;;
85997977830;;;;
85997977830;;;;
86998215225;;;;
86998215225;;;;
86998215225;;;;
86998215225;;;;
84988178443;;;;
81982710006;;;;
81982710006;;;;
81998166524;;;;
81998166524;;;;
85999447007;;;;
71996289156;;;;
71996289156;;;;
79996328202;;;;
85998220285;;;;
86999570036;;;;
71982354415;;;;
77998484060;;;;
77991261150;;;;
77991261150;;;;
77988073392;;;;
84987277493;;;;
83996549873;;;;
83996549873;;;;
87988673067;;;;
77999720017;;;;
73981188509;;;;
71988969430;;;;
71988969430;;;;
84996142358;;;;
83991259141;;;;
89994732875;;;;
89994732875;;;;
89994732875;;;;
86998574231;;;;
11966243258;;;;
77988186966;;;;
81984576643;;;;
18981258881;;;;
18981258881;;;;
71988056415;;;;
83996069158;;;;
75998381834;;;;
86994472000;;;;
82981883117;;;;
81995441892;;;;
81995441892;;;;
75981295087;;;;
79988043481;;;;
81991150480;;;;
77998323300;;;;
88997128521;;;;
88997128521;;;;
88997128521;;;;
75982906712;;;;
81998308389;;;;
71996772699;;;;
81987712888;;;;
71991117976;;;;
75992685599;;;;
81999968222;;;;
81999968222;;;;
75997103286;;;;
75997103286;;;;
81995329676;;;;
88999695178;;;;
81995441892;;;;
81995441892;;;;
82987723896;;;;
41997880145;;;;
77991373880;;;;
71999269069;;;;
71999269069;;;;
89981146586;;;;
85981731403;;;;
83999306013;;;;
84999602133;;;;
82991477350;;;;
85982020045;;;;
83986144989;;;;
71999395599;;;;
81999999999;;;;
81996211917;;;;
85996040882;;;;
85987588318;;;;
71996513056;;;;
71996513056;;;;
83988637893;;;;
79999578804;;;;
85999601385;;;;
84999556162;;;;
84999556162;;;;
84999556162;;;;
88996009590;;;;
86998462621;;;;
88998068880;;;;
8193414353;;;;
8193414353;;;;
88996875639;;;;
71993272347;;;;
87981025538;;;;
71985294617;;;;
81997927922;;;;
81998983409;;;;
81998983409;;;;
82991829787;;;;
77991399277;;;;
85988667485;;;;
85989273475;;;;
77998272620;;;;
71992467192;;;;
85992811696;;;;
85985508357;;;;
85985508357;;;;
85985508357;;;;
85985508357;;;;
85985508357;;;;
85985508357;;;;
85985508357;;;;
81999042905;;;;
71982733931;;;;
81989220084;;;;
88981765463;;;;
86999787878;;;;
86999787878;;;;
84996789459;;;;
84996789459;;;;
83981342829;;;;
84996454985;;;;
84996454985;;;;
85985662060;;;;
41997880145;;;;
77991305339;;;;
79999669703;;;;
77999995537;;;;
77999995537;;;;
11980670741;;;;
73982561517;;;;
85987261661;;;;
85996782212;;;;
75991379402;;;;
85998599131;;;;
85998599131;;;;
85988159156;;;;
75981039829;;;;
85989309932;;;;
7992110778;;;;
7992110778;;;;
7992110778;;;;
7992110778;;;;
84999445065;;;;
81999669921;;;;
85988608467;;;;
85988608467;;;;
85996002000;;;;
85996002000;;;;
84999829720;;;;
88997111854;;;;
85988715364;;;;
87991121967;;;;
8896771804;;;;
8896771804;;;;
8896771804;;;;
86981429595;;;;
7193477446;;;;
7193477446;;;;
73988987039;;;;
84988699178;;;;
84988699178;;;;
84988699178;;;;
84988699178;;;;
8393861010;;;;
71996714502;;;;
81991832650;;;;
84996442058;;;;
8592340564;;;;
8692227751;;;;
82993145612;;;;
75998517371;;;;
75992568952;;;;
7192493431;;;;
8293281721;;;;
8692217805;;;;
86999588105;;;;
7592771100;;;;
7196742400;;;;
8692207717;;;;
85991814449;;;;
73999665978;;;;
73981259043;;;;
71982437383;;;;
81996869177;;;;
77991239458;;;;
85988936077;;;;
85997271772;;;;
7196250450;;;;
86999695414;;;;
88994432640;;;;
83999090100;;;;
85988196166;;;;
8394411206;;;;
86999708815;;;;
81911111111;;;;
81986021152;;;;
8194660876;;;;
81999855555;;;;
87999290685;;;;
79999891001;;;;
71999688146;;;;
85987282486;;;;
84991769000;;;;
86995006467;;;;
83999972021;;;;
77991414435;;;;
82991489551;;;;
88999931790;;;;
85992946674;;;;
85999109080;;;;
73988476960;;;;
81987717725;;;;
82991194907;;;;
71987191129;;;;
81986339172;;;;
83999099998;;;;
75982400322;;;;
71991843801;;;;
75999854102;;;;
81981818181;;;;
75991928034;;;;
85991057746;;;;
84999573399;;;;
73988112362;;;;
83999222221;;;;
77999743408;;;;
75981178598;;;;
82982017558;;;;
89999222427;;;;
85986846171;;;;
77981021310;;;;
83981863005;;;;
79998170872;;;;
84991699030;;;;
85999446904;;;;
87988076839;;;;
81999066370;;;;
77999825484;;;;
82987324633;;;;
81987458745;;;;
77998128035;;;;
85999641055;;;;
86999300131;;;;
83996763910;;;;
85999477263;;;;
81998918053;;;;
85988245010;;;;
81997735385;;;;
71981579054;;;;
71988703233;;;;
81991867337;;;;
83988612994;;;;
54999013490;;;;
84996683969;;;;
86994184381;;;;
85991276577;;;;
86981092325;;;;
88993139989;;;;
86998098427;;;;
81996914426;;;;
71991651097;;;;
84988808188;;;;
88992003132;;;;
11973768441;;;;
81999782762;;;;
87999184198;;;;
84996049783;;;;
85992562309;;;;
71999482066;;;;
75998479994;;;;
85991012325;;;;
86981092325;;;;
71991037700;;;;
84999215127;;;;
84991619226;;;;
71999144663;;;;
81998802250;;;;
81993762549;;;;
83993294021;;;;
85991232363;;;;
84999083985;;;;
71988042002;;;;
85988508877;;;;
73998348655;;;;
71981538609;;;;
88999228509;;;;
86999144224;;;;
83998347735;;;;
75998921765;;;;
77988125558;;;;
74988569845;;;;
85994350823;;;;
79999875229;;;;
75991706768;;;;
83993697464;;;;
75983616162;;;;
77999240677;;;;
89981237169;;;;
75999923534;;;;
81999727261;;;;
84998304229;;;;
71983870925;;;;
87996192867;;;;
85988888888;;;;
87998098451;;;;
85989560428;;;;
79996311303;;;;
79996514190;;;;
71987596434;;;;
84999509944;;;;
84991361668;;;;
71985335373;;;;
82999444852;;;;
85984156560;;;;
88996031937;;;;
81992099200;;;;
82999999004;;;;
71999668218;;;;
71987291858;;;;
81998455832;;;;
85996710573;;;;
85982283847;;;;
71988980000;;;;
86981248778;;;;
81999320722;;;;
82988470888;;;;
85985201786;;;;
85985518880;;;;
74999006323;;;;
84988354410;;;;
81985019452;;;;
81996602845;;;;
11976161110;;;;
81987513884;;;;
84991161258;;;;
86988174198;;;;
81986414188;;;;
84998219441;;;;
71993975285;;;;
85984064047;;;;
84981899393;;;;
71996709742;;;;
98991976565;;;;
85991429335;;;;
71991820798;;;;
81999403178;;;;
81985983308;;;;
81985983308;;;;
84994812795;;;;
41996869828;;;;
73991831090;;;;
71981279145;;;;
81997770792;;;;
79998363668;;;;
71999211053;;;;
75982200477;;;;
79991417854;;;;
77999625993;;;;
84996718186;;;;
84987343904;;;;
81997880030;;;;
85986356660;;;;
71992532831;;;;
77988483682;;;;
81986228762;;;;
79998989822;;;;
86981269910;;;;
81997454368;;;;
88999972388;;;;
81993328173;;;;
71988041629;;;;
81996878917;;;;
81991444989;;;;
83999218132;;;;
88999627827;;;;
71996690966;;;;
77999110202;;;;
88996200506;;;;
85998058789;;;;
83999729122;;;;
79999831581;;;;
85988412716;;;;
83987254611;;;;
79999566666;;;;
83999831734;;;;
83988907024;;;;
85991164464;;;;
82999854855;;;;
83994440232;;;;
75992507285;;;;
77998194542;;;;
79988581881;;;;
83988981026;;;;
83987591409;;;;
73991961754;;;;
81998048484;;;;
74998036028;;;;
81992885016;;;;
71987870651;;;;
88996518700;;;;
84991700754;;;;
82996384066;;;;
85991998042;;;;
71996614667;;;;
81997702425;;;;
81992720695;;;;
85988463611;;;;
81999841202;;;;
82996214968;;;;
86981300130;;;;
81999034979;;;;
74999260180;;;;
81995166596;;;;
77999828826;;;;
71991357631;;;;
88988852579;;;;
71981468061;;;;
79988024107;;;;
79991312720;;;;
85989504224;;;;
89981211271;;;;
82988830336;;;;
73999146534;;;;
91998038116;;;;
87991081122;;;;
79991781064;;;;
79999291079;;;;
84991275025;;;;
79981620849;;;;
79998746137;;;;
81994925552;;;;
79999555759;;;;
73991399324;;;;
82991117303;;;;
73999724837;;;;
79999968838;;;;
75983407671;;;;
84999904796;;;;
71982359840;;;;
62998108945;;;;
86995429347;;;;
81992396122;;;;
73988638682;;;;
88996331625;;;;
73988633824;;;;
83987838545;;;;
86999309044;;;;
71991421402;;;;
75998311516;;;;
77981148855;;;;
89981166251;;;;
85991377461;;;;
81996315655;;;;
85997856026;;;;
81998286733;;;;
84999980180;;;;
82996584430;;;;
71991925817;;;;
79999516078;;;;
89981049388;;;;
21964170058;;;;
85982221757;;;;
73999248209;;;;
75998497150;;;;
84999874820;;;;
71999239912;;;;
73998698538;;;;
81996738901;;;;
85999967609;;;;
79998589070;;;;
79996553931;;;;
51999999999;;;;
83981865469;;;;
17992274797;;;;
85996718870;;;;
99991798985;;;;
74988277229;;;;
84988019805;;;;
71996028595;;;;
81997317367;;;;
88996704567;;;;
83988096971;;;;
71986103436;;;;
81991180147;;;;
86998068119;;;;
74999968101;;;;
75991152966;;;;
81979057038;;;;
11999896039;;;;
84998995871;;;;
71999974883;;;;
88997012727;;;;
85999183662;;;;
85999183662;;;;
85999183662;;;;
84994214166;;;;
85999999999;;;;
85999999999;;;;
85991923939;;;;
85991923939;;;;
85988703537;;;;
83981132113;;;;
75999757699;;;;
75999757699;;;;
73998531203;;;;
81987075956;;;;
85996992364;;;;
81999521451;;;;
81999521451;;;;
81996825501;;;;
81996825501;;;;
81992551286;;;;
81981310852;;;;
81992790714;;;;
81992790714;;;;
81992790714;;;;
81992790714;;;;
82991929265;;;;
82991929265;;;;
41997052044;;;;
83986492115;;;;
83986492115;;;;
83986492115;;;;
71996797773;;;;
88988888888;;;;
11981219466;;;;
77999908808;;;;
71997377644;;;;
81985441038;;;;
81985991889;;;;
85988989704;;;;
85988989704;;;;
88992073756;;;;
73981149763;;;;
71991253455;;;;
87999820029;;;;
83999266602;;;;
83999266602;;;;
83999266602;;;;
77999625993;;;;
81997886666;;;;
85999381496;;;;
84996887203;;;;
75991001103;;;;
88999651207;;;;
38999166992;;;;
81997287905;;;;
85988285822;;;;
86994650302;;;;
86994790054;;;;
85911111111;;;;
85911111111;;;;
84996242035;;;;
83993140771;;;;
19992208834;;;;
74999210664;;;;
74999210664;;;;
81992333818;;;;
75997056472;;;;
75997056472;;;;
86988669818;;;;
86988669818;;;;
79999944377;;;;
85988982230;;;;
85988982230;;;;
77998638477;;;;
71992495295;;;;
81988342234;;;;
84988123678;;;;
81989373996;;;;
71981570417;;;;
71991978875;;;;
85987766489;;;;
81999755078;;;;
73999366919;;;;
73999431798;;;;
81994432560;;;;
81994432560;;;;
81994432560;;;;
81994432560;;;;
82998302835;;;;
81997093115;;;;
81997093115;;;;
81997093115;;;;
74981442244;;;;
71999714000;;;;
71999714000;;;;
75991353009;;;;
73981151701;;;;
71996476972;;;;
77999434526;;;;
75998578880;;;;
71988005946;;;;
81981176519;;;;
81996963313;;;;
83991096649;;;;
83991096649;;;;
77991350787;;;;
77991350787;;;;
83998633608;;;;
81991910354;;;;
83998054847;;;;
75991006680;;;;
85987210509;;;;
77998826500;;;;
77998826500;;;;
77998826500;;;;
81999871165;;;;
81999871165;;;;
81992174449;;;;
81992174449;;;;
81992174449;;;;
85998692932;;;;
85998692932;;;;
73988151294;;;;
81996684469;;;;
81996684469;;;;
81996684469;;;;
81996684469;;;;
79988057922;;;;
79988057922;;;;
87988587450;;;;
79998805625;;;;
85999994884;;;;
85999994884;;;;
85999994884;;;;
84998557597;;;;
84998557597;;;;
82982004030;;;;
82982004030;;;;
84999478208;;;;
84999478208;;;;
84998221231;;;;
81997191119;;;;
73998197608;;;;
73998197608;;;;
85999242366;;;;
79998019401;;;;
75998038868;;;;
85992070262;;;;
85999389177;;;;
85999389177;;;;
85999389177;;;;
85999389177;;;;
85988629410;;;;
82999218746;;;;
82999218746;;;;
83999011940;;;;
41996869828;;;;
81994610257;;;;
75997151154;;;;
75997151154;;;;
73999468825;;;;
11960313925;;;;
11960313925;;;;
85989033357;;;;
85997957489;;;;
85997957489;;;;
75991988790;;;;
85997069703;;;;
85999102286;;;;
84997019540;;;;
87981600173;;;;
85986996967;;;;
74998083511;;;;
74981050259;;;;
74981050259;;;;
77999425520;;;;
75991666675;;;;
75991666675;;;;
81982101322;;;;
77999449668;;;;
71997132023;;;;
83993156569;;;;
75992509926;;;;
85991988814;;;;
83982038323;;;;
83982038323;;;;
86999104460;;;;
85997056433;;;;
71999999999;;;;
85999980275;;;;
85999980275;;;;
85999980275;;;;
85999980275;;;;
77991685285;;;;
77981611308;;;;
86999561007;;;;
84996451970;;;;
88999450401;;;;
88999450401;;;;
88999422559;;;;
83999183435;;;;
81986991901;;;;
81986991901;;;;
83991392019;;;;
71993500280;;;;
71993500280;;;;
71988635047;;;;
84988032239;;;;
84996690065;;;;
84996690065;;;;
73988390586;;;;
73988390586;;;;
83981111162;;;;
75999218222;;;;
75999218222;;;;
87981689070;;;;
86995196005;;;;
77999971904;;;;
77999971904;;;;
77999971904;;;;
77999971904;;;;
71984307447;;;;
87998088888;;;;
79998009379;;;;
11966416847;;;;
75981024096;;;;
75999453644;;;;
75999453644;;;;
81996734455;;;;
81996734455;;;;
31994856789;;;;
31994856789;;;;
31994856789;;;;
31994856789;;;;
31994856789;;;;
83999483192;;;;
71993960905;;;;
41997880145;;;;
73981646740;;;;
84996211202;;;;
71992176092;;;;
65999254418;;;;
65999254418;;;;
85987301608;;;;
84992120619;;;;
71996337346;;;;
88996095029;;;;
83996486748;;;;
81995434447;;;;
81995434447;;;;
81995434447;;;;
79999363392;;;;
84987264546;;;;
84991647117;;;;
88998355468;;;;
71991066702;;;;
71991066702;;;;
75981377431;;;;
71999997076;;;;
71999997076;;;;
71999997076;;;;
81993191314;;;;
87981120397;;;;
79998389798;;;;
82996676764;;;;
83991067718;;;;
71986261658;;;;
71986261658;;;;
88992260292;;;;
81987615378;;;;
83999326161;;;;
83999326161;;;;
85981607234;;;;
86999625076;;;;
86999625076;;;;
86999625076;;;;
86999625076;;;;
86999625076;;;;
86999625076;;;;
77999514050;;;;
83996401626;;;;
83996401626;;;;
83996401626;;;;
79999264484;;;;
71982769761;;;;
73991380176;;;;
83987807070;;;;
83987807070;;;;
81987483975;;;;
81987483975;;;;
79999264484;;;;
81988622777;;;;
81988622777;;;;
82999212144;;;;
82999575936;;;;
85996005551;;;;
81991182272;;;;
85996379784;;;;
87988888888;;;;
87988888888;;;;
87988888888;;;;
87988888888;;;;
85996330931;;;;
71982172088;;;;
71982172088;;;;
71982172088;;;;
85999816637;;;;
85999816637;;;;
75999554576;;;;
85999771749;;;;
88997674353;;;;
85985981819;;;;
75999774777;;;;
75999774777;;;;
87996808840;;;;
74981458234;;;;
79991222645;;;;
88997053165;;;;
71991945559;;;;
71999733493;;;;
71999733493;;;;
88981934947;;;;
71992071135;;;;
75981302067;;;;
81988381827;;;;
74999320227;;;;
81982572021;;;;
62998079190;;;;
89981072270;;;;
81996923817;;;;
71999709513;;;;
88988595634;;;;
79996032268;;;;
85988159600;;;;
38999046284;;;;
38999046284;;;;
86999866038;;;;
87999913898;;;;
82996056757;;;;
82996056757;;;;
82993226693;;;;
33998749494;;;;
86998055524;;;;
86998055524;;;;
83988580690;;;;
75988589318;;;;
86991041453;;;;
99984026760;;;;
85999484862;;;;
83987606666;;;;
88996877982;;;;
88992486162;;;;
8692224708;;;;
8692224708;;;;
7994320246;;;;
7994320246;;;;
71993516008;;;;
88999194315;;;;
88999194315;;;;
85989224247;;;;
75981019195;;;;
75981019195;;;;
84994838249;;;;
74988164866;;;;
77991212325;;;;
8592352233;;;;
85999817777;;;;
79998540513;;;;
7992411051;;;;
77999639558;;;;
75988570196;;;;
74999610687;;;;
9897381507;;;;
86999344934;;;;
8592618921;;;;
8195331690;;;;
7995462168;;;;
85998604000;;;;
8592561699;;;;
7192459598;;;;
7392884877;;;;
85988840476;;;;
73999866350;;;;
71991347866;;;;
81981575657;;;;
71999146899;;;;
71991149051;;;;
79999926496;;;;
81988938402;;;;
75981411120;;;;
87999261765;;;;
81992038664;;;;
86988232004;;;;
86999321200;;;;
84994816111;;;;
83999320068;;;;
81981724101;;;;
81992224591;;;;
84999782611;;;;
71988802340;;;;
74991058800;;;;
83998143881;;;;
88996006704;;;;
85991365428;;;;
7196941292;;;;
75999552272;;;;
75991442400;;;;
84981129840;;;;
85988630326;;;;
71999167032;;;;
84991474616;;;;
82999269919;;;;
81987358405;;;;
81998126853;;;;
84998001586;;;;
87988195548;;;;
75999624348;;;;
75981061219;;;;
83988641881;;;;
83993429830;;;;
75999851111;;;;
84996342569;;;;
8598755203;;;;
71981536246;;;;
75988330121;;;;
83987063563;;;;
84996336100;;;;
81986692458;;;;
71992152094;;;;
74988241081;;;;
84991088411;;;;
84981089780;;;;
86994827590;;;;
77998242603;;;;
79999392422;;;;
77981224947;;;;
71991677727;;;;
77999180323;;;;
83988050009;;;;
85988411075;;;;
85999987812;;;;
73991809990;;;;
85996434849;;;;
82988466115;;;;
84999149999;;;;
83988143585;;;;
79999128380;;;;
75981516755;;;;
75999838279;;;;
84999910039;;;;
74988232786;;;;
81999464026;;;;
86994950722;;;;
84988119471;;;;
71999105716;;;;
73991917583;;;;
88999038253;;;;
75991301415;;;;
71999262076;;;;
71992478178;;;;
86994575360;;;;
8591;;;;
81991007320;;;;
89981359406;;;;
84998144371;;;;
88996098351;;;;
85994095501;;;;
71996031284;;;;
73999843269;;;;
85991888899;;;;
86998441669;;;;
83988938140;;;;
71991298982;;;;
75991181001;;;;
84994308560;;;;
85981319001;;;;
77999036613;;;;
73991344017;;;;
85989683323;;;;
87991626535;;;;
89994694041;;;;
81987379391;;;;
87991148838;;;;
77998252999;;;;
84996373428;;;;
86988079346;;;;
88996799646;;;;
84996296766;;;;
89994331388;;;;
84996852299;;;;
79998498179;;;;
75999751784;;;;
85996838509;;;;
71988237440;;;;
81999763381;;;;
11910789269;;;;
87981207932;;;;
81991444137;;;;
79998259015;;;;
83988040042;;;;
71991543644;;;;
82996526222;;;;
81985147094;;;;
86981138631;;;;
81995583955;;;;
79999718810;;;;
86999432444;;;;
83993734935;;;;
84999491558;;;;
71997257319;;;;
81971083333;;;;
86998598596;;;;
71991446137;;;;
74988580043;;;;
75988894399;;;;
73988253300;;;;
85996543480;;;;
75999907414;;;;
81985495071;;;;
73988654872;;;;
83988500769;;;;
81998201592;;;;
81987804383;;;;
71996427385;;;;
77998523693;;;;
84994858748;;;;
88993501456;;;;
33999190149;;;;
85991054252;;;;
81992174454;;;;
85996492168;;;;
84996439394;;;;
73982060901;;;;
85996264410;;;;
81999669857;;;;
74991202499;;;;
85991841274;;;;
81992347293;;;;
73981016497;;;;
81996118788;;;;
82996140075;;;;
83999066240;;;;
83911111111;;;;
75999190019;;;;
86994072343;;;;
71991737309;;;;
79981077680;;;;
74999133934;;;;
84999537073;;;;
83999999999;;;;
86995717900;;;;
83988516775;;;;
73998120596;;;;
86999935635;;;;
89981328730;;;;
85988849105;;;;
81987252095;;;;
81991062544;;;;
82999058177;;;;
85986301437;;;;
71987164546;;;;
87999781938;;;;
82996310561;;;;
88997715064;;;;
83987377636;;;;
71997219300;;;;
82991218500;;;;
81998556698;;;;
89981136099;;;;
81996374511;;;;
83987392859;;;;
74999427741;;;;
73991533333;;;;
77998446539;;;;
75991003089;;;;
79999210317;;;;
85988594010;;;;
84986307000;;;;
88999974243;;;;
84999339849;;;;
81999991014;;;;
79991542394;;;;
85987817081;;;;
87981488660;;;;
74991444373;;;;
86988325039;;;;
11981455939;;;;
82999265748;;;;
85987701030;;;;
75988825208;;;;
74988547608;;;;
75999046856;;;;
71999192012;;;;
86998441852;;;;
71983778228;;;;
75982921941;;;;
85999976605;;;;
81991038003;;;;
81999222370;;;;
82996876025;;;;
84994170280;;;;
88999515050;;;;
85988888888;;;;
71997128105;;;;
75992577286;;;;
83988119921;;;;
88994933964;;;;
75988043939;;;;
77999043838;;;;
83998442406;;;;
83998885934;;;;
71991018336;;;;
86994464322;;;;
77999325405;;;;
31988731035;;;;
84999707034;;;;
81998422645;;;;
71993920809;;;;
81988242643;;;;
83987480163;;;;
84981625466;;;;
73998124409;;;;
81999999999;;;;
84988322722;;;;
71992830033;;;;
71996172088;;;;
74999371170;;;;
88996091793;;;;
71981709278;;;;
71991297601;;;;
79999446636;;;;
85997651669;;;;
81999929634;;;;
77999860659;;;;
81999545627;;;;
82996422277;;;;
88981299207;;;;
88999217166;;;;
88999670888;;;;
85997306905;;;;
82998313406;;;;
79998470117;;;;
85988231013;;;;
81985808940;;;;
88997938448;;;;
77988179200;;;;
73999062500;;;;
86988971961;;;;
84988970868;;;;
83988832409;;;;
62985514378;;;;
86981288710;;;;
82987050330;;;;
71993667479;;;;
85997544864;;;;
74996469393;;;;
84988322722;;;;
71992585928;;;;
79998481622;;;;
88997276434;;;;
79999726316;;;;
85988535039;;;;
43999285084;;;;
83988085353;;;;
85981928100;;;;
85999565694;;;;
88992757434;;;;
79988415988;;;;
85999851328;;;;
75991047559;;;;
910000000;;;;
910000000;;;;
31992723928;;;;
47992694523;;;;
81999708846;;;;
82996029666;;;;
73982255879;;;;
73982255879;;;;
77999373735;;;;
77999373735;;;;
87999720134;;;;
87999720134;;;;
71981880511;;;;
71981880511;;;;
77999176096;;;;
73999817671;;;;
73999817671;;;;
77991723158;;;;
81981553979;;;;
75998792276;;;;
85989403390;;;;
71992604960;;;;
79999211024;;;;
88996437717;;;;
88996437717;;;;
71997088330;;;;
11994196771;;;;
88999791314;;;;
77981023380;;;;
11960398481;;;;
11960398481;;;;
81986570234;;;;
73988831143;;;;
73988831143;;;;
81996351111;;;;
81996351111;;;;
81999025754;;;;
73998377161;;;;
87981524087;;;;
86994059138;;;;
81984471133;;;;
86998176087;;;;
86998176087;;;;
88999957285;;;;
85996388975;;;;
85996388975;;;;
99999999999;;;;
73988092761;;;;
83988552233;;;;
83991139262;;;;
77988534406;;;;
88999920332;;;;
88999920332;;;;
11919821331;;;;
83993396872;;;;
77999091557;;;;
73999131616;;;;
73999131616;;;;
71991690004;;;;
71991690004;;;;
71984890626;;;;
83986204562;;;;
83986204562;;;;
83999908404;;;;
85992638064;;;;
85992638064;;;;
83999301018;;;;
85988615655;;;;
81997420363;;;;
81997420363;;;;
75998900101;;;;
86981037211;;;;
86981037211;;;;
79998426198;;;;
86981164967;;;;
75992800808;;;;
75992800808;;;;
88997689246;;;;
71998591769;;;;
75998214093;;;;
73991716233;;;;
73991716233;;;;
73991716233;;;;
71991375827;;;;
71991375827;;;;
71991653883;;;;
77997370929;;;;
77997370929;;;;
87991740371;;;;
67992306080;;;;
86994166047;;;;
71991856342;;;;
71991856342;;;;
83996710384;;;;
85997368045;;;;
83986144444;;;;
85992430008;;;;
81998533744;;;;
81998533744;;;;
86999309755;;;;
71991919686;;;;
77999954143;;;;
81991108086;;;;
73998400509;;;;
89981120810;;;;
75992282781;;;;
77998283141;;;;
83986114026;;;;
85992679281;;;;
85988329463;;;;
85999465602;;;;
71981716633;;;;
71981716633;;;;
71981716633;;;;
71981716633;;;;
82981225637;;;;
75981109330;;;;
84987118908;;;;
81985169571;;;;
83987800102;;;;
75981352008;;;;
84981711974;;;;
79996467615;;;;
81999878810;;;;
81999878810;;;;
81999878810;;;;
81989063484;;;;
81989063484;;;;
71999249248;;;;
81999737484;;;;
71986090593;;;;
83988350473;;;;
88999979324;;;;
88999979324;;;;
71988850313;;;;
85999336420;;;;
81999726022;;;;
85996866475;;;;
88999924561;;;;
83999992772;;;;
12991393866;;;;
77998623241;;;;
83988984110;;;;
89999065995;;;;
79981074170;;;;
41996869828;;;;
83988929281;;;;
83988929281;;;;
82999556152;;;;
82999556152;;;;
88999575271;;;;
85999205903;;;;
85999205903;;;;
85999205903;;;;
85999205903;;;;
84988034175;;;;
75983748673;;;;
85987429610;;;;
84998201689;;;;
32988043214;;;;
85986048841;;;;
87999336470;;;;
86994528954;;;;
86994528954;;;;
81981999324;;;;
71993839276;;;;
71999689278;;;;
87999036297;;;;
81981947247;;;;
83988231020;;;;
81988892811;;;;
79998792827;;;;
82988391609;;;;
82999999999;;;;
83991043203;;;;
79999486012;;;;
79999486012;;;;
71996672787;;;;
71996618219;;;;
89988044759;;;;
89988044759;;;;
86981449827;;;;
85987972927;;;;
85987972927;;;;
85987972927;;;;
85987972927;;;;
85987972927;;;;
75991901343;;;;
75991901343;;;;
75991901343;;;;
79999450255;;;;
87998106728;;;;
85999628929;;;;
85999628929;;;;
85999628929;;;;
55981191459;;;;
55981191459;;;;
81981187682;;;;
81981187682;;;;
81981187682;;;;
71988018753;;;;
81999324773;;;;
85992225566;;;;
85981963090;;;;
71992160483;;;;
81992395677;;;;
85991747091;;;;
11982846656;;;;
81988641261;;;;
81988641261;;;;
73991094911;;;;
73991094911;;;;
73991094911;;;;
61982043431;;;;
85999121575;;;;
74999833641;;;;
88996474270;;;;
88996474270;;;;
71999517475;;;;
82998391967;;;;
88997471935;;;;
75992649347;;;;
82996601579;;;;
81992682976;;;;
88996447701;;;;
81996667958;;;;
81996667958;;;;
81996667958;;;;
85986041718;;;;
85986041718;;;;
22996112029;;;;
77988167106;;;;
81992184733;;;;
71999703908;;;;
8192248177;;;;
8192248177;;;;
8192248177;;;;
8192248177;;;;
83999962080;;;;
83999962080;;;;
77999521242;;;;
82996363452;;;;
85912341234;;;;
83981700977;;;;
71988441100;;;;
11978218461;;;;
84999243203;;;;
93991398013;;;;
93991398013;;;;
83971381994;;;;
83971381994;;;;
83971381994;;;;
83971381994;;;;
84991387303;;;;
88996972879;;;;
81999999999;;;;
71992801200;;;;
73998161753;;;;
71999626222;;;;
71999626222;;;;
87981387039;;;;
71993107300;;;;
71993107300;;;;
81994623737;;;;
84996562935;;;;
73982390423;;;;
75981192046;;;;
73998375739;;;;
71993805830;;;;
71993805830;;;;
85999822031;;;;
85999822031;;;;
85999552181;;;;
81983629483;;;;
88999339253;;;;
88996891772;;;;
85991392848;;;;
85991392848;;;;
85991392848;;;;
85991392848;;;;
85991392848;;;;
85991392848;;;;
85991392848;;;;
85991392848;;;;
89981241039;;;;
41997880145;;;;
71988365599;;;;
71988365599;;;;
85989237271;;;;
31991812210;;;;
79999710485;;;;
79999710485;;;;
85988789838;;;;
85987932687;;;;
86999496278;;;;
83988024712;;;;
77981482337;;;;
77981482337;;;;
77981482337;;;;
77991197212;;;;
85999370792;;;;
88999372413;;;;
87999010102;;;;
85996397880;;;;
84994649438;;;;
88997456847;;;;
88997456847;;;;
85986548773;;;;
85986548773;;;;
85986548773;;;;
81992556111;;;;
73999166411;;;;
73999166411;;;;
87999564533;;;;
82991095642;;;;
82991095642;;;;
77999610546;;;;
71999244013;;;;
71999244013;;;;
85992466090;;;;
75997121212;;;;
31992760831;;;;
31992760831;;;;
85986821812;;;;
81997650351;;;;
71996904016;;;;
81996987246;;;;
44999721564;;;;
44999721564;;;;
85986364157;;;;
85986364157;;;;
85986364157;;;;
79988027468;;;;
88999999999;;;;
84998212009;;;;
83996157299;;;;
86981741668;;;;
45999010201;;;;
81988993762;;;;
85996128213;;;;
84988148861;;;;
82999700639;;;;
21995561464;;;;
79999461789;;;;
82999154720;;;;
79991032319;;;;
79991032319;;;;
79991032319;;;;
86999212258;;;;
86999212258;;;;
19996231115;;;;
73998585292;;;;
73998585292;;;;
73998585292;;;;
75999655052;;;;
75999655052;;;;
74999294764;;;;
74999294764;;;;
88999744638;;;;
75983550037;;;;
83993230713;;;;
83993230713;;;;
79988021126;;;;
79988021126;;;;
79988021126;;;;
74981191969;;;;
74981191969;;;;
88996282506;;;;
88999590908;;;;
88996172944;;;;
81997927922;;;;
88992013990;;;;
79996602434;;;;
75981606176;;;;
75981606176;;;;
75981606176;;;;
7592616993;;;;
7592616993;;;;
77988042049;;;;
77988042049;;;;
86999876102;;;;
85988612620;;;;
71999592479;;;;
71999592479;;;;
71999592479;;;;
71999592479;;;;
8692332160;;;;
8692332160;;;;
8592722536;;;;
84994080085;;;;
86999213580;;;;
86999213580;;;;
7592411916;;;;
86999103512;;;;
8495222640;;;;
7192401775;;;;
71991505954;;;;
85988068633;;;;
84996134151;;;;
7192355080;;;;
7592254858;;;;
7193288700;;;;
86994220897;;;;
89994348673;;;;
81997423333;;;;
81998844707;;;;
77998259942;;;;
85981628257;;;;
7192418147;;;;
81984483052;;;;
83993057575;;;;
81998777613;;;;
7193264580;;;;
84994191207;;;;
7192470774;;;;
75998039898;;;;
71981012717;;;;
82990000000;;;;
84991059792;;;;
86999344160;;;;
83988723493;;;;
81988347495;;;;
71992854697;;;;
85985417832;;;;
73998184571;;;;
83993684573;;;;
79999861927;;;;
85999425573;;;;
77999887264;;;;
77988235872;;;;
84999110190;;;;
75991486712;;;;
71999937971;;;;
75992317524;;;;
75981182382;;;;
75981454701;;;;
79998237374;;;;
75981214020;;;;
74981115988;;;;
83999375710;;;;
85988810057;;;;
84999999999;;;;
83988880183;;;;
84996996869;;;;
77999358335;;;;
8393223045;;;;
81987935060;;;;
82987528889;;;;
82999451043;;;;
82999748785;;;;
84981335310;;;;
84999242259;;;;
86998200044;;;;
75981571081;;;;
73999006670;;;;
79998032986;;;;
84991005568;;;;
86994754162;;;;
82996730777;;;;
81987794967;;;;
83987876395;;;;
84999999999;;;;
71981333397;;;;
84992207679;;;;
75981251546;;;;
83988410897;;;;
85985800001;;;;
82996078214;;;;
85996051414;;;;
85987640001;;;;
88992442327;;;;
83981071400;;;;
85987854155;;;;
81988313269;;;;
86994567092;;;;
85985882686;;;;
81985567525;;;;
82988341925;;;;
83987670015;;;;
71999660620;;;;
74999911991;;;;
86999973555;;;;
74999914360;;;;
84991510888;;;;
88988890266;;;;
86995726193;;;;
83999570095;;;;
82981688382;;;;
81992713867;;;;
88994036800;;;;
71991220923;;;;
77999710000;;;;
85988408048;;;;
81998429565;;;;
79999889621;;;;
85996588788;;;;
85997533269;;;;
71988445696;;;;
79998684573;;;;
81996318700;;;;
83996352299;;;;
85996800999;;;;
84999088382;;;;
81988120524;;;;
85999680714;;;;
85999258790;;;;
82988261928;;;;
71988982522;;;;
82988094242;;;;
75981129500;;;;
81996779862;;;;
82988364107;;;;
73981688888;;;;
79998404134;;;;
84987149909;;;;
77998346140;;;;
83981438636;;;;
79997340994;;;;
82982338787;;;;
83999154829;;;;
85991252424;;;;
85999591942;;;;
84981172527;;;;
75999180099;;;;
73999368480;;;;
71987915917;;;;
73999845657;;;;
75991326574;;;;
83988350800;;;;
12981691302;;;;
82999352927;;;;
81999201434;;;;
73999053226;;;;
81999746667;;;;
71992324725;;;;
81982728296;;;;
82996252096;;;;
77991059861;;;;
85999914359;;;;
84988991697;;;;
84999280831;;;;
85987273458;;;;
84998133818;;;;
85991499444;;;;
75981196149;;;;
85999826037;;;;
82982294589;;;;
85996949827;;;;
77999806409;;;;
74991255370;;;;
73991999301;;;;
71987794593;;;;
85988620800;;;;
77988189345;;;;
84999255948;;;;
85997474224;;;;
75999639400;;;;
85996133169;;;;
75988553389;;;;
77999051218;;;;
75992232440;;;;
74999000259;;;;
84999917109;;;;
74999430505;;;;
77991868350;;;;
71999842964;;;;
73988514982;;;;
71994121226;;;;
75998096621;;;;
84999859059;;;;
83993992967;;;;
62992643932;;;;
85981380487;;;;
86999139892;;;;
81995958281;;;;
81988043648;;;;
73988780202;;;;
86999995809;;;;
81987213898;;;;
83987407345;;;;
88996707675;;;;
81999630721;;;;
82994055036;;;;
88988648706;;;;
75999145494;;;;
86994117868;;;;
88992234283;;;;
81998795648;;;;
75999441789;;;;
88992110686;;;;
81988120524;;;;
88999882758;;;;
81986582199;;;;
79999989288;;;;
79996018519;;;;
73981578278;;;;
71991720963;;;;
87988586125;;;;
71987712588;;;;
71993763197;;;;
87999925780;;;;
85989616499;;;;
77999447749;;;;
86994231621;;;;
82999931423;;;;
85986960309;;;;
75981071688;;;;
83988875122;;;;
71999285237;;;;
85988734730;;;;
85999587866;;;;
87996137196;;;;
71982944969;;;;
71992048058;;;;
87988016461;;;;
77991017088;;;;
81999665318;;;;
54991195392;;;;
85999968600;;;;
81999983852;;;;
81984441420;;;;
85986142499;;;;
81999475344;;;;
77991459942;;;;
81997577832;;;;
77999929456;;;;
81996840486;;;;
86988494293;;;;
82996067000;;;;
71991317122;;;;
73998510850;;;;
79996499165;;;;
85991826434;;;;
81991226444;;;;
75999905886;;;;
88999980990;;;;
81991425257;;;;
88999493441;;;;
79998823946;;;;
82999713306;;;;
83996966000;;;;
83988345852;;;;
85996049555;;;;
77998021415;;;;
84999198278;;;;
71999633094;;;;
75992354852;;;;
85988059995;;;;
74999758516;;;;
87999074577;;;;
73999299877;;;;
83987130168;;;;
85986005377;;;;
83999227963;;;;
88997814687;;;;
73998009734;;;;
82999148690;;;;
85988627590;;;;
75992431657;;;;
85996914424;;;;
71998739103;;;;
71993030304;;;;
82991362534;;;;
62996951419;;;;
79998595771;;;;
83996212387;;;;
81996093472;;;;
85986182100;;;;
81987609680;;;;
79999933021;;;;
83981212205;;;;
71999332017;;;;
75999405672;;;;
75988012578;;;;
84999536645;;;;
84996753720;;;;
79999613901;;;;
96987487884;;;;
85988284410;;;;
75988287358;;;;
84991327012;;;;
71987533933;;;;
85986051852;;;;
81999846613;;;;
75981742822;;;;
15998102568;;;;
83998918838;;;;
75992129078;;;;
83994444247;;;;
75988314539;;;;
85981218050;;;;
81988165553;;;;
85988753163;;;;
79998012811;;;;
83988280000;;;;
81999835191;;;;
84999350105;;;;
62992643932;;;;
73988689730;;;;
85996132505;;;;
71999218761;;;;
81997980036;;;;
77981020624;;;;
88981686841;;;;
81997378977;;;;
89981250635;;;;
11983967737;;;;
85988828064;;;;
88981144041;;;;
85998001973;;;;
88999613892;;;;
75982563352;;;;
71986171163;;;;
71997316364;;;;
71982016061;;;;
18996693340;;;;
81987063530;;;;
81982175001;;;;
81982175001;;;;
34991947156;;;;
34991947156;;;;
81988384206;;;;
81988384206;;;;
81988384206;;;;
83998174621;;;;
83998174621;;;;
71996089136;;;;
71996089136;;;;
71996089136;;;;
77998678350;;;;
77998678350;;;;
71993089122;;;;
81997634294;;;;
82996742952;;;;
82996742952;;;;
82999146000;;;;
82999146000;;;;
79999863340;;;;
83998350039;;;;
83998350039;;;;
75991400139;;;;
88997140779;;;;
88997140779;;;;
85996513929;;;;
85996513929;;;;
75988419729;;;;
85991305078;;;;
86995406937;;;;
75991391900;;;;
75991391900;;;;
85986598530;;;;
85986598530;;;;
74999552767;;;;
74999552767;;;;
75999482239;;;;
84988105198;;;;
84988105198;;;;
83991823969;;;;
81993203838;;;;
87996148370;;;;
87996148370;;;;
87996148370;;;;
75981163408;;;;
77999849399;;;;
77999849399;;;;
71992448214;;;;
71992448214;;;;
71992448214;;;;
81999999999;;;;
85988888888;;;;
79996776585;;;;
83993071261;;;;
83999219228;;;;
82998187000;;;;
79996030040;;;;
71991364063;;;;
81992968519;;;;
73999834355;;;;
75992596227;;;;
75992596227;;;;
81988888888;;;;
81996757680;;;;
81996757680;;;;
84987039898;;;;
75999007309;;;;
77999255259;;;;
75982335496;;;;
75982335496;;;;
81911111111;;;;
86998062194;;;;
81995554978;;;;
82999560006;;;;
82999560006;;;;
77998467777;;;;
75997086926;;;;
55999332565;;;;
55999332565;;;;
83991378342;;;;
87999704563;;;;
87988242844;;;;
85999390475;;;;
85985876241;;;;
81998699642;;;;
71991328049;;;;
85991956689;;;;
85991956689;;;;
71999619075;;;;
81996252939;;;;
85998878102;;;;
84987608007;;;;
84998586658;;;;
81982228280;;;;
75999110311;;;;
85981873555;;;;
75991914468;;;;
75991914468;;;;
86994767370;;;;
81981822537;;;;
81981822537;;;;
81997442699;;;;
81997442699;;;;
86981704429;;;;
81987605929;;;;
73988123067;;;;
86981104858;;;;
86981104858;;;;
86981104858;;;;
86981104858;;;;
86981104858;;;;
86981104858;;;;
79998389560;;;;
79998389560;;;;
86981017368;;;;
81982847364;;;;
88996379846;;;;
75981992220;;;;
71981519197;;;;
84992052976;;;;
81993258965;;;;
83999697699;;;;
71988371568;;;;
85999703558;;;;
75999201700;;;;
84999431787;;;;
83999698865;;;;
81988840221;;;;
81995587777;;;;
87999580351;;;;
85992296309;;;;
85992296309;;;;
71982441226;;;;
71982441226;;;;
84986070000;;;;
84986070000;;;;
79999084412;;;;
79999084412;;;;
84991282876;;;;
83993871720;;;;
83993871720;;;;
84981663514;;;;
79991354061;;;;
33999361999;;;;
33999361999;;;;
33999361999;;;;
74999563192;;;;
74999563192;;;;
85999196052;;;;
83999215177;;;;
83999215177;;;;
83999215177;;;;
83999215177;;;;
83999215177;;;;
83999215177;;;;
83998108907;;;;
82999265032;;;;
71992066416;;;;
71992066416;;;;
88999314770;;;;
84999919046;;;;
83986491184;;;;
82996361689;;;;
81981636311;;;;
88981394346;;;;
81999228455;;;;
86995927961;;;;
85999332556;;;;
79998253912;;;;
88996667595;;;;
88996667595;;;;
83982018362;;;;
48991946247;;;;
73982380910;;;;
83981343420;;;;
89999206640;;;;
86988087000;;;;
81989639250;;;;
81996437961;;;;
81996437961;;;;
84988543237;;;;
41995081530;;;;
71999990934;;;;
85992672770;;;;
86995005510;;;;
86994472532;;;;
84999313911;;;;
84999313911;;;;
82999511782;;;;
83988965150;;;;
75999624074;;;;
81998489020;;;;
81998489020;;;;
85981288466;;;;
85981288466;;;;
85981288466;;;;
82996211728;;;;
83996880331;;;;
85999290131;;;;
84999006699;;;;
84999006699;;;;
75988530553;;;;
77988313954;;;;
81997114090;;;;
81992727032;;;;
81992727032;;;;
88999997657;;;;
85992178366;;;;
74981227671;;;;
75998246091;;;;
75998246091;;;;
75998246091;;;;
75998246091;;;;
75998246091;;;;
87988543608;;;;
81998391287;;;;
81991055450;;;;
88996910565;;;;
86998894300;;;;
85988998248;;;;
85988998248;;;;
85988998248;;;;
84999254677;;;;
86981933666;;;;
86981933666;;;;
85999791300;;;;
88988761267;;;;
86999659848;;;;
85987363644;;;;
71981660735;;;;
88992905349;;;;
84994147534;;;;
83998513147;;;;
85987668072;;;;
85987668072;;;;
85987668072;;;;
85987668072;;;;
85988542855;;;;
85988542855;;;;
85988542855;;;;
81996581880;;;;
79999861365;;;;
79999861365;;;;
79999861365;;;;
79999491848;;;;
8590;;;;
81996276808;;;;
75999777416;;;;
84981466060;;;;
84981466060;;;;
84981466060;;;;
84981466060;;;;
84981466060;;;;
71996827055;;;;
71996827055;;;;
71996827055;;;;
71999721489;;;;
83993234102;;;;
83993234102;;;;
82999768932;;;;
81995799072;;;;
81995799072;;;;
75991607744;;;;
73998899659;;;;
81981396564;;;;
83986008080;;;;
85992705213;;;;
86981521510;;;;
86981521510;;;;
86981521510;;;;
71997261426;;;;
71997261426;;;;
81984486270;;;;
81984486270;;;;
74991198985;;;;
73999830883;;;;
11994582165;;;;
84996482710;;;;
84996482710;;;;
75988710606;;;;
81984165361;;;;
89988284107;;;;
71981797243;;;;
71981797243;;;;
71981797243;;;;
71981797243;;;;
71991825930;;;;
88996961101;;;;
82999995255;;;;
82999995255;;;;
82999995255;;;;
82999995255;;;;
84994076440;;;;
79981453701;;;;
41997880145;;;;
81983331687;;;;
87981533558;;;;
75992238554;;;;
75992238554;;;;
77998367588;;;;
83998317818;;;;
71987226139;;;;
85999095155;;;;
86998116727;;;;
75982886279;;;;
71981176127;;;;
84987900641;;;;
84996872302;;;;
82999910293;;;;
85996942486;;;;
85998406476;;;;
85998406476;;;;
85998406476;;;;
8191;;;;
8191;;;;
81989006886;;;;
88994051422;;;;
88994051422;;;;
99999999999;;;;
83982736645;;;;
85986830052;;;;
85986830052;;;;
73981406566;;;;
85984248763;;;;
75998477596;;;;
75998477596;;;;
83999191020;;;;
88994120284;;;;
79991643404;;;;
81999714723;;;;
85981069677;;;;
85988880000;;;;
75998194780;;;;
88988940452;;;;
88997285804;;;;
88997285804;;;;
87998192000;;;;
87998192000;;;;
71999999999;;;;
82981268030;;;;
81988042020;;;;
75988600338;;;;
88999343329;;;;
85986081724;;;;
81996992510;;;;
83998913290;;;;
81999999999;;;;
81999999999;;;;
88981682330;;;;
83988377076;;;;
85987871973;;;;
27981176655;;;;
27981176655;;;;
83998908089;;;;
71991845899;;;;
85999484984;;;;
83993226001;;;;
83993226001;;;;
83993226001;;;;
83993226001;;;;
74999566707;;;;
82999021736;;;;
81991428154;;;;
81991428154;;;;
81991428154;;;;
82996646613;;;;
81988342424;;;;
8592435253;;;;
8592435253;;;;
71992249018;;;;
71992249018;;;;
77991161559;;;;
88999656191;;;;
88999656191;;;;
81999997504;;;;
81999997504;;;;
7496562248;;;;
7496562248;;;;
86999280630;;;;
71998642057;;;;
7992178018;;;;
7992178018;;;;
86999215025;;;;
8592483592;;;;
8592483592;;;;
85996383002;;;;
85996383002;;;;
85996383002;;;;
8592641415;;;;
83988007879;;;;
84999210018;;;;
86994599190;;;;
71996852052;;;;
71985000747;;;;
8194324684;;;;
7392888946;;;;
86999334513;;;;
81997064993;;;;
11968843777;;;;
81991820791;;;;
81991045285;;;;
87992530973;;;;
81997064993;;;;
85978687678;;;;
61991513968;;;;
81997482026;;;;
83988267046;;;;
81996322360;;;;
75991329598;;;;
7192857584;;;;
73988565587;;;;
85987730422;;;;
81999999999;;;;
75991627887;;;;
77988424171;;;;
77988415120;;;;
79998811570;;;;
84996971628;;;;
7794842288;;;;
79999815312;;;;
85988797575;;;;
88997510651;;;;
71992855495;;;;
75991478208;;;;
71999666262;;;;
81986990852;;;;
86999983520;;;;
71993314221;;;;
85987003727;;;;
85988473141;;;;
71999849898;;;;
75992539084;;;;
84988159655;;;;
84996995496;;;;
85999896546;;;;
77988110285;;;;
73988044004;;;;
71988281861;;;;
81984774020;;;;
79999463184;;;;
82993066125;;;;
71996866770;;;;
84987044883;;;;
77999060670;;;;
85997479596;;;;
84999291955;;;;
79988227094;;;;
83999280250;;;;
82996513317;;;;
89981472598;;;;
89999728435;;;;
8193228900;;;;
77988155410;;;;
81987216449;;;;
81999144206;;;;
84999830874;;;;
71988862041;;;;
85986906918;;;;
85988201565;;;;
81994110133;;;;
85996348444;;;;
75999834105;;;;
71988741929;;;;
88993334073;;;;
82995243757;;;;
71997240686;;;;
85988516593;;;;
86981771000;;;;
83996567577;;;;
75991799857;;;;
79999440055;;;;
81999044098;;;;
77988687884;;;;
77981309358;;;;
85999623269;;;;
79998614264;;;;
81986334557;;;;
85996689600;;;;
71999572444;;;;
71991003003;;;;
89988021908;;;;
75999595885;;;;
84999740885;;;;
84981506262;;;;
85987871733;;;;
81998762913;;;;
84988036216;;;;
83991219337;;;;
71988818158;;;;
77991025420;;;;
81998789661;;;;
75999259442;;;;
81997114880;;;;
71998834818;;;;
73999996666;;;;
86994826477;;;;
84981180979;;;;
79998954866;;;;
71991945253;;;;
79998103038;;;;
75999053191;;;;
81986559123;;;;
71991638058;;;;
81993736681;;;;
79999912051;;;;
73988762702;;;;
88997246798;;;;
81999044765;;;;
74991413853;;;;
77981222222;;;;
87999902012;;;;
71991452042;;;;
79996515751;;;;
84988997525;;;;
75999601750;;;;
75999622872;;;;
81987150999;;;;
71992790405;;;;
81992065441;;;;
84987784772;;;;
83999417781;;;;
85999916336;;;;
88988858599;;;;
77999369812;;;;
71981535950;;;;
81996610122;;;;
79996803758;;;;
74999502321;;;;
85986271480;;;;
82988094242;;;;
85981760350;;;;
85997779730;;;;
71997262500;;;;
82988625051;;;;
85998060803;;;;
83999937833;;;;
82996032575;;;;
81992453955;;;;
84994432240;;;;
87998098451;;;;
83998548632;;;;
83999834048;;;;
83999813742;;;;
75999811499;;;;
81992938507;;;;
86999722946;;;;
71996131969;;;;
81992470777;;;;
71991350680;;;;
11917242424;;;;
81999902796;;;;
81986754855;;;;
84999631212;;;;
83981487045;;;;
83991060496;;;;
88997104022;;;;
85982070030;;;;
77998103093;;;;
86995738267;;;;
75991432794;;;;
73988929241;;;;
71981262967;;;;
74988065175;;;;
83996872488;;;;
85997419037;;;;
81999596565;;;;
83986723053;;;;
81994686862;;;;
81992966490;;;;
77999565649;;;;
85986624598;;;;
75998240693;;;;
77998204560;;;;
71982080619;;;;
83988913027;;;;
86994052003;;;;
75982267848;;;;
73998428130;;;;
77999716393;;;;
85981397166;;;;
83981313340;;;;
71981224024;;;;
11999210220;;;;
84996781106;;;;
71991614080;;;;
79999039119;;;;
74988092727;;;;
71986488948;;;;
77991667407;;;;
85998484621;;;;
84999936184;;;;
84999289837;;;;
75999638631;;;;
73988159191;;;;
71988441923;;;;
83988414566;;;;
75992042151;;;;
85992321118;;;;
75998427285;;;;
85987942903;;;;
84999347741;;;;
85996561823;;;;
84988947133;;;;
81911111111;;;;
71991468998;;;;
71999682336;;;;
79998348124;;;;
77981040852;;;;
84999729208;;;;
83988668560;;;;
75999622856;;;;
88999747843;;;;
71993380361;;;;
79999440038;;;;
75999178419;;;;
79991532323;;;;
81987420834;;;;
82988433121;;;;
83988569798;;;;
75981964169;;;;
85987881845;;;;
74999023636;;;;
75998614746;;;;
89994680440;;;;
71988701151;;;;
21997831640;;;;
82991527877;;;;
77988087157;;;;
81999983311;;;;
84994112388;;;;
83982211312;;;;
85986861712;;;;
85981510192;;;;
74998007495;;;;
86994678957;;;;
75999129790;;;;
83996052672;;;;
71987835778;;;;
81995093302;;;;
85999551242;;;;
71999355912;;;;
82996290594;;;;
85999462299;;;;
77999634287;;;;
82996216446;;;;
83988146098;;;;
82991362534;;;;
75999236566;;;;
92981290205;;;;
94996182325;;;;
84988352063;;;;
77999789151;;;;
85997644498;;;;
87996051774;;;;
75981747789;;;;
88996373494;;;;
71986064406;;;;
83988112630;;;;
82999898661;;;;
85987859507;;;;
85996143873;;;;
86995327133;;;;
75991504313;;;;
77999008814;;;;
83996457323;;;;
74988326308;;;;
84991120406;;;;
85988537171;;;;
71997388117;;;;
75991890384;;;;
81988840221;;;;
85994104444;;;;
73988190242;;;;
83998564126;;;;
88999480119;;;;
87996047870;;;;
89994656431;;;;
71999501405;;;;
74999790496;;;;
75991488068;;;;
79999532354;;;;
73988618326;;;;
81997423333;;;;
85999440871;;;;
71999699555;;;;
81997376646;;;;
79999124599;;;;
71999501405;;;;
81994222001;;;;
87996207706;;;;
79999878262;;;;
75992023747;;;;
83993777469;;;;
85981785577;;;;
19971517722;;;;
81989032731;;;;
11981767087;;;;
82996076867;;;;
85997030260;;;;
74991120055;;;;
21997831640;;;;
77998555420;;;;
84996400566;;;;
73999878497;;;;
71999750201;;;;
75982766606;;;;
81999738516;;;;
86994668777;;;;
86994668777;;;;
75999134871;;;;
75999134871;;;;
81911111111;;;;
83988847774;;;;
83988847774;;;;
84991239115;;;;
83998257878;;;;
77991235878;;;;
87988261203;;;;
79999319039;;;;
79999319039;;;;
79999319039;;;;
79999319039;;;;
79999319039;;;;
79999319039;;;;
79999319039;;;;
79999319039;;;;
79999319039;;;;
79999319039;;;;
83981080994;;;;
85987594493;;;;
85987594493;;;;
75988352657;;;;
75988352657;;;;
84988486075;;;;
82988744406;;;;
81988163335;;;;
81988163335;;;;
73999499690;;;;
81999245432;;;;
71987163926;;;;
83988053842;;;;
83988053842;;;;
83988053842;;;;
83988053842;;;;
86999388299;;;;
79999790058;;;;
79999790058;;;;
85992270551;;;;
82999550094;;;;
82999629414;;;;
88997295368;;;;
61981718747;;;;
81999999999;;;;
73998460492;;;;
81979115355;;;;
88996154947;;;;
85988745000;;;;
75998820202;;;;
77981526587;;;;
81996546394;;;;
81996546394;;;;
84981333313;;;;
86988450188;;;;
75999823063;;;;
75999823063;;;;
84994295212;;;;
85988029789;;;;
71988255084;;;;
71988255084;;;;
79996361295;;;;
75982199178;;;;
75982199178;;;;
83998415414;;;;
77998631233;;;;
77998631233;;;;
82988312814;;;;
85991728686;;;;
81989517249;;;;
84988457251;;;;
13991766958;;;;
13991766958;;;;
13991766958;;;;
75988294330;;;;
75988294330;;;;
81998798166;;;;
81973330062;;;;
85981866558;;;;
85981866558;;;;
85981866558;;;;
74988382104;;;;
86999052500;;;;
79998376903;;;;
84988159570;;;;
71989300341;;;;
87991758686;;;;
88988479096;;;;
89994068711;;;;
81996945498;;;;
79999666016;;;;
71985485154;;;;
82981704768;;;;
85981336508;;;;
81987156170;;;;
71986348592;;;;
82999037095;;;;
85997319017;;;;
86998510841;;;;
81997469666;;;;
81994077086;;;;
75991148902;;;;
75991148902;;;;
89994155154;;;;
71988601565;;;;
71988601565;;;;
71988601565;;;;
75988334007;;;;
85994012885;;;;
81981064354;;;;
85988113265;;;;
79999438955;;;;
79999438955;;;;
71987849604;;;;
83986127950;;;;
74988188797;;;;
81998719193;;;;
85997141247;;;;
81992833535;;;;
71993070795;;;;
75988993486;;;;
75988993486;;;;
75997079161;;;;
84998384845;;;;
84998384845;;;;
86999364113;;;;
85981475858;;;;
61982611190;;;;
85999223838;;;;
88999512268;;;;
81988230599;;;;
81996784328;;;;
87998170008;;;;
81999999999;;;;
75991003027;;;;
85991829622;;;;
71982092629;;;;
71982092629;;;;
83982306096;;;;
79998606670;;;;
81991557798;;;;
74999612949;;;;
83999394326;;;;
84991565567;;;;
84991565567;;;;
11985305518;;;;
71999899311;;;;
83991824617;;;;
47997570590;;;;
77988451607;;;;
74988527395;;;;
81995080010;;;;
81988769663;;;;
73981259893;;;;
82981142597;;;;
71993557496;;;;
84999650077;;;;
83996354335;;;;
83996354335;;;;
83988313074;;;;
71992412381;;;;
71992478159;;;;
71992478159;;;;
84991641515;;;;
87999669093;;;;
87999669093;;;;
73988911951;;;;
85985269427;;;;
84988329984;;;;
82987252591;;;;
84999882708;;;;
75998069522;;;;
84988155050;;;;
11972029990;;;;
11972029990;;;;
88999815298;;;;
88999815298;;;;
82982067034;;;;
81971201995;;;;
79996479898;;;;
81991529191;;;;
82988331869;;;;
81986135937;;;;
81986135937;;;;
81984434411;;;;
82996944379;;;;
81995484875;;;;
11962679853;;;;
84987228895;;;;
82999945412;;;;
83998948888;;;;
77999713957;;;;
77988811855;;;;
88994102537;;;;
83982049450;;;;
81999432760;;;;
81994067689;;;;
81994067689;;;;
77988110406;;;;
79988660921;;;;
83986801165;;;;
85989256343;;;;
21995546303;;;;
88998688604;;;;
81992682093;;;;
71988930436;;;;
88994173206;;;;
83999344785;;;;
83999344785;;;;
88997615797;;;;
81987907635;;;;
87991833931;;;;
79999449200;;;;
79999449200;;;;
84998567779;;;;
84998567779;;;;
83993200271;;;;
83993200271;;;;
83993200271;;;;
83993200271;;;;
83993200271;;;;
83993200271;;;;
83993200271;;;;
83999716647;;;;
83999716647;;;;
71999173613;;;;
81996466150;;;;
85996192158;;;;
85988788432;;;;
85987605227;;;;
77999810302;;;;
77999810302;;;;
7398791009;;;;
7398791009;;;;
85988472661;;;;
75991148281;;;;
75991148281;;;;
75991148281;;;;
81997068339;;;;
81997068339;;;;
75999376672;;;;
81988551460;;;;
81999989171;;;;
68984118799;;;;
73981070698;;;;
79999635288;;;;
83988143001;;;;
88997289792;;;;
85984189765;;;;
85987266109;;;;
74999959281;;;;
83987488964;;;;
75998633089;;;;
71999647811;;;;
88996460570;;;;
88996460570;;;;
86999322099;;;;
82999918399;;;;
85997175125;;;;
81986270989;;;;
81996790895;;;;
81996790895;;;;
81996790895;;;;
85999286546;;;;
85999718062;;;;
88981165872;;;;
74999175098;;;;
74999175098;;;;
77981068126;;;;
85987890815;;;;
22998397995;;;;
83993963917;;;;
85996591398;;;;
85981733984;;;;
85981733984;;;;
79999398659;;;;
88997348233;;;;
12996626430;;;;
86999999999;;;;
83988817320;;;;
86981383869;;;;
89979139684;;;;
85998049782;;;;
85998049782;;;;
85998049782;;;;
77998263666;;;;
81992857093;;;;
82981081500;;;;
11988547474;;;;
71986381161;;;;
86999264920;;;;
71992496503;;;;
86981489112;;;;
87981438300;;;;
75981674444;;;;
82999923469;;;;
33984948948;;;;
79998348165;;;;
85996451533;;;;
8192220830;;;;
8192220830;;;;
8192220830;;;;
85998888888;;;;
85998888888;;;;
7193150686;;;;
7193150686;;;;
83988597401;;;;
8895313890;;;;
8895313890;;;;
8895313890;;;;
84988586928;;;;
84988586928;;;;
8392246645;;;;
87981734770;;;;
73999787021;;;;
87999620655;;;;
81994994284;;;;
71992514605;;;;
71991577100;;;;
8293222230;;;;
71991249177;;;;
71987260777;;;;
87988081515;;;;
86994689417;;;;
8592214141;;;;
83999192663;;;;
86981664522;;;;
81981349886;;;;
73981632750;;;;
7992116087;;;;
8493140379;;;;
86999732447;;;;
73998310006;;;;
82999823342;;;;
85998485494;;;;
7192415620;;;;
77999997744;;;;
79999998765;;;;
75981671002;;;;
75991451257;;;;
88999455005;;;;
74999279097;;;;
73999004646;;;;
77991298797;;;;
71982316913;;;;
71991189402;;;;
84988942527;;;;
88999123261;;;;
83988271359;;;;
81999762634;;;;
82988921163;;;;
71993022122;;;;
81999787028;;;;
82993028101;;;;
85996844224;;;;
87988017190;;;;
81991913660;;;;
83999101888;;;;
73988615958;;;;
84988041214;;;;
85986842393;;;;
81994722329;;;;
84996684196;;;;
71985700495;;;;
77998213911;;;;
86988120200;;;;
77999853289;;;;
86994660599;;;;
81992032421;;;;
71991276927;;;;
82991739522;;;;
85996452023;;;;
73988060932;;;;
83988283123;;;;
85991594959;;;;
75998192055;;;;
81981828053;;;;
85997659974;;;;
71999842023;;;;
77991430686;;;;
88994129989;;;;
83987253236;;;;
84999304444;;;;
79988024780;;;;
83999799476;;;;
71982316913;;;;
82988521202;;;;
79998789310;;;;
74988458390;;;;
75992000003;;;;
75988118664;;;;
86988280821;;;;
84999016892;;;;
83991172557;;;;
73999801397;;;;
87988163555;;;;
85986176352;;;;
84981406856;;;;
81999999999;;;;
85996133833;;;;
81999266868;;;;
85996727288;;;;
85988471768;;;;
77999566554;;;;
83988379813;;;;
81998166524;;;;
81987461895;;;;
88999651361;;;;
71991687216;;;;
88988024437;;;;
71996007882;;;;
73981938094;;;;
81991185914;;;;
75992629742;;;;
71983369380;;;;
71999387270;;;;
81999999999;;;;
75982184000;;;;
71987673286;;;;
71988201169;;;;
79999850788;;;;
74988123055;;;;
83987540007;;;;
85996635758;;;;
83999822924;;;;
81985230389;;;;
85999741801;;;;
88997129696;;;;
81995731945;;;;
75991447988;;;;
81993099314;;;;
84996049163;;;;
84996049163;;;;
89981372560;;;;
85999188001;;;;
84988144231;;;;
77999927700;;;;
71996510040;;;;
84986028663;;;;
71986095397;;;;
87981592931;;;;
79988165822;;;;
82988654675;;;;
88982339396;;;;
81992231285;;;;
77998238036;;;;
74988217835;;;;
88996327947;;;;
85987668983;;;;
83988068571;;;;
73988017764;;;;
86981860330;;;;
88999613671;;;;
83991673172;;;;
81991785697;;;;
88999051477;;;;
81988049590;;;;
71991026700;;;;
79999959821;;;;
81986904805;;;;
85999250010;;;;
77992108627;;;;
86988214695;;;;
86999815869;;;;
84991243349;;;;
81997368797;;;;
75992872255;;;;
75981236736;;;;
81982033129;;;;
85996124775;;;;
87988086534;;;;
85988442013;;;;
85985111572;;;;
85992990530;;;;
85986615474;;;;
77988722868;;;;
81992786409;;;;
87999000363;;;;
71983552401;;;;
84999996666;;;;
71996060409;;;;
86995622615;;;;
81982852847;;;;
79988147873;;;;
71988459194;;;;
86999986944;;;;
85996748339;;;;
86999993612;;;;
81997213653;;;;
79991393471;;;;
81999788789;;;;
88997426967;;;;
83996865734;;;;
79999317282;;;;
82988335087;;;;
86988578207;;;;
83986229641;;;;
71988701014;;;;
83993024715;;;;
79999901589;;;;
77999469493;;;;
85991132222;;;;
85997936827;;;;
79991935678;;;;
75992068118;;;;
83999650157;;;;
73988494543;;;;
74991417158;;;;
85986175919;;;;
81983331369;;;;
41996869828;;;;
81996333058;;;;
87999440014;;;;
75999424005;;;;
84994049163;;;;
11984479549;;;;
74988018762;;;;
89999779841;;;;
89988177040;;;;
88988279912;;;;
83998853270;;;;
11970351110;;;;
85997808292;;;;
77998098193;;;;
89994042338;;;;
79999643370;;;;
89999419224;;;;
88996187976;;;;
81996159812;;;;
85987550098;;;;
84996686006;;;;
71992503867;;;;
61999861740;;;;
82988105743;;;;
73988411213;;;;
85997310709;;;;
83991179489;;;;
85989579125;;;;
77988274743;;;;
83988070702;;;;
82988088008;;;;
75992063232;;;;
75991267398;;;;
71994104838;;;;
88982170563;;;;
71988449015;;;;
81999651710;;;;
87996057296;;;;
71999152707;;;;
83986375788;;;;
85988970539;;;;
85999942400;;;;
85988270537;;;;
84994390206;;;;
86999838182;;;;
84998288822;;;;
71991910492;;;;
84999604916;;;;
84996049163;;;;
84994049163;;;;
73988066075;;;;
85996602408;;;;
81992521554;;;;
71997082005;;;;
83999711801;;;;
85986824902;;;;
88992728655;;;;
85999852958;;;;
71999291460;;;;
84999330538;;;;
83986500780;;;;
81991899218;;;;
74988198505;;;;
84991866294;;;;
71984800707;;;;
75992318516;;;;
71991791551;;;;
64996428563;;;;
85988253303;;;;
83996900370;;;;
83996371363;;;;
82981209080;;;;
71992269625;;;;
71991287714;;;;
73991698572;;;;
75998571514;;;;
79999888365;;;;
71999257729;;;;
71991397679;;;;
73991612219;;;;
85997142929;;;;
81999757007;;;;
74999630880;;;;
88999079599;;;;
61992715252;;;;
82981802233;;;;
89999157000;;;;
71992188878;;;;
85986556481;;;;
83999182125;;;;
85999290404;;;;
81999999999;;;;
83981706215;;;;
84987221214;;;;
83999076379;;;;
85988055959;;;;
87998098451;;;;
88997358300;;;;
73999710771;;;;
71996002899;;;;
83999867822;;;;
85987071717;;;;
71993138780;;;;
85991429335;;;;
86999401860;;;;
77999206055;;;;
85999810270;;;;
87999329612;;;;
73981220206;;;;
82978795656;;;;
84996582488;;;;
87991526014;;;;
79999754507;;;;
77991238060;;;;
85999858585;;;;
85996310817;;;;
81988196994;;;;
71999729678;;;;
88998629738;;;;
75988150250;;;;
85987803823;;;;
99999999999;;;;
79999203581;;;;
85981183636;;;;
85988420367;;;;
71993814027;;;;
85999926664;;;;
79999929226;;;;
74999050933;;;;
81998510154;;;;
75999310739;;;;
81992866434;;;;
77999518512;;;;
85999282758;;;;
31973538028;;;;
75991302182;;;;
84991452313;;;;
84999024641;;;;
85981144249;;;;
85991863030;;;;
81988900133;;;;
71983812777;;;;
84996049163;;;;
84996049163;;;;
75999715757;;;;
71983261240;;;;
83987303709;;;;
81981365036;;;;
84994860838;;;;
71996477689;;;;
73991913241;;;;
79999681449;;;;
75988268899;;;;
85986048841;;;;
83996621640;;;;
81996061605;;;;
71987977516;;;;
84994650535;;;;
84988174718;;;;
73988333260;;;;
84998012835;;;;
84998012835;;;;
89994153716;;;;
55996460532;;;;
82994027237;;;;
82999721696;;;;
85986048841;;;;
79999330201;;;;
83999280965;;;;
75988489907;;;;
85988925691;;;;
66999994449;;;;
71987141339;;;;
77999731483;;;;
87999317827;;;;
87999317827;;;;
83988750002;;;;
87999317827;;;;
87999317827;;;;
85992414309;;;;
83988417884;;;;
83988417884;;;;
84981630375;;;;
85999910680;;;;
85999910680;;;;
82996685727;;;;
71982195664;;;;
71982195664;;;;
79998270469;;;;
79998270469;;;;
71992917031;;;;
71992917031;;;;
86995745872;;;;
82999196855;;;;
75991512131;;;;
82996813500;;;;
82996813500;;;;
82996813500;;;;
82996813500;;;;
27997117535;;;;
74988732283;;;;
85999883731;;;;
85999883731;;;;
71981792773;;;;
71981792773;;;;
71981792773;;;;
83999467466;;;;
83999467466;;;;
71983581822;;;;
71983581822;;;;
71983581822;;;;
71983581822;;;;
71983581822;;;;
71983581822;;;;
82999488030;;;;
73999831636;;;;
75997075228;;;;
77999006939;;;;
82999925589;;;;
82999925589;;;;
84998901222;;;;
84998901222;;;;
84998901222;;;;
84998901222;;;;
84998901222;;;;
84998901222;;;;
77999733434;;;;
81997888283;;;;
87991325185;;;;
87991325185;;;;
82993632161;;;;
87996139462;;;;
75999828463;;;;
73998042612;;;;
87996597753;;;;
73991627429;;;;
75992276311;;;;
71981813448;;;;
73991987654;;;;
73991987654;;;;
74999141624;;;;
83999813658;;;;
83999813658;;;;
83999813658;;;;
83999813658;;;;
85986631344;;;;
85986631344;;;;
47999310164;;;;
41996869828;;;;
11982987184;;;;
11982987184;;;;
83987386214;;;;
86988466874;;;;
79999331185;;;;
81992023216;;;;
81992023216;;;;
81992023216;;;;
81992023216;;;;
81992023216;;;;
83988839343;;;;
81999942242;;;;
85997494050;;;;
81998800749;;;;
82981822999;;;;
85987852835;;;;
89994438590;;;;
89994438590;;;;
88999490508;;;;
71996870555;;;;
71992499749;;;;
71992499749;;;;
81999224528;;;;
83988347579;;;;
83988347579;;;;
81991043564;;;;
88992928265;;;;
41996869828;;;;
85985626492;;;;
71999148950;;;;
84999073128;;;;
84999073128;;;;
79991122111;;;;
81999754099;;;;
81999754099;;;;
81996005356;;;;
87996123566;;;;
79999326626;;;;
82987418582;;;;
82987418582;;;;
84999143607;;;;
81992086115;;;;
85991602428;;;;
71987718442;;;;
84987353439;;;;
73988835443;;;;
77999255099;;;;
77999255099;;;;
75981069013;;;;
81982016811;;;;
79999580115;;;;
79999580115;;;;
79999580115;;;;
79996501234;;;;
81984997365;;;;
77981537629;;;;
85997323657;;;;
81997121995;;;;
81997121995;;;;
71993225985;;;;
71993225985;;;;
87999639198;;;;
73999786590;;;;
71991190902;;;;
71991190902;;;;
84987267026;;;;
77999527136;;;;
87991841489;;;;
87991841489;;;;
88996036512;;;;
88996036512;;;;
88992024982;;;;
88992024982;;;;
71996687229;;;;
71999891724;;;;
71999891724;;;;
71999891724;;;;
84998293250;;;;
85989920108;;;;
85989920108;;;;
71991228155;;;;
84991285668;;;;
81973032097;;;;
88981307186;;;;
88981307186;;;;
84987263206;;;;
11973339009;;;;
79996535332;;;;
79996535332;;;;
84996526189;;;;
79999378551;;;;
84991263147;;;;
81982373591;;;;
87988065131;;;;
85995615995;;;;
75999195648;;;;
86998000184;;;;
75991956484;;;;
85994036683;;;;
82991921701;;;;
71999999999;;;;
71999999999;;;;
71999999999;;;;
71999999999;;;;
82994344705;;;;
79998903873;;;;
81981400329;;;;
81981400329;;;;
73999142638;;;;
73999142638;;;;
71981990589;;;;
71981990589;;;;
73981535720;;;;
77999143733;;;;
27981610412;;;;
94990000000;;;;
94990000000;;;;
81996319769;;;;
85984707569;;;;
71987601270;;;;
88999920332;;;;
88999920332;;;;
88999920332;;;;
73998234988;;;;
73998234988;;;;
77981322982;;;;
75998360037;;;;
85987832764;;;;
88981822030;;;;
81994991332;;;;
83996932229;;;;
75999426583;;;;
81986239651;;;;
81991258409;;;;
86994825007;;;;
75982532831;;;;
81994000373;;;;
77991767316;;;;
77999492787;;;;
75992568032;;;;
75999063108;;;;
84987350549;;;;
82996650990;;;;
85988456111;;;;
85988456111;;;;
85988456111;;;;
85988456111;;;;
85988456111;;;;
71999030144;;;;
75991358986;;;;
75983215593;;;;
83988951305;;;;
88996042695;;;;
82991050074;;;;
88999410691;;;;
86988514829;;;;
86988514829;;;;
86988514829;;;;
85992689707;;;;
85992689707;;;;
84999056694;;;;
86988307094;;;;
74999121479;;;;
88999754011;;;;
88999754011;;;;
88997155488;;;;
85985935638;;;;
71984503131;;;;
71984503131;;;;
71999999999;;;;
83996729621;;;;
88992300364;;;;
11984850301;;;;
11984850301;;;;
75991517077;;;;
61981264333;;;;
61981264333;;;;
61981264333;;;;
82991123690;;;;
84999967106;;;;
84999967106;;;;
84999967106;;;;
77998741304;;;;
86998587692;;;;
84991321059;;;;
71997150994;;;;
21995471676;;;;
21995471676;;;;
83999867704;;;;
71991238041;;;;
11997990712;;;;
71991866631;;;;
82988654741;;;;
82982217019;;;;
81996780478;;;;
81996780478;;;;
83983361982;;;;
83983361982;;;;
85998105354;;;;
86988335921;;;;
81996871870;;;;
82991337208;;;;
84999212753;;;;
71999840910;;;;
71999840910;;;;
71992706342;;;;
84991129775;;;;
84991129775;;;;
11995070236;;;;
71999028352;;;;
81999295886;;;;
81999295886;;;;
86995954770;;;;
84999020360;;;;
86999868160;;;;
86999868160;;;;
74981481541;;;;
81988888888;;;;
88981617264;;;;
77988140463;;;;
77988140463;;;;
81998989319;;;;
83999213768;;;;
85991670757;;;;
85991670757;;;;
73988487061;;;;
73988487061;;;;
85999736678;;;;
85999736678;;;;
85999736678;;;;
61991647357;;;;
84998121560;;;;
71999991365;;;;
71999991365;;;;
79998779836;;;;
77999148284;;;;
81998466739;;;;
86981470539;;;;
86981470539;;;;
83999714328;;;;
83999714328;;;;
83999230191;;;;
83981012046;;;;
83981012046;;;;
73991125339;;;;
73991125339;;;;
32992445161;;;;
81999939374;;;;
71988972586;;;;
71988972586;;;;
11910993838;;;;
71991321469;;;;
85987503927;;;;
77981072128;;;;
87988535881;;;;
81999923884;;;;
71991635530;;;;
73991112088;;;;
85981712754;;;;
89994077200;;;;
89994077200;;;;
89994077200;;;;
85982291800;;;;
73981962150;;;;
73981962150;;;;
8392262798;;;;
86994560201;;;;
84992064696;;;;
84992064696;;;;
7794212178;;;;
7794212178;;;;
71999331491;;;;
8896371300;;;;
8896371300;;;;
83993059551;;;;
83993059551;;;;
83993059551;;;;
83993059551;;;;
83993212222;;;;
83993212222;;;;
83993212222;;;;
83993212222;;;;
83993212222;;;;
83993212222;;;;
83993212222;;;;
83993212222;;;;
71992097274;;;;
88999270137;;;;
83996780205;;;;
85991350145;;;;
71999999999;;;;
83993696754;;;;
77981478573;;;;
77981478573;;;;
77981478573;;;;
77981478573;;;;
81985048798;;;;
81985048798;;;;
81985048798;;;;
85985134478;;;;
31971755378;;;;
82987581277;;;;
55985234923;;;;
71996857754;;;;
8896712454;;;;
8896712454;;;;
81994367938;;;;
81994367938;;;;
81994367938;;;;
73981025586;;;;
73981025586;;;;
73981025586;;;;
73981025586;;;;
73981025586;;;;
71988164941;;;;
71988164941;;;;
71988164941;;;;
71988164941;;;;
71988164941;;;;
71988164941;;;;
71988164941;;;;
71988164941;;;;
71988164941;;;;
71988164941;;;;
71988164941;;;;
82988049184;;;;
82988049184;;;;
8392411893;;;;
8392411893;;;;
8392457885;;;;
8392457885;;;;
71981231143;;;;
85988897532;;;;
85988897532;;;;
84999929638;;;;
84999929638;;;;
84999375201;;;;
71991191139;;;;
81992759309;;;;
71991782001;;;;
7794815110;;;;
85999831960;;;;
83999222830;;;;
8494211593;;;;
82996117762;;;;
7192720938;;;;
8393722247;;;;
88997842010;;;;
8899613714;;;;
85996425363;;;;
71992215113;;;;
84988542333;;;;
8592270727;;;;
82991788445;;;;
88999534881;;;;
7992213455;;;;
85996158710;;;;
85996642216;;;;
83988779609;;;;
7193343714;;;;
73988481490;;;;
81999741426;;;;
82988011259;;;;
88996444811;;;;
86994110576;;;;
84987288708;;;;
81988076268;;;;
77991535579;;;;
75999011504;;;;
77999357267;;;;
84988140026;;;;
85998049247;;;;
88987122716;;;;
81999821002;;;;
82999010660;;;;
77991416126;;;;
83996681066;;;;
75992199985;;;;
83988325887;;;;
71992761613;;;;
81982081011;;;;
88988819426;;;;
84999860819;;;;
73999372302;;;;
71983612179;;;;
83987907164;;;;
85996131579;;;;
84999133611;;;;
71999081803;;;;
81995048609;;;;
71978127526;;;;
75991447971;;;;
74991440910;;;;
75998656790;;;;
84981286298;;;;
86999812241;;;;
88996874746;;;;
84991916128;;;;
79996384938;;;;
81996839330;;;;
88996581113;;;;
85994442123;;;;
85988689599;;;;
79999781999;;;;
75998813028;;;;
71991236951;;;;
73981747887;;;;
88999716858;;;;
84986111313;;;;
74998130745;;;;
79996636144;;;;
81988639573;;;;
85991966207;;;;
71982315088;;;;
84991257728;;;;
82998820163;;;;
81985654236;;;;
83981271525;;;;
85985176609;;;;
83988705171;;;;
86995209681;;;;
71991192887;;;;
87999615547;;;;
71991236335;;;;
84994348000;;;;
83999712124;;;;
71981524206;;;;
84987373580;;;;
82981122009;;;;
71991214011;;;;
71981673507;;;;
83986464383;;;;
71999560869;;;;
81996997272;;;;
71981095667;;;;
77999269452;;;;
83988534359;;;;
83999640739;;;;
85985824222;;;;
75992638183;;;;
81985397581;;;;
87998098451;;;;
88992429168;;;;
83994116293;;;;
81999515325;;;;
83996103015;;;;
84991299493;;;;
71996460254;;;;
82991339887;;;;
88997918002;;;;
82999097560;;;;
84994535335;;;;
84999843481;;;;
75999798695;;;;
84987236037;;;;
81996339730;;;;
79999990117;;;;
71991002553;;;;
71987311889;;;;
86995098444;;;;
81987899904;;;;
71981440681;;;;
27999890905;;;;
73999162737;;;;
85999157248;;;;
71986095573;;;;
73981290088;;;;
81998318343;;;;
84996196808;;;;
87988299311;;;;
79999268216;;;;
86998595505;;;;
74988032010;;;;
37999933444;;;;
89998133634;;;;
73988661893;;;;
85999632036;;;;
77991038975;;;;
75992777407;;;;
87981257197;;;;
85991187161;;;;
38991910199;;;;
84987736062;;;;
82996446014;;;;
88999627787;;;;
75991074266;;;;
89994684020;;;;
83999823726;;;;
86994176649;;;;
83981380321;;;;
86999842960;;;;
73998224238;;;;
81998366052;;;;
84994918668;;;;
71991979661;;;;
73982204266;;;;
81997464445;;;;
71992660048;;;;
87999518850;;;;
71981382939;;;;
77998209456;;;;
75991010554;;;;
84999681562;;;;
84991859262;;;;
71992630072;;;;
82991592832;;;;
85992348586;;;;
71992222222;;;;
71999949828;;;;
83999662800;;;;
83981911234;;;;
81983577169;;;;
71981095734;;;;
84981889407;;;;
73999257575;;;;
84999488275;;;;
83996776790;;;;
81992892721;;;;
74981292263;;;;
81981738606;;;;
86995223738;;;;
71985552281;;;;
73991252919;;;;
75981565467;;;;
83988846240;;;;
71988269342;;;;
81997235280;;;;
84992000718;;;;
85991644664;;;;
83988680396;;;;
83988901700;;;;
79998087355;;;;
75991914075;;;;
85991440215;;;;
85991334045;;;;
84996127434;;;;
86995185858;;;;
85996802708;;;;
86999916822;;;;
83988722960;;;;
83988722960;;;;
86999899128;;;;
75988334007;;;;
74988586693;;;;
89999718776;;;;
84991374326;;;;
81979007928;;;;
86999908118;;;;
83996033260;;;;
75988458214;;;;
75981234798;;;;
81999030286;;;;
84994179579;;;;
75999001678;;;;
85981176487;;;;
77999213085;;;;
75992668405;;;;
71997328361;;;;
85997174342;;;;
82988443888;;;;
81987282447;;;;
75981286845;;;;
83998283941;;;;
83988184488;;;;
86998509380;;;;
82991296630;;;;
82998048200;;;;
82991483691;;;;
71992831788;;;;
81992695400;;;;
79988626960;;;;
82981641605;;;;
87999903636;;;;
77981091530;;;;
81997911803;;;;
81982707101;;;;
81988060306;;;;
81998988450;;;;
49991152222;;;;
71998895381;;;;
81911111111;;;;
85981411339;;;;
85997809698;;;;
71994180555;;;;
27999161241;;;;
83981220895;;;;
11960718899;;;;
74999874239;;;;
83981264969;;;;
83999090089;;;;
71988886143;;;;
84999957070;;;;
83998918211;;;;
75998333138;;;;
89999210075;;;;
82981848194;;;;
81999682658;;;;
84991550880;;;;
79999036845;;;;
85996863177;;;;
73999818800;;;;
88996393796;;;;
83988937805;;;;
71988765239;;;;
81982455007;;;;
81999765584;;;;
86998278465;;;;
81998331936;;;;
81998930060;;;;
79999849040;;;;
77991927011;;;;
88999691387;;;;
82999227679;;;;
71996081818;;;;
84999900456;;;;
85996147476;;;;
88988274650;;;;
85984320042;;;;
89999252332;;;;
74999728969;;;;
71982595991;;;;
84999244542;;;;
71988120648;;;;
83998690793;;;;
81997351439;;;;
71999591616;;;;
74999772715;;;;
84999265940;;;;
88998476619;;;;
75981964430;;;;
75991329389;;;;
75998403468;;;;
81982119429;;;;
75998853265;;;;
81995210928;;;;
85991761084;;;;
77991736012;;;;
77998634299;;;;
81999731681;;;;
82999338755;;;;
79988341513;;;;
73988897089;;;;
88998600003;;;;
77991165555;;;;
79999883570;;;;
85992136552;;;;
71999500735;;;;
73988674040;;;;
89999424674;;;;
75991843704;;;;
82999528555;;;;
86999478933;;;;
83993968549;;;;
85998650064;;;;
79988633536;;;;
82996671415;;;;
87998248402;;;;
85999605650;;;;
84999226600;;;;
71996409681;;;;
81991119762;;;;
85999441451;;;;
83999846009;;;;
83999886009;;;;
16981111126;;;;
82981660702;;;;
11983729842;;;;
88997810030;;;;
86999288833;;;;
75981234798;;;;
85991440215;;;;
82988972585;;;;
73999445639;;;;
73999445639;;;;
85999965874;;;;
85999965874;;;;
85999965874;;;;
85999965874;;;;
85999965874;;;;
85999965874;;;;
85991000505;;;;
81986228020;;;;
81981140607;;;;
81981140607;;;;
87991735013;;;;
85986142066;;;;
81994025451;;;;
71982660840;;;;
81985305280;;;;
81984551438;;;;
81995270798;;;;
77999898081;;;;
77999898081;;;;
85996341417;;;;
79999697462;;;;
79999697462;;;;
17981390356;;;;
17981390356;;;;
17981390356;;;;
17981390356;;;;
73981249707;;;;
71996238807;;;;
85991602428;;;;
71996714528;;;;
79999881707;;;;
79999818089;;;;
85994395001;;;;
84987539229;;;;
84987539229;;;;
84987539229;;;;
71993229150;;;;
81997661068;;;;
81997661068;;;;
71993328857;;;;
82996025006;;;;
83981379113;;;;
84996162532;;;;
84996162532;;;;
84999557676;;;;
82996070839;;;;
82996070839;;;;
81974001270;;;;
87988239757;;;;
86986842468;;;;
85997467883;;;;
85997467883;;;;
84991565567;;;;
84991565567;;;;
75988320020;;;;
75988320020;;;;
83999790563;;;;
75991871011;;;;
88996508317;;;;
71996467896;;;;
71996467896;;;;
87996152195;;;;
81999999999;;;;
85996231201;;;;
85996231201;;;;
83981547428;;;;
41996869828;;;;
81998910399;;;;
81998910399;;;;
81992721544;;;;
71999447264;;;;
88997779225;;;;
88997779225;;;;
73998152160;;;;
77988160991;;;;
82981488088;;;;
86995507458;;;;
74999733716;;;;
85991429335;;;;
74988527395;;;;
75982023249;;;;
83991131980;;;;
83991131980;;;;
71988898315;;;;
86994641810;;;;
88997113707;;;;
85998536537;;;;
88996312813;;;;
71993751111;;;;
82988203734;;;;
82988203734;;;;
77998405906;;;;
75998702546;;;;
75998702546;;;;
75998702546;;;;
75998702546;;;;
75998702546;;;;
75998702546;;;;
75998702546;;;;
75998702546;;;;
75998702546;;;;
75998702546;;;;
75998702546;;;;
75998702546;;;;
75998702546;;;;
71983493980;;;;
82993216330;;;;
71997411782;;;;
71997411782;;;;
82993412691;;;;
82993412691;;;;
71996753341;;;;
85996211144;;;;
85996211144;;;;
85988345292;;;;
77999639566;;;;
79998236015;;;;
11976743331;;;;
11976743331;;;;
62996347597;;;;
62996347597;;;;
86981290460;;;;
73991321816;;;;
87988495466;;;;
87988495466;;;;
87988495466;;;;
87988495466;;;;
87988495466;;;;
87988495466;;;;
87988495466;;;;
87988495466;;;;
87988495466;;;;
77991689895;;;;
77998093467;;;;
75991480507;;;;
85992073904;;;;
77999898081;;;;
85981059409;;;;
11999993313;;;;
71991153086;;;;
71991153086;;;;
84999484542;;;;
87981259294;;;;
85994327096;;;;
85994327096;;;;
85994327096;;;;
85994327096;;;;
85994327096;;;;
85994327096;;;;
85994327096;;;;
73988493573;;;;
85985424285;;;;
85985424285;;;;
85988888247;;;;
85998240051;;;;
84999813669;;;;
82999934984;;;;
71988792302;;;;
84981082828;;;;
73999674241;;;;
73999674241;;;;
71999998525;;;;
71999998525;;;;
85997374350;;;;
85997374350;;;;
88999355070;;;;
77999332310;;;;
11992861458;;;;
83987314034;;;;
71999900511;;;;
87988284244;;;;
81991677869;;;;
81991677869;;;;
81991677869;;;;
88999262471;;;;
81988688075;;;;
81988688075;;;;
89994101276;;;;
81998180315;;;;
81998180315;;;;
81981158330;;;;
77999557124;;;;
83996613290;;;;
73988235332;;;;
85991685353;;;;
81996734000;;;;
86981747110;;;;
75982911090;;;;
84987435001;;;;
88992980441;;;;
85999584662;;;;
84996127434;;;;
77999035988;;;;
85997197742;;;;
81999890023;;;;
85992411338;;;;
75981251304;;;;
82996115977;;;;
71983890633;;;;
71982155375;;;;
75983237428;;;;
86981751869;;;;
71997413219;;;;
83999791521;;;;
84981877777;;;;
84981877777;;;;
84999124950;;;;
81988919679;;;;
71982869738;;;;
79999556742;;;;
11989729409;;;;
11989729409;;;;
11989729409;;;;
77991980555;;;;
84991943665;;;;
84991943665;;;;
75992382039;;;;
85988816958;;;;
85988816958;;;;
73999958025;;;;
71981713492;;;;
82999420523;;;;
81999789048;;;;
83982010806;;;;
83982010806;;;;
83988990016;;;;
81996847393;;;;
85998164257;;;;
85998164257;;;;
87991091488;;;;
75982332876;;;;
88997066740;;;;
91982307019;;;;
75992085792;;;;
81998741999;;;;
51999681243;;;;
86994364978;;;;
77998598631;;;;
71982832545;;;;
74998187450;;;;
82988743066;;;;
71984368783;;;;
74991925188;;;;
74991925188;;;;
81999540767;;;;
81999540767;;;;
71997092313;;;;
71997092313;;;;
71997092313;;;;
88996315099;;;;
84981185929;;;;
83996466525;;;;
83996466525;;;;
83988810614;;;;
81992746807;;;;
74991225397;;;;
89999223416;;;;
81991863096;;;;
81991863096;;;;
81991863096;;;;
81991863096;;;;
81991939660;;;;
75981133061;;;;
88996793910;;;;
99988459665;;;;
81999254153;;;;
81998451033;;;;
75992068118;;;;
75999810085;;;;
83988628089;;;;
89981152143;;;;
82981058394;;;;
75982111699;;;;
11917767842;;;;
11917767842;;;;
84999213822;;;;
84999213822;;;;
84999213822;;;;
84999213822;;;;
8191;;;;
41996869828;;;;
75991256976;;;;
81989678531;;;;
75981084436;;;;
81998464421;;;;
88998077907;;;;
73999855876;;;;
73999855876;;;;
85992103624;;;;
85992103624;;;;
79991120001;;;;
86999211005;;;;
75991653634;;;;
82988860518;;;;
82996501621;;;;
86999670331;;;;
86999670331;;;;
85992193838;;;;
86994163765;;;;
86994163765;;;;
81995446065;;;;
84998502430;;;;
73998425611;;;;
84999535756;;;;
88999181125;;;;
88988480000;;;;
75988017541;;;;
75988017541;;;;
75988017541;;;;
77981097212;;;;
85992063458;;;;
77998546128;;;;
74998178153;;;;
84999021692;;;;
84999189964;;;;
75998625412;;;;
77991144880;;;;
79999161003;;;;
79999161003;;;;
71987343908;;;;
77981378001;;;;
79999167456;;;;
81996698116;;;;
81996698116;;;;
81996698116;;;;
79999999999;;;;
79999999999;;;;
79999999999;;;;
87991774887;;;;
81996333034;;;;
81996333034;;;;
86999216400;;;;
83996547917;;;;
71988187213;;;;
7592813536;;;;
7592813536;;;;
86994796410;;;;
86994796410;;;;
71999836178;;;;
71999836178;;;;
85987823802;;;;
85987823802;;;;
75991143315;;;;
89981113541;;;;
86999226158;;;;
71981982328;;;;
41997880145;;;;
75992258614;;;;
82999704411;;;;
71992348925;;;;
85985111186;;;;
71987335910;;;;
71987335910;;;;
85988888888;;;;
79981020792;;;;
79981020792;;;;
79981020792;;;;
84999627100;;;;
85994191964;;;;
83988253008;;;;
84998000310;;;;
84998000310;;;;
83988751300;;;;
83988751300;;;;
19988939701;;;;
85982158939;;;;
81973143499;;;;
77999374355;;;;
71996918972;;;;
85989726810;;;;
81996879240;;;;
81987330600;;;;
71996897142;;;;
77999945017;;;;
77988269964;;;;
79981026441;;;;
87999639561;;;;
87988436565;;;;
71992042601;;;;
71992042601;;;;
71992042601;;;;
71992042601;;;;
82998808800;;;;
99991075449;;;;
33982838388;;;;
89994256715;;;;
89994256715;;;;
87999431200;;;;
75992388508;;;;
88999909196;;;;
81986392067;;;;
75999453546;;;;
75999453546;;;;
81992352939;;;;
8293278362;;;;
8293278362;;;;
83981283375;;;;
85999547446;;;;
7592612125;;;;
7592612125;;;;
77988711427;;;;
77988711427;;;;
82999523452;;;;
82999523452;;;;
86999692047;;;;
86999692047;;;;
81997882686;;;;
81997882686;;;;
81991941605;;;;
81991941605;;;;
81991941605;;;;
71999634301;;;;
75991471647;;;;
83998215029;;;;
8592523092;;;;
75988521025;;;;
81995375801;;;;
85987726133;;;;
81991390007;;;;
81999750871;;;;
85981343823;;;;
81999338926;;;;
7193847412;;;;
81988046952;;;;
77981491004;;;;
81999841100;;;;
84988043069;;;;
85981018989;;;;
86999999999;;;;
79999840918;;;;
85989653916;;;;
84996661819;;;;
8493228316;;;;
8295212149;;;;
85992606090;;;;
88992395968;;;;
81999751417;;;;
85988931117;;;;
71991981118;;;;
86988085013;;;;
81991044933;;;;
85987676785;;;;
51992749293;;;;
77991601366;;;;
81984540811;;;;
81988864575;;;;
73991260756;;;;
86995190138;;;;
82999218312;;;;
81985834670;;;;
83996179988;;;;
81992224134;;;;
83988591918;;;;
84996613660;;;;
81997971817;;;;
71991575967;;;;
7193225052;;;;
81994809305;;;;
83999181802;;;;
79999494949;;;;
84991798826;;;;
81986249180;;;;
87991162008;;;;
83986114873;;;;
87981354052;;;;
71991891935;;;;
73999532830;;;;
75988092315;;;;
81992731125;;;;
77999037432;;;;
81992285706;;;;
81999155719;;;;
81988181217;;;;
74988394640;;;;
85997881505;;;;
71991781441;;;;
88990000000;;;;
71999611550;;;;
83988974613;;;;
83986240669;;;;
85996616929;;;;
81988664166;;;;
75992315357;;;;
84996897165;;;;
85996442653;;;;
79999390523;;;;
71981199672;;;;
86995722425;;;;
86995295151;;;;
75992170677;;;;
11989991022;;;;
71992432056;;;;
73988112871;;;;
77988550069;;;;
84999601009;;;;
85999901329;;;;
81997893990;;;;
79999300084;;;;
83987358115;;;;
85996264499;;;;
71999421412;;;;
79999517135;;;;
85991212747;;;;
83991763432;;;;
81992011567;;;;
88996282039;;;;
71988880825;;;;
71997228882;;;;
84988409124;;;;
73988613966;;;;
88999880134;;;;
81991660521;;;;
79999593891;;;;
85999999999;;;;
71993339767;;;;
83987503662;;;;
86988110725;;;;
85988079941;;;;
71997328782;;;;
84999348185;;;;
74988032010;;;;
71983623830;;;;
87991410002;;;;
74999115193;;;;
75983005243;;;;
87999244065;;;;
78988387909;;;;
77999270598;;;;
81999370502;;;;
83986954517;;;;
81989728754;;;;
79996915910;;;;
83998333477;;;;
85997405632;;;;
85985873996;;;;
81996275555;;;;
83988281360;;;;
11982303542;;;;
85998278414;;;;
75999555774;;;;
86995244004;;;;
75999682897;;;;
85988992613;;;;
87996013138;;;;
71994025777;;;;
79996110494;;;;
77999751001;;;;
85986924060;;;;
75982767878;;;;
81988352564;;;;
81998871505;;;;
71999676905;;;;
81987017671;;;;
71991070226;;;;
75988048733;;;;
71999201677;;;;
77999514016;;;;
79998517645;;;;
87991382086;;;;
85998202302;;;;
77991741661;;;;
87991579255;;;;
82993391574;;;;
71992612562;;;;
85992255510;;;;
82981861617;;;;
84987568804;;;;
84996027158;;;;
77999989957;;;;
75991172868;;;;
81997230607;;;;
75991733953;;;;
81994332120;;;;
86994192676;;;;
82999283863;;;;
79981738351;;;;
75981940308;;;;
88992291600;;;;
86981786452;;;;
75981487361;;;;
81992238463;;;;
81999000126;;;;
86999994292;;;;
88997668037;;;;
71981851315;;;;
74988337539;;;;
88981146683;;;;
73999913677;;;;
81979082182;;;;
75991348181;;;;
79999836456;;;;
77999491591;;;;
82991028080;;;;
11982530920;;;;
77981208855;;;;
71987894862;;;;
77998653878;;;;
71999152284;;;;
83996382111;;;;
11997888831;;;;
85999299816;;;;
79998215793;;;;
71987557834;;;;
83988602614;;;;
86998273326;;;;
86988237502;;;;
85992643998;;;;
85996341417;;;;
79988196400;;;;
82988111967;;;;
71999259190;;;;
74999142492;;;;
71997425403;;;;
83991605120;;;;
82999241111;;;;
89994312260;;;;
75991365309;;;;
71988987073;;;;
84999576622;;;;
85987787112;;;;
73991182000;;;;
74999764335;;;;
71997144770;;;;
84996426700;;;;
85988315389;;;;
88996229179;;;;
88999340298;;;;
75981447030;;;;
71988257133;;;;
82988479925;;;;
83999280050;;;;
75982114035;;;;
77999217004;;;;
85997161211;;;;
71987943077;;;;
81987570009;;;;
83988380393;;;;
71981443765;;;;
84981831001;;;;
86999600990;;;;
75992629202;;;;
75988483082;;;;
87999388175;;;;
75998222202;;;;
82999810707;;;;
85991995653;;;;
84996713855;;;;
81999761577;;;;
82998130232;;;;
77998073844;;;;
71999188516;;;;
81997560800;;;;
85985046409;;;;
73999443761;;;;
79991274972;;;;
75999874753;;;;
81994081831;;;;
81996318500;;;;
79998830790;;;;
71999076634;;;;
86981249823;;;;
81999388050;;;;
85987872780;;;;
82996596990;;;;
82988002709;;;;
84988354498;;;;
84996209102;;;;
86999548438;;;;
77998190127;;;;
86994441213;;;;
85987779768;;;;
71984067008;;;;
85999949812;;;;
84991760678;;;;
77999189122;;;;
75991218815;;;;
81988027745;;;;
81998013445;;;;
75992572286;;;;
83991006990;;;;
84994160460;;;;
75998285066;;;;
81989939691;;;;
79999164298;;;;
81998952225;;;;
87981298428;;;;
81996075927;;;;
81991217690;;;;
77999017753;;;;
82996973015;;;;
77999935283;;;;
83994069727;;;;
77999810109;;;;
81999072580;;;;
79999613989;;;;
74999098636;;;;
84981535704;;;;
71986178262;;;;
85997301444;;;;
77991144880;;;;
77999108270;;;;
74991983493;;;;
73999901109;;;;
82988175529;;;;
88999657636;;;;
85996034460;;;;
71997321609;;;;
41996869828;;;;
71991579739;;;;
81999752033;;;;
85991746595;;;;
85988458802;;;;
73991999199;;;;
71993879719;;;;
81981287752;;;;
86981089604;;;;
73981340463;;;;
71999345103;;;;
61981914558;;;;
74999064644;;;;
81997508350;;;;
81999841715;;;;
81986103290;;;;
87988155566;;;;
83986793049;;;;
73998405566;;;;
77988267011;;;;
86999279355;;;;
81992731125;;;;
87999547165;;;;
77991037697;;;;
84998804724;;;;
79998794488;;;;
82991116388;;;;
81992133769;;;;
81996194486;;;;
82999335290;;;;
86994460420;;;;
85992255510;;;;
73991912306;;;;
73991912306;;;;
73991912306;;;;
89999728744;;;;
89999728744;;;;
88999954411;;;;
88999954411;;;;
88999954411;;;;
88999954411;;;;
88999954411;;;;
88999954411;;;;
84988550656;;;;
84988550656;;;;
84988550656;;;;
84988550656;;;;
84988550656;;;;
84988550656;;;;
79999859253;;;;
79999859253;;;;
71999899677;;;;
71999899677;;;;
86999317271;;;;
81998141015;;;;
84996737158;;;;
86988094987;;;;
75991959430;;;;
85996909312;;;;
85987416648;;;;
81999904736;;;;
81999904736;;;;
71999013838;;;;
73999223375;;;;
87991910006;;;;
81973445167;;;;
77991720441;;;;
81998931728;;;;
81998931728;;;;
83996510040;;;;
83996510040;;;;
74988312532;;;;
71988432210;;;;
86994822477;;;;
11999994381;;;;
71993764046;;;;
71993764046;;;;
71993764046;;;;
71993764046;;;;
71993764046;;;;
83999037701;;;;
85988715991;;;;
85988432521;;;;
88981780066;;;;
79988130971;;;;
79998332376;;;;
83994011334;;;;
83994011334;;;;
82999999999;;;;
84999144900;;;;
75999419476;;;;
85994012878;;;;
77999925622;;;;
71993446199;;;;
77981058532;;;;
77981058532;;;;
86999858190;;;;
71999414037;;;;
77991196032;;;;
71981724501;;;;
54996908664;;;;
54996908664;;;;
54996908664;;;;
88993119250;;;;
71981760771;;;;
81995208980;;;;
81995208980;;;;
81987456806;;;;
81987456806;;;;
81998096909;;;;
71991784829;;;;
81998144652;;;;
73998408074;;;;
85996190311;;;;
85996190311;;;;
81999718810;;;;
71993189645;;;;
85999677593;;;;
89994378592;;;;
86981446443;;;;
71987330655;;;;
71987330655;;;;
71987330655;;;;
71987330655;;;;
84999192037;;;;
84999192037;;;;
84999192037;;;;
84998434483;;;;
84998434483;;;;
84999749048;;;;
77999620072;;;;
89981076378;;;;
81998865252;;;;
83998225825;;;;
83998225825;;;;
71997204142;;;;
81992848412;;;;
81992848412;;;;
81992848412;;;;
88994975857;;;;
84999191236;;;;
82991181340;;;;
77998483715;;;;
77998483715;;;;
83991400110;;;;
83999100936;;;;
86988046882;;;;
79999649001;;;;
74981201965;;;;
81992165921;;;;
75998282139;;;;
82991430466;;;;
81987304915;;;;
79988083237;;;;
84996029232;;;;
71992863424;;;;
86994304879;;;;
71999295872;;;;
81997737599;;;;
85996521666;;;;
86981853538;;;;
86981853538;;;;
75982103838;;;;
83996191693;;;;
75998892070;;;;
83981238501;;;;
83981238501;;;;
84987503206;;;;
89988054370;;;;
73999700899;;;;
73999700899;;;;
86994055464;;;;
75983486956;;;;
79999727945;;;;
21979116329;;;;
21979116329;;;;
21979116329;;;;
81999864405;;;;
75991102712;;;;
86981888041;;;;
86994077579;;;;
71987835034;;;;
88996077574;;;;
88996077574;;;;
81999286802;;;;
81999286802;;;;
11981678537;;;;
81999773640;;;;
71985224314;;;;
86988297363;;;;
86999625119;;;;
89993450916;;;;
81987880821;;;;
85991260969;;;;
61983535864;;;;
71992856387;;;;
81997418888;;;;
71988052555;;;;
73999762344;;;;
85992966638;;;;
92991018200;;;;
73991312973;;;;
81996388596;;;;
88999019164;;;;
83988672587;;;;
86994021008;;;;
86994021008;;;;
81991251005;;;;
81999712901;;;;
84981020603;;;;
84981020603;;;;
77999441248;;;;
77999584102;;;;
83996110907;;;;
77981268891;;;;
85991429335;;;;
86999355381;;;;
84994150714;;;;
88992547798;;;;
88997989707;;;;
88997989707;;;;
81992251300;;;;
81996632203;;;;
81996632203;;;;
83987915867;;;;
71996120966;;;;
71996120966;;;;
73988511010;;;;
81988344625;;;;
84996569482;;;;
71983595757;;;;
71983595757;;;;
71983595757;;;;
71983595757;;;;
86999157109;;;;
88997329792;;;;
86981634053;;;;
86981634053;;;;
75999307565;;;;
73991991964;;;;
77999666891;;;;
77999666891;;;;
85999469644;;;;
86995379196;;;;
81999074746;;;;
81991131208;;;;
89981202708;;;;
75999110481;;;;
75991771087;;;;
71992710445;;;;
71992710445;;;;
84994426225;;;;
83987145195;;;;
81987313303;;;;
81987313303;;;;
75991414705;;;;
75991414705;;;;
73988017303;;;;
73988017303;;;;
85996139861;;;;
83986004585;;;;
83986004585;;;;
85991037652;;;;
85991037652;;;;
85991037652;;;;
85991037652;;;;
79998519720;;;;
81993572658;;;;
84992283921;;;;
96988069677;;;;
86995554462;;;;
85999999999;;;;
75988395166;;;;
86998073177;;;;
77998323300;;;;
83991067854;;;;
73999635117;;;;
85999001058;;;;
85999168018;;;;
85999168018;;;;
71999573167;;;;
88998080588;;;;
85981944752;;;;
81995918134;;;;
77981642728;;;;
77981642728;;;;
84981905853;;;;
84981905853;;;;
84981905853;;;;
71988042508;;;;
71988042508;;;;
71988042508;;;;
89994262272;;;;
85996048831;;;;
71991299161;;;;
71991299161;;;;
71991299161;;;;
71991299161;;;;
87981325360;;;;
83996960996;;;;
85999843550;;;;
85999843550;;;;
79981040428;;;;
79981040428;;;;
79981040428;;;;
75991628883;;;;
85996807448;;;;
88993539054;;;;
15988248082;;;;
71997024868;;;;
81997333019;;;;
81997333019;;;;
73991281287;;;;
73991281287;;;;
75983207830;;;;
88992629878;;;;
88992629878;;;;
79998294284;;;;
77999639289;;;;
81983498785;;;;
81983498785;;;;
75982919693;;;;
82988184846;;;;
83987649465;;;;
75981395645;;;;
77991486155;;;;
11999996967;;;;
11999996967;;;;
11999996967;;;;
71996796324;;;;
77998187762;;;;
77998187762;;;;
77998187762;;;;
81999608777;;;;
81999608777;;;;
81996630073;;;;
79999095065;;;;
87988670823;;;;
84992069017;;;;
11998164642;;;;
75999163495;;;;
75999163495;;;;
84996692583;;;;
84988720920;;;;
84988720920;;;;
86995092262;;;;
86995092262;;;;
71992151782;;;;
85981416868;;;;
85981416868;;;;
81988653534;;;;
81988653534;;;;
75988318502;;;;
75988318502;;;;
71983962100;;;;
71996176837;;;;
85982123344;;;;
85982123344;;;;
92991526832;;;;
92991526832;;;;
92991526832;;;;
92991526832;;;;
83999784447;;;;
81997562857;;;;
79998903877;;;;
84987608788;;;;
84987608788;;;;
81985128137;;;;
84987210669;;;;
83999220003;;;;
83999220003;;;;
77981136315;;;;
89999211115;;;;
86988000907;;;;
85982096074;;;;
75992005347;;;;
83991218975;;;;
71984659494;;;;
71993527833;;;;
71993527833;;;;
8191;;;;
85991163270;;;;
83991405005;;;;
83991405005;;;;
85996682294;;;;
75997079206;;;;
75997079206;;;;
86995547696;;;;
85981220689;;;;
8592344736;;;;
8592344736;;;;
85991543624;;;;
85991543624;;;;
88999340048;;;;
84994774206;;;;
8692215878;;;;
8692215878;;;;
85999867854;;;;
85999867854;;;;
8592284752;;;;
7592511306;;;;
8492134484;;;;
8492134484;;;;
85999585858;;;;
85999585858;;;;
8193394643;;;;
8193394643;;;;
83988020813;;;;
83988373331;;;;
85999816010;;;;
7794414202;;;;
75999139498;;;;
77991084212;;;;
81992336531;;;;
74991427418;;;;
85996864414;;;;
8393801048;;;;
85999971400;;;;
8492069526;;;;
82999050456;;;;
85999888191;;;;
85999268384;;;;
7596232693;;;;
7794211631;;;;
8492064609;;;;
7193922321;;;;
8393411976;;;;
8393801048;;;;
85999440487;;;;
81987322234;;;;
77999498585;;;;
83988253861;;;;
89981279327;;;;
81999525630;;;;
81995251038;;;;
81997561457;;;;
85988242425;;;;
77999261504;;;;
85988770292;;;;
82990000000;;;;
83993338342;;;;
81995666000;;;;
84987284870;;;;
85986991441;;;;
73981963239;;;;
82988411240;;;;
88998322221;;;;
85985654055;;;;
79999177071;;;;
75999101886;;;;
75988043477;;;;
84988437409;;;;
82999526633;;;;
77999716544;;;;
82988972380;;;;
77988099310;;;;
81997580446;;;;
83988198393;;;;
98991976361;;;;
75982008707;;;;
85991017778;;;;
81996204355;;;;
84991668471;;;;
89998108868;;;;
83988685766;;;;
83988685766;;;;
84999744325;;;;
83988946029;;;;
79988439082;;;;
85988987303;;;;
79981042079;;;;
88988382889;;;;
79991320039;;;;
84988081951;;;;
82991382588;;;;
77988180572;;;;
83988849125;;;;
88999104010;;;;
83991826191;;;;
82999250157;;;;
82999174808;;;;
74999801169;;;;
73981027878;;;;
71991212822;;;;
84998447070;;;;
71982677824;;;;
81999664314;;;;
71982209912;;;;
85986856042;;;;
82998310863;;;;
84999164409;;;;
83999258412;;;;
81988424327;;;;
79999960527;;;;
89999054279;;;;
83991280642;;;;
79999968573;;;;
81995672864;;;;
79999823593;;;;
71981681568;;;;
75999102030;;;;
88988535957;;;;
71987901027;;;;
82993474545;;;;
82993341942;;;;
73999000015;;;;
11972879955;;;;
81991915896;;;;
85999818283;;;;
75992048462;;;;
81986450467;;;;
85986628288;;;;
88999837049;;;;
85999010235;;;;
75982265412;;;;
74991413142;;;;
75975363824;;;;
81984006875;;;;
85997910409;;;;
85999610246;;;;
73999588333;;;;
71991606949;;;;
77999470859;;;;
81991479150;;;;
81982549380;;;;
87999759995;;;;
27981519250;;;;
85997932080;;;;
85999253927;;;;
75992629092;;;;
71991785292;;;;
71992339489;;;;
83999196140;;;;
77991223857;;;;
84999134022;;;;
84991142334;;;;
81999787005;;;;
85996160077;;;;
89994268671;;;;
84988156702;;;;
84998162197;;;;
81997581734;;;;
61981275082;;;;
84997105874;;;;
87988011546;;;;
84996623779;;;;
79991910103;;;;
82999810074;;;;
85981602425;;;;
86994423126;;;;
71999633337;;;;
71988281016;;;;
89994163091;;;;
71998217644;;;;
85988803681;;;;
83988825262;;;;
73988130300;;;;
88997964757;;;;
74991314015;;;;
85987170434;;;;
75997169456;;;;
79999304726;;;;
71993362798;;;;
86999861717;;;;
71999836144;;;;
71999528542;;;;
83988321438;;;;
75992176861;;;;
41996869828;;;;
86981047660;;;;
86994729778;;;;
77999654648;;;;
71988659361;;;;
71999347002;;;;
77999341965;;;;
71992465913;;;;
73999796269;;;;
81987535937;;;;
86999105554;;;;
71999111119;;;;
71993071021;;;;
85992266356;;;;
83988736462;;;;
77999039944;;;;
84991065849;;;;
81993290304;;;;
85999053174;;;;
73999956769;;;;
74999300601;;;;
85997462985;;;;
71999893369;;;;
77999917954;;;;
81987620000;;;;
87988232390;;;;
85986847118;;;;
71996765411;;;;
81991089477;;;;
85996943758;;;;
75982607586;;;;
86999201998;;;;
71996395026;;;;
71986632003;;;;
82998201221;;;;
77981317127;;;;
81982118695;;;;
85994072789;;;;
81984695884;;;;
81991648389;;;;
71991254580;;;;
81988511603;;;;
84991598888;;;;
88999382989;;;;
71988584803;;;;
79981344443;;;;
75982985353;;;;
84999267392;;;;
71991979463;;;;
71999916464;;;;
75988534480;;;;
85988874007;;;;
83988131046;;;;
88999501730;;;;
82999729945;;;;
84987042186;;;;
86999449366;;;;
77999712293;;;;
77999187989;;;;
71988000902;;;;
81999738703;;;;
85996931274;;;;
81992038488;;;;
85991509609;;;;
82996671010;;;;
71992897607;;;;
84988818249;;;;
81988687797;;;;
84998000310;;;;
75983035558;;;;
81999215849;;;;
85999157570;;;;
84999998470;;;;
71983546604;;;;
75981672757;;;;
83993695475;;;;
81996154022;;;;
89981419086;;;;
83988793105;;;;
81999428570;;;;
81988590910;;;;
79991582310;;;;
85991834595;;;;
84998480000;;;;
81999873557;;;;
79999370277;;;;
85988401286;;;;
81998481293;;;;
88994032876;;;;
71999051410;;;;
86999931509;;;;
85986771607;;;;
82996652703;;;;
88992799453;;;;
86983270107;;;;
86999139926;;;;
83991589701;;;;
87988664208;;;;
84981430632;;;;
88996212075;;;;
77981338800;;;;
81999012982;;;;
88981086810;;;;
89994552277;;;;
33991418775;;;;
85997209824;;;;
84998498667;;;;
81996186116;;;;
81992828798;;;;
73999176378;;;;
85988197916;;;;
84999374545;;;;
83988657525;;;;
81999617525;;;;
83986033353;;;;
88996891133;;;;
82999148690;;;;
81988653737;;;;
85998194664;;;;
88996349185;;;;
74991416387;;;;
81992475162;;;;
85999370771;;;;
83999826070;;;;
79998253332;;;;
79996620009;;;;
71991654522;;;;
89981006858;;;;
84998185537;;;;
77991701314;;;;
71987317812;;;;
73999433232;;;;
83988283119;;;;
84999421850;;;;
71986846101;;;;
87996340607;;;;
83996958830;;;;
81997951567;;;;
88996129121;;;;
79988009460;;;;
85981125281;;;;
81992839259;;;;
83996993877;;;;
81999883973;;;;
84987014482;;;;
84987014482;;;;
71991411172;;;;
28999728233;;;;
28999728233;;;;
75992566115;;;;
75992566115;;;;
83987908690;;;;
83987908690;;;;
83988244138;;;;
79999999999;;;;
86981041746;;;;
86981041746;;;;
88999183984;;;;
88999183984;;;;
73991702906;;;;
86994117589;;;;
81998135429;;;;
82981661848;;;;
89994372636;;;;
83982207350;;;;
75982640818;;;;
86999410226;;;;
86999410226;;;;
81997718641;;;;
83987458075;;;;
84998664136;;;;
84998664136;;;;
87981660441;;;;
41996869828;;;;
85985499898;;;;
85985499898;;;;
85985499898;;;;
75981641059;;;;
85996442853;;;;
85996442853;;;;
81998397477;;;;
77999018546;;;;
77999018546;;;;
81998988063;;;;
83981163153;;;;
83981163153;;;;
83981163153;;;;
86988187290;;;;
86988187290;;;;
86988187290;;;;
85999156130;;;;
81999486622;;;;
81993021062;;;;
81993021062;;;;
71988721768;;;;
82999737403;;;;
81997557942;;;;
82999152606;;;;
85986050071;;;;
84999385767;;;;
84999385767;;;;
82988418744;;;;
75999715294;;;;
75999715294;;;;
77991268115;;;;
77991268115;;;;
77991268115;;;;
81989788377;;;;
84998115539;;;;
86988836172;;;;
86988836172;;;;
81996802550;;;;
81994221907;;;;
81994221907;;;;
83991063778;;;;
71997073550;;;;
86992433228;;;;
75992895275;;;;
77991911926;;;;
85986605573;;;;
71991844175;;;;
71984482662;;;;
71996800808;;;;
75991283501;;;;
71987704528;;;;
79998555279;;;;
79999810015;;;;
79999810015;;;;
79999810015;;;;
79999810015;;;;
71996723078;;;;
84999807902;;;;
84988520321;;;;
85996252259;;;;
74981238730;;;;
74999563192;;;;
85999402885;;;;
85999402885;;;;
85999402885;;;;
84998198085;;;;
83998600900;;;;
83998600900;;;;
88997336832;;;;
89981153122;;;;
89981153122;;;;
77981115949;;;;
75991648461;;;;
85998615842;;;;
81995973554;;;;
79988742157;;;;
77988043330;;;;
77988043330;;;;
77988043330;;;;
86999478933;;;;
81999877931;;;;
81999877931;;;;
81999877931;;;;
71982636388;;;;
81992621261;;;;
86994666161;;;;
85991803343;;;;
84994007474;;;;
71994048536;;;;
71994048536;;;;
71991898402;;;;
89994538644;;;;
77999262524;;;;
77999262524;;;;
82999660191;;;;
71997264106;;;;
83999280972;;;;
79991425265;;;;
86999785940;;;;
86999785940;;;;
85988814522;;;;
85988814522;;;;
85988814522;;;;
85988814522;;;;
79999433784;;;;
85985052555;;;;
79999203471;;;;
79999203471;;;;
81994455764;;;;
71999262658;;;;
71999262658;;;;
81981733566;;;;
71988367808;;;;
85985964331;;;;
82998876814;;;;
82998876814;;;;
82998876814;;;;
82998876814;;;;
85989103038;;;;
85989103038;;;;
83996428402;;;;
83996428402;;;;
87999132380;;;;
87999132380;;;;
71988110947;;;;
85991121361;;;;
87998114727;;;;
81998976550;;;;
74999376293;;;;
81999418189;;;;
81999418189;;;;
71992672677;;;;
71992672677;;;;
79999889168;;;;
85987019262;;;;
85987019262;;;;
85996805078;;;;
82999846217;;;;
81985222228;;;;
83996173191;;;;
83996173191;;;;
85997928875;;;;
62998430819;;;;
81971111216;;;;
71991622440;;;;
71981588520;;;;
74999087074;;;;
77999495955;;;;
87981527577;;;;
87981527577;;;;
41997880145;;;;
84991718558;;;;
79999100219;;;;
79998420934;;;;
84981613795;;;;
84981613795;;;;
75999489802;;;;
75998398484;;;;
74991360797;;;;
75999870503;;;;
86998517480;;;;
86998517480;;;;
85996317171;;;;
84981506262;;;;
84981506262;;;;
73999310284;;;;
73999310284;;;;
85992981665;;;;
85986764386;;;;
71987651805;;;;
71985015693;;;;
71981966119;;;;
86981540056;;;;
81996359999;;;;
81991409954;;;;
77999347996;;;;
81997759886;;;;
81997759886;;;;
77999281130;;;;
77999281130;;;;
71987118901;;;;
86988634035;;;;
84999998470;;;;
73991914373;;;;
86998264823;;;;
75981318289;;;;
73999202349;;;;
81989278175;;;;
88992680441;;;;
71989517675;;;;
71989517675;;;;
79999921301;;;;
81991045373;;;;
85982012025;;;;
85996061560;;;;
73981336648;;;;
77991964865;;;;
41997880145;;;;
89994339118;;;;
81981318395;;;;
71999740492;;;;
71999740492;;;;
71999740492;;;;
71999740492;;;;
71999740492;;;;
83999835205;;;;
77999943175;;;;
85992553839;;;;
85996934300;;;;
86998056525;;;;
81998510260;;;;
83999053148;;;;
71981945043;;;;
82996382275;;;;
82996382275;;;;
82988329405;;;;
41997880145;;;;
86981919219;;;;
86981919219;;;;
86981919219;;;;
86981919219;;;;
86981919219;;;;
86981919219;;;;
88994946890;;;;
88992267305;;;;
71991844952;;;;
81985756624;;;;
81985756624;;;;
81981586829;;;;
83996508786;;;;
67996505660;;;;
85988018224;;;;
85988018224;;;;
75981518007;;;;
87999320224;;;;
83999671054;;;;
83999671054;;;;
83999671054;;;;
83999671054;;;;
79998865818;;;;
71999152196;;;;
87991023625;;;;
87991023625;;;;
8592274777;;;;
8592274777;;;;
71999668921;;;;
84994814469;;;;
85986620301;;;;
74988168677;;;;
79991353333;;;;
79991353333;;;;
81988965908;;;;
81986106225;;;;
81986106225;;;;
71985363704;;;;
71982060084;;;;
85997552392;;;;
85997552392;;;;
75991560073;;;;
86981081221;;;;
83987720690;;;;
81998983409;;;;
81998983409;;;;
71991696456;;;;
71999454381;;;;
75999588737;;;;
75999588737;;;;
75991250794;;;;
75991250794;;;;
75991250794;;;;
75998613775;;;;
79991807909;;;;
88996436470;;;;
88982220019;;;;
88996797475;;;;
88996797475;;;;
85986353402;;;;
85999496429;;;;
81983657854;;;;
83999421813;;;;
83999421813;;;;
73982081902;;;;
16997026743;;;;
79991422693;;;;
71998758859;;;;
71999180535;;;;
88994087138;;;;
44999969399;;;;
84992198430;;;;
81998027177;;;;
71988305229;;;;
71996172547;;;;
88997044121;;;;
81999768968;;;;
81999768968;;;;
79998273121;;;;
85991810981;;;;
85996685744;;;;
75999113235;;;;
75999113235;;;;
81983493091;;;;
81983493091;;;;
84999479456;;;;
84999479456;;;;
8492121312;;;;
8492121312;;;;
8492121312;;;;
8492121312;;;;
71986607742;;;;
71986607742;;;;
85986443262;;;;
87988360705;;;;
87988360705;;;;
87988360705;;;;
87988360705;;;;
77999681581;;;;
82996777852;;;;
85988960310;;;;
74999995092;;;;
8592248041;;;;
73981237119;;;;
8592940192;;;;
79999614161;;;;
89999849699;;;;
81999706343;;;;
71997370592;;;;
81982919564;;;;
88996798686;;;;
85999890279;;;;
85982205780;;;;
86988251048;;;;
75999647984;;;;
71988129203;;;;
73991263918;;;;
7193134090;;;;
8592614745;;;;
8592729811;;;;
84999279890;;;;
81989227597;;;;
87988031487;;;;
85988946577;;;;
81991162684;;;;
81996267711;;;;
82999826482;;;;
75988412907;;;;
8592611366;;;;
71999811574;;;;
84988600250;;;;
86999423708;;;;
82996616223;;;;
82988383686;;;;
79999644455;;;;
86998529046;;;;
89981122730;;;;
85986184132;;;;
73999878497;;;;
74991225998;;;;
79999848000;;;;
91992317566;;;;
73999858882;;;;
77999281847;;;;
75988067819;;;;
85988212221;;;;
88999941595;;;;
87988263514;;;;
82999562201;;;;
75982645487;;;;
88997292223;;;;
71999628021;;;;
82988920784;;;;
88988381266;;;;
75999787162;;;;
87996318383;;;;
81987661007;;;;
75981958788;;;;
74988159998;;;;
79988156394;;;;
81996135695;;;;
86999007090;;;;
81999072255;;;;
81998765451;;;;
75998808212;;;;
71991858891;;;;
81997231774;;;;
84988743674;;;;
83999311818;;;;
75981732970;;;;
81997646250;;;;
74999204884;;;;
79999787756;;;;
81988079664;;;;
7793451;;;;
73999940327;;;;
84987163722;;;;
71999554949;;;;
86999965855;;;;
85999844339;;;;
84996280021;;;;
88999934545;;;;
84991604600;;;;
71982365861;;;;
77991290015;;;;
73981147045;;;;
75999774191;;;;
83999522108;;;;
75999966992;;;;
71986309407;;;;
81992676000;;;;
85988017035;;;;
86998255801;;;;
75982835859;;;;
81995409679;;;;
71983567444;;;;
82993155593;;;;
81992585417;;;;
71988966009;;;;
81999547899;;;;
88996452216;;;;
83986519194;;;;
86981600559;;;;
85986882146;;;;
85999584996;;;;
81992230335;;;;
73998153434;;;;
71987359540;;;;
81997313811;;;;
81996603741;;;;
77991489977;;;;
81988868924;;;;
71991929655;;;;
79998075644;;;;
84999823731;;;;
85986805804;;;;
85997349604;;;;
83998225403;;;;
85999938745;;;;
85987064010;;;;
82999999371;;;;
83986315236;;;;
71993451209;;;;
77981615024;;;;
88996198083;;;;
81998275445;;;;
79999031211;;;;
75988427173;;;;
79999792751;;;;
81999179272;;;;
81996969197;;;;
71981254245;;;;
79999766454;;;;
88996001202;;;;
84998400618;;;;
81999220416;;;;
85989696599;;;;
87981771700;;;;
81998656522;;;;
86994616769;;;;
71992584315;;;;
82982028470;;;;
71991086705;;;;
71986750793;;;;
79998052360;;;;
75999597233;;;;
81981362536;;;;
81997660548;;;;
88997032727;;;;
83999229456;;;;
84994122224;;;;
86999471244;;;;
71991917321;;;;
86999479947;;;;
75992454341;;;;
82991050042;;;;
87988527374;;;;
73999762704;;;;
86999517620;;;;
81991234464;;;;
83998215522;;;;
85997315540;;;;
73981093515;;;;
81999419089;;;;
71996637245;;;;
79999889753;;;;
75991094019;;;;
81981876922;;;;
83986340873;;;;
71992270406;;;;
89999051928;;;;
83999800511;;;;
79998879401;;;;
83996802837;;;;
75981833909;;;;
71999766688;;;;
77998090362;;;;
81996962414;;;;
83996038099;;;;
82999831939;;;;
83981083606;;;;
74999731019;;;;
87981168347;;;;
71983133346;;;;
75991129400;;;;
81996992586;;;;
82999713525;;;;
84999831080;;;;
75999227383;;;;
77981634470;;;;
84987261948;;;;
83988002100;;;;
74997089761;;;;
84999169926;;;;
81994803791;;;;
88981222766;;;;
81995307400;;;;
77988272987;;;;
85982222324;;;;
81992262151;;;;
83988996304;;;;
88981508292;;;;
75991380986;;;;
81999712176;;;;
79988015000;;;;
82998169696;;;;
83982153917;;;;
83996702686;;;;
71988266256;;;;
83986725824;;;;
85988857560;;;;
88996277028;;;;
85996331407;;;;
73988018917;;;;
71994039403;;;;
79996603300;;;;
71999923246;;;;
85998441467;;;;
81981655566;;;;
81999963135;;;;
73981278477;;;;
71981019330;;;;
71996260289;;;;
75982351902;;;;
83988147315;;;;
84987700920;;;;
85987902024;;;;
84992000739;;;;
71991003329;;;;
85981391998;;;;
77991440428;;;;
84988083531;;;;
83987608075;;;;
81999770115;;;;
86981432293;;;;
81981149847;;;;
71988995209;;;;
87988585668;;;;
71981977189;;;;
84991356781;;;;
77999528736;;;;
73991645325;;;;
75981855256;;;;
77999163599;;;;
74991400244;;;;
84996011915;;;;
84992125129;;;;
81979016225;;;;
83981613121;;;;
77998708081;;;;
75991897780;;;;
85999866555;;;;
84999852324;;;;
88999265420;;;;
85987497553;;;;
81987154926;;;;
84994632301;;;;
85992471879;;;;
85986772801;;;;
88999380001;;;;
71999032003;;;;
83987613271;;;;
74991326935;;;;
81996628800;;;;
85996911291;;;;
83996000395;;;;
85999288535;;;;
79988367457;;;;
82981851908;;;;
81994451635;;;;
84981584718;;;;
85992072881;;;;
79999625560;;;;
77998335200;;;;
81991292619;;;;
81995835217;;;;
86994827616;;;;
81992192506;;;;
83999703302;;;;
74981972662;;;;
71991032935;;;;
71991969380;;;;
75998332636;;;;
81997156727;;;;
89999751880;;;;
71988940528;;;;
83987460582;;;;
71981136602;;;;
79999702222;;;;
84991042609;;;;
71999857513;;;;
81999910595;;;;
71981897495;;;;
73982026328;;;;
84998063088;;;;
84996881599;;;;
81999044142;;;;
77991285013;;;;
88999014325;;;;
84998159347;;;;
89999218959;;;;
84981110779;;;;
85991180880;;;;
71992692421;;;;
21992396057;;;;
79998677666;;;;
74991093463;;;;
75991077720;;;;
81999730965;;;;
85987229058;;;;
71993732322;;;;
81986193122;;;;
77998441994;;;;
84988167004;;;;
86994096008;;;;
75992486468;;;;
81999999999;;;;
41999973139;;;;
79999992414;;;;
71988319942;;;;
83999369722;;;;
86981520437;;;;
79998662610;;;;
71988536730;;;;
81998334019;;;;
85986949757;;;;
86988463928;;;;
82996084998;;;;
82993745018;;;;
88999147132;;;;
71996081803;;;;
81971215808;;;;
81989534710;;;;
85982084037;;;;
84987827674;;;;
83999884969;;;;
85987628622;;;;
71988394151;;;;
83988454394;;;;
84996011915;;;;
84999323418;;;;
82999962043;;;;
81992305397;;;;
81986329240;;;;
74999885943;;;;
84991834207;;;;
85981134165;;;;
83988996304;;;;
86998349534;;;;
71988395024;;;;
81996962414;;;;
99999999999;;;;
83988996304;;;;
85998479891;;;;
84988819943;;;;
88996419291;;;;
71997307488;;;;
71997307488;;;;
84998836881;;;;
85988566069;;;;
85988566069;;;;
75999465799;;;;
82981842879;;;;
86981477303;;;;
85999061171;;;;
85999061171;;;;
71999814320;;;;
71996113222;;;;
82996059680;;;;
82996059680;;;;
82996059680;;;;
75981248680;;;;
75981248680;;;;
87988575033;;;;
87988575033;;;;
87988575033;;;;
81991620608;;;;
81991620608;;;;
81991620608;;;;
81991620608;;;;
85986615558;;;;
85986615558;;;;
41996869828;;;;
71992347487;;;;
75999071869;;;;
75999071869;;;;
81998046210;;;;
81998046210;;;;
86999623460;;;;
81983706269;;;;
86994830676;;;;
85985965000;;;;
75998799066;;;;
89999253785;;;;
74991925188;;;;
74991925188;;;;
81994677773;;;;
73999185252;;;;
73999185252;;;;
79999842595;;;;
75999922048;;;;
75999922048;;;;
81998106083;;;;
71999089699;;;;
74999635838;;;;
86981023456;;;;
86981023456;;;;
83991714352;;;;
83988130761;;;;
81982392304;;;;
81982392304;;;;
85987090158;;;;
81998380081;;;;
81995362845;;;;
75992995750;;;;
85982057163;;;;
86998176182;;;;
71999071686;;;;
31998880216;;;;
31998880216;;;;
31998880216;;;;
31998880216;;;;
31998880216;;;;
31998880216;;;;
31998880216;;;;
31998880216;;;;
85981270159;;;;
75991537020;;;;
89994498882;;;;
71999198082;;;;
79999398659;;;;
87998300441;;;;
86994610074;;;;
84999536645;;;;
81993796078;;;;
81993796078;;;;
71991853785;;;;
71991853785;;;;
75991956951;;;;
84991317554;;;;
81998347113;;;;
85991537655;;;;
85991774337;;;;
85999178299;;;;
85991288448;;;;
85991031918;;;;
86998100589;;;;
83996114544;;;;
75998494325;;;;
75998494325;;;;
85998096666;;;;
85998096666;;;;
87999929202;;;;
81999820139;;;;
81999820139;;;;
81997199331;;;;
81997199331;;;;
88996192142;;;;
88996192142;;;;
84991364956;;;;
84991364956;;;;
79999715386;;;;
79999715386;;;;
84996460868;;;;
77999686832;;;;
71992329572;;;;
85997900696;;;;
84991411337;;;;
84991411337;;;;
71991853785;;;;
71991853785;;;;
86994707915;;;;
88997260007;;;;
88999681664;;;;
88999681664;;;;
43991707615;;;;
77999802085;;;;
77999802085;;;;
71987616189;;;;
83993824714;;;;
85989708187;;;;
41996114321;;;;
41996114321;;;;
83987503068;;;;
83987503068;;;;
83987503068;;;;
77991186120;;;;
77991186120;;;;
19992252129;;;;
71983187413;;;;
79998369658;;;;
84987093601;;;;
84987093601;;;;
81995210402;;;;
82999469820;;;;
79999247045;;;;
84991433019;;;;
81997391685;;;;
81997391685;;;;
77991987640;;;;
77991987640;;;;
85986444866;;;;
81993206554;;;;
21998617932;;;;
71996663389;;;;
81982332550;;;;
87988224962;;;;
87988224962;;;;
82988830336;;;;
82988830336;;;;
82981222122;;;;
82981222122;;;;
71991922309;;;;
41997880145;;;;
85998096666;;;;
85998096666;;;;
77998642500;;;;
81992015854;;;;
81992015854;;;;
88998106046;;;;
77998394687;;;;
87988274900;;;;
88997505039;;;;
88992163912;;;;
87991011443;;;;
81999999999;;;;
89994479672;;;;
85996291942;;;;
85996291942;;;;
86994338208;;;;
75991901158;;;;
81992536615;;;;
81992536615;;;;
83996570106;;;;
84988826362;;;;
71996048899;;;;
81994805617;;;;
83999948128;;;;
86981801002;;;;
84988320380;;;;
79999592434;;;;
85991883609;;;;
85991883609;;;;
71987817665;;;;
75988396976;;;;
81996001527;;;;
81996001527;;;;
86981885930;;;;
71988753090;;;;
87988313219;;;;
83994210539;;;;
85986593882;;;;
81971085278;;;;
73988191944;;;;
85982368168;;;;
81999010583;;;;
86994428911;;;;
82911111111;;;;
82911111111;;;;
71981546247;;;;
88981852520;;;;
88981852520;;;;
83999490253;;;;
77988122287;;;;
75999211079;;;;
81995654800;;;;
81992207810;;;;
85987466466;;;;
81985763060;;;;
85989502129;;;;
84998980025;;;;
84998980025;;;;
75999737908;;;;
71992026751;;;;
71992026751;;;;
88982351224;;;;
81989222038;;;;
82991721112;;;;
84988730105;;;;
84998281224;;;;
85999414936;;;;
86981186892;;;;
77991207578;;;;
85984044538;;;;
79988724968;;;;
84998564505;;;;
84998564505;;;;
75988043939;;;;
83991443982;;;;
79991754901;;;;
81998902034;;;;
77991999198;;;;
99984205009;;;;
77999734774;;;;
81982435780;;;;
82993063609;;;;
79999943500;;;;
83996260883;;;;
83996803129;;;;
83996803129;;;;
71988200997;;;;
71988414906;;;;
55999540658;;;;
55999540658;;;;
86999442426;;;;
84988657985;;;;
75991860897;;;;
71988946656;;;;
88994905602;;;;
85991563930;;;;
81981966703;;;;
11994860290;;;;
77998299693;;;;
83998326306;;;;
88993046753;;;;
89999759160;;;;
89999759160;;;;
89999759160;;;;
83988737152;;;;
71992638779;;;;
79981562192;;;;
88981209964;;;;
62982356586;;;;
12981684656;;;;
87991692020;;;;
71984491499;;;;
75999013010;;;;
88994677600;;;;
74999216793;;;;
85987429100;;;;
85987429100;;;;
85987429100;;;;
85987429100;;;;
89994231092;;;;
77991165852;;;;
85991945820;;;;
11999999999;;;;
11999999999;;;;
81997450903;;;;
71993111314;;;;
71993111314;;;;
86981532003;;;;
79999353472;;;;
83986906703;;;;
79991433865;;;;
71996641515;;;;
21999307408;;;;
77988621019;;;;
86991418658;;;;
86991418658;;;;
88981656576;;;;
88981656576;;;;
81999462270;;;;
84998531977;;;;
84998531977;;;;
81998303597;;;;
73999750325;;;;
73999750325;;;;
81996591839;;;;
81996591839;;;;
8493202735;;;;
74999173589;;;;
81911222222;;;;
81911222222;;;;
71988411249;;;;
75983362053;;;;
85992620069;;;;
85992795385;;;;
85985146284;;;;
71981545415;;;;
85987949952;;;;
85987949952;;;;
75999967952;;;;
79999098762;;;;
81996434679;;;;
8592744141;;;;
8592744141;;;;
71991210407;;;;
71991210407;;;;
81986993949;;;;
79999925937;;;;
79999925937;;;;
8592923606;;;;
8592923606;;;;
83998123968;;;;
83998123968;;;;
8394411795;;;;
8394411795;;;;
84999280019;;;;
84999280019;;;;
84999280019;;;;
84999280019;;;;
86981824441;;;;
85994239635;;;;
71987816128;;;;
71987816128;;;;
81992365357;;;;
81992365357;;;;
85982023022;;;;
85982023022;;;;
85982023022;;;;
85999530247;;;;
7993611535;;;;
85986764112;;;;
87991221045;;;;
7193292133;;;;
81986106349;;;;
81999852720;;;;
74999297204;;;;
81988598264;;;;
7596311123;;;;
7395341474;;;;
8994223573;;;;
8693223227;;;;
88988390980;;;;
8592310844;;;;
7597382176;;;;
8693233223;;;;
7193622655;;;;
88999671142;;;;
7498119104;;;;
79991356614;;;;
79998673860;;;;
7592711100;;;;
71991459235;;;;
77991166997;;;;
8192226455;;;;
77991189348;;;;
81999507020;;;;
89999426072;;;;
8292210954;;;;
81982909898;;;;
79999018607;;;;
74988020151;;;;
74991160486;;;;
71988351602;;;;
71993325931;;;;
85988691528;;;;
81986815131;;;;
75981873440;;;;
73999182051;;;;
85999697500;;;;
75988422008;;;;
79998608304;;;;
82993060950;;;;
81999769811;;;;
73999536395;;;;
71999334980;;;;
81992062421;;;;
84999472424;;;;
77981172625;;;;
84999076435;;;;
77988469154;;;;
71991963019;;;;
79999862261;;;;
89981290276;;;;
79999885532;;;;
81981308306;;;;
88999993883;;;;
79999650934;;;;
82999050299;;;;
85997177727;;;;
84998080099;;;;
81911111111;;;;
83981477315;;;;
81985586300;;;;
73999768765;;;;
83981892787;;;;
75981784140;;;;
86999721242;;;;
85998786946;;;;
82996105522;;;;
51992394621;;;;
79999672500;;;;
88997131400;;;;
74999568887;;;;
79991420182;;;;
86998358434;;;;
71992965183;;;;
74991164033;;;;
79998350012;;;;
79999717772;;;;
89994478945;;;;
86999055000;;;;
86981638242;;;;
84988035958;;;;
77999165152;;;;
71996112024;;;;
82988426762;;;;
81995133308;;;;
81991911272;;;;
73999843269;;;;
83987826403;;;;
75991376686;;;;
88999286267;;;;
81999159025;;;;
71999221612;;;;
84996643019;;;;
81991617958;;;;
86981951275;;;;
81986367259;;;;
84988138979;;;;
73988818535;;;;
75999741431;;;;
85988884888;;;;
75991379402;;;;
77999790559;;;;
74988021090;;;;
75997150538;;;;
98999006448;;;;
73998088434;;;;
79988788140;;;;
85981018746;;;;
89999219707;;;;
82981330613;;;;
81997189344;;;;
71997221100;;;;
83987373456;;;;
84999399483;;;;
82999422977;;;;
83982065768;;;;
87988373922;;;;
77988238556;;;;
85986718903;;;;
84999481650;;;;
82993248040;;;;
84996519029;;;;
71992990707;;;;
77988649585;;;;
73991749394;;;;
83999883829;;;;
79999442370;;;;
74999490995;;;;
83999811412;;;;
85991888995;;;;
84988023578;;;;
75991346090;;;;
84999087087;;;;
77988010934;;;;
83999692810;;;;
81992228410;;;;
71996086552;;;;
85991826628;;;;
88996979169;;;;
81993313698;;;;
83991040305;;;;
81992473085;;;;
75988229265;;;;
85987969155;;;;
71996118198;;;;
83999090159;;;;
83996115100;;;;
84999664898;;;;
87981811186;;;;
85997493697;;;;
11999950842;;;;
84987211777;;;;
77981414272;;;;
81988786151;;;;
71991756213;;;;
85981465391;;;;
84999158139;;;;
71993779637;;;;
79999596970;;;;
86981589040;;;;
75981759705;;;;
71981633627;;;;
71992968293;;;;
83999321280;;;;
77999757027;;;;
71998415445;;;;
71988815936;;;;
71996118102;;;;
84999459317;;;;
81994347066;;;;
81996336342;;;;
83988719481;;;;
21981050252;;;;
87999784684;;;;
87991613134;;;;
11993117050;;;;
81982260046;;;;
71981307000;;;;
81981668136;;;;
27998027707;;;;
88997980292;;;;
75992540324;;;;
86994514153;;;;
84999336735;;;;
85999912292;;;;
85999655203;;;;
81992865533;;;;
71992616602;;;;
81973072810;;;;
84998071945;;;;
85996802604;;;;
21976844333;;;;
84996499245;;;;
81988290963;;;;
79999488869;;;;
81988143712;;;;
75988043437;;;;
79999518777;;;;
82981386801;;;;
75998248888;;;;
85999987213;;;;
71999911888;;;;
83991658101;;;;
81967458976;;;;
71992798465;;;;
88981794414;;;;
71991046270;;;;
86998204090;;;;
71981130414;;;;
81994422776;;;;
41996869828;;;;
81986424701;;;;
85999827560;;;;
71992680281;;;;
79999520515;;;;
77999874473;;;;
77998517760;;;;
85996182023;;;;
82991087684;;;;
75988295087;;;;
81999710760;;;;
86994820613;;;;
81999210978;;;;
75991337997;;;;
84986086649;;;;
87991358532;;;;
75991574002;;;;
75991576164;;;;
83991540247;;;;
83999525050;;;;
83996623380;;;;
81971084555;;;;
79999409934;;;;
86999240007;;;;
75999405358;;;;
81995009538;;;;
81999999999;;;;
75981348882;;;;
61992143094;;;;
81999973462;;;;
85997508910;;;;
88994052644;;;;
83996859824;;;;
83999544561;;;;
85988091479;;;;
81983209530;;;;
71981767869;;;;
85988888888;;;;
88996123445;;;;
81994808587;;;;
79999865947;;;;
85986993982;;;;
81997334338;;;;
85987116680;;;;
86999984276;;;;
84991405590;;;;
77999547722;;;;
81996108260;;;;
85996052077;;;;
71991187606;;;;
75992731414;;;;
79999335567;;;;
88996368436;;;;
75991604088;;;;
87985798565;;;;
87988058401;;;;
77998377630;;;;
75997136231;;;;
75991962179;;;;
79998750387;;;;
71982035336;;;;
81998877611;;;;
84991682967;;;;
75991272569;;;;
73981115872;;;;
81998930060;;;;
86995560676;;;;
71993218871;;;;
71988336233;;;;
81999887113;;;;
77999194917;;;;
71992563777;;;;
83991043203;;;;
71984346274;;;;
85996689864;;;;
75999907111;;;;
88997851523;;;;
84987734407;;;;
82999738394;;;;
84999114245;;;;
73981251361;;;;
79996565504;;;;
71992580381;;;;
73991113176;;;;
83988873438;;;;
77999756809;;;;
83999781505;;;;
87981425000;;;;
73991934192;;;;
81989922035;;;;
71992675981;;;;
75998840650;;;;
77991796501;;;;
85998112034;;;;
71988651032;;;;
88994218435;;;;
84981446355;;;;
86994492531;;;;
85985952954;;;;
74988036299;;;;
71983662937;;;;
82999772225;;;;
71991100666;;;;
83999664306;;;;
79996260584;;;;
71991912806;;;;
79999911980;;;;
84994310316;;;;
83998441167;;;;
84988801760;;;;
71991414430;;;;
85991724224;;;;
81987751455;;;;
83999344448;;;;
81999468119;;;;
74999797767;;;;
84998649747;;;;
88998087875;;;;
82999422977;;;;
85999008207;;;;
85981903753;;;;
81996758517;;;;
77981624616;;;;
77999022467;;;;
85981018746;;;;
86999185232;;;;
88988259877;;;;
82981060964;;;;
82981060964;;;;
71988269616;;;;
71988269616;;;;
83999116611;;;;
83999116611;;;;
71991858056;;;;
71991858056;;;;
71991858056;;;;
71991858056;;;;
71991858056;;;;
71991858056;;;;
71991858056;;;;
75991880557;;;;
84999757654;;;;
84999757654;;;;
71981486527;;;;
87999448446;;;;
81993029950;;;;
71999993025;;;;
71996606096;;;;
77999364716;;;;
81988716592;;;;
81988716592;;;;
85988556211;;;;
85986736875;;;;
74999333062;;;;
83988040970;;;;
83988040970;;;;
73982403896;;;;
83996885690;;;;
83996885690;;;;
86999331508;;;;
85997188453;;;;
85986670753;;;;
85982070783;;;;
81999999999;;;;
85997095949;;;;
85997390652;;;;
71992278238;;;;
71992278238;;;;
74988572949;;;;
81987523388;;;;
85994117063;;;;
77999888539;;;;
71996842378;;;;
75992313395;;;;
75992313395;;;;
27996226551;;;;
27996226551;;;;
81994358364;;;;
74991251235;;;;
81979021387;;;;
81979021387;;;;
85999605027;;;;
79996513492;;;;
77999334257;;;;
85992447657;;;;
79999890507;;;;
41996869828;;;;
82999610205;;;;
77981547663;;;;
79999531339;;;;
84991257728;;;;
71988284780;;;;
71988284780;;;;
71999495808;;;;
71999495808;;;;
71997434622;;;;
85986646406;;;;
85987632134;;;;
73981160166;;;;
79991222552;;;;
79991222552;;;;
84997084724;;;;
84997084724;;;;
79998334615;;;;
84991328975;;;;
84991328975;;;;
81997966704;;;;
87981652234;;;;
81996019883;;;;
81996019883;;;;
81996019883;;;;
77988249220;;;;
85988547575;;;;
79999643104;;;;
81992277673;;;;
81992277673;;;;
81992277673;;;;
81992277673;;;;
83998606781;;;;
83998606781;;;;
83996212257;;;;
71984769889;;;;
87988684662;;;;
87988684662;;;;
86981317697;;;;
84999461006;;;;
85988837394;;;;
85999360058;;;;
84991924802;;;;
75991411678;;;;
41996869828;;;;
81988840221;;;;
81996099995;;;;
77999932210;;;;
77999932210;;;;
77999932210;;;;
75991928797;;;;
79999064355;;;;
85987330035;;;;
73991444507;;;;
81997035051;;;;
85999995180;;;;
85999995180;;;;
88996088991;;;;
88996088991;;;;
75998811590;;;;
75998811590;;;;
81987186067;;;;
81991041397;;;;
75991899925;;;;
83993906767;;;;
71999648880;;;;
21996391661;;;;
21996391661;;;;
21996391661;;;;
73999457814;;;;
85986200616;;;;
82999997070;;;;
71984010342;;;;
79999531339;;;;
98981120917;;;;
98981120917;;;;
84996974343;;;;
75991425311;;;;
81994787478;;;;
85999035749;;;;
85999035749;;;;
79999396486;;;;
71993032776;;;;
85999067515;;;;
85999067515;;;;
84988528746;;;;
84988528746;;;;
81988779903;;;;
81999693030;;;;
83991411199;;;;
79999960666;;;;
79981224401;;;;
85998557460;;;;
87981600887;;;;
71993247682;;;;
71993247682;;;;
71993247682;;;;
84981879820;;;;
75997156374;;;;
84988695951;;;;
79999521412;;;;
79999521412;;;;
41996869828;;;;
84991216937;;;;
84991216937;;;;
84991216937;;;;
89981325910;;;;
77999898081;;;;
77999898081;;;;
71997004896;;;;
88981861230;;;;
77998694702;;;;
81991157098;;;;
81991157098;;;;
81991157098;;;;
74999088335;;;;
86981010565;;;;
77998371738;;;;
81994079171;;;;
74999434485;;;;
86988507887;;;;
85986129431;;;;
85986129431;;;;
85986129431;;;;
85991885654;;;;
73992899455;;;;
73992899455;;;;
84991207944;;;;
84991207944;;;;
88988329610;;;;
71996299198;;;;
81991616819;;;;
71991275796;;;;
73991507691;;;;
77999710600;;;;
81998566446;;;;
81998566446;;;;
81997207000;;;;
83988840964;;;;
84987342501;;;;
75992650044;;;;
11975450917;;;;
11975450917;;;;
82996013879;;;;
84984000000;;;;
89999365908;;;;
81996469600;;;;
89994582319;;;;
31975543620;;;;
79999000000;;;;
79999000000;;;;
79999000000;;;;
79999000000;;;;
79999000000;;;;
71993097668;;;;
11991720050;;;;
71991403739;;;;
88997844535;;;;
75988224266;;;;
75991500122;;;;
75991500122;;;;
82999830658;;;;
81988840221;;;;
71992656590;;;;
86988616843;;;;
71999215398;;;;
71999215398;;;;
88999710656;;;;
81997927922;;;;
81997927922;;;;
83996256017;;;;
83996256017;;;;
84991269217;;;;
85987363644;;;;
71991280962;;;;
81996565264;;;;
81996565264;;;;
84986379567;;;;
82993630071;;;;
86981253500;;;;
86981253500;;;;
84994469167;;;;
85981331656;;;;
89994621445;;;;
84988804557;;;;
82999817930;;;;
86999071048;;;;
82991589629;;;;
82996806123;;;;
82996806123;;;;
81999394549;;;;
84994439222;;;;
73999333551;;;;
86995458393;;;;
81991616819;;;;
82999853799;;;;
85982054497;;;;
75988325069;;;;
75988325069;;;;
84987463831;;;;
84987463831;;;;
84987463831;;;;
84987463831;;;;
84987463831;;;;
81997229564;;;;
83988003358;;;;
85999861885;;;;
84988782388;;;;
84988782388;;;;
71982042412;;;;
81983412039;;;;
71991765987;;;;
84996606340;;;;
81981635517;;;;
82999804772;;;;
77981492981;;;;
82991221227;;;;
82991221227;;;;
71991089360;;;;
71986152076;;;;
84998173127;;;;
84998173127;;;;
88988232884;;;;
71991070250;;;;
85997733241;;;;
75983506233;;;;
87998083208;;;;
87998083208;;;;
71997929567;;;;
84991756945;;;;
84981202227;;;;
81993857575;;;;
81993857575;;;;
85998153742;;;;
77998553249;;;;
75991516270;;;;
82993089462;;;;
77981182389;;;;
81997098759;;;;
85999697652;;;;
87988029361;;;;
79999874454;;;;
71981692023;;;;
71981692023;;;;
71981692023;;;;
84998636036;;;;
19971057052;;;;
85987140016;;;;
81998733421;;;;
83996024384;;;;
71981207442;;;;
81999885043;;;;
81999442625;;;;
79999385585;;;;
74991989142;;;;
71991756844;;;;
74988074241;;;;
81983287162;;;;
81983287162;;;;
81983287162;;;;
81983287162;;;;
71981691023;;;;
81988828242;;;;
81998015609;;;;
79981674646;;;;
79981674646;;;;
81998983409;;;;
81998983409;;;;
85991943145;;;;
73981345322;;;;
73981345322;;;;
73981345322;;;;
71991327432;;;;
83987041694;;;;
83993377059;;;;
83993377059;;;;
83993377059;;;;
83993377059;;;;
81994011128;;;;
81994011128;;;;
85988542604;;;;
81998018591;;;;
82999836137;;;;
88996318713;;;;
85997289119;;;;
81994845228;;;;
88996772161;;;;
85999999999;;;;
75999596424;;;;
83991285171;;;;
83999856361;;;;
83999856361;;;;
83999856361;;;;
83999856361;;;;
83999856361;;;;
71993960777;;;;
87999225356;;;;
11981810032;;;;
11981810032;;;;
73991569808;;;;
8197212929;;;;
8197212929;;;;
71991213888;;;;
8692314337;;;;
8692314337;;;;
85989212822;;;;
85989212822;;;;
75991144314;;;;
75991144314;;;;
8194656333;;;;
8194656333;;;;
89994353844;;;;
82999281967;;;;
71981142010;;;;
84999146943;;;;
71996168400;;;;
85999440400;;;;
8492114949;;;;
74981345539;;;;
81999620870;;;;
79999721174;;;;
7794513104;;;;
8692199113;;;;
81911111111;;;;
84996034177;;;;
75999713261;;;;
81999555677;;;;
88992460452;;;;
86988847005;;;;
77998765137;;;;
75981348991;;;;
83998397428;;;;
71999695253;;;;
73999208686;;;;
75988227606;;;;
73999673128;;;;
75991995555;;;;
34999794459;;;;
85984048259;;;;
77999760140;;;;
75998294478;;;;
81981522303;;;;
75991151818;;;;
75981221568;;;;
84996303771;;;;
8190;;;;
79988680079;;;;
77999875196;;;;
83991262694;;;;
84998187872;;;;
83987371888;;;;
71984673077;;;;
71999125694;;;;
84994853939;;;;
85988253120;;;;
71992303466;;;;
89999881223;;;;
75991983099;;;;
75999339198;;;;
71992870491;;;;
77988379862;;;;
74999785017;;;;
85996648776;;;;
81992027612;;;;
81999488553;;;;
84999881968;;;;
77991105122;;;;
71999098320;;;;
85982239424;;;;
85987235040;;;;
81994451831;;;;
82993700828;;;;
73981033730;;;;
89994060719;;;;
71993100848;;;;
71988805281;;;;
85998540551;;;;
85981540627;;;;
84991030331;;;;
88993056227;;;;
85991567177;;;;
83999087416;;;;
77998113231;;;;
83986645633;;;;
79999162322;;;;
82988413863;;;;
71984489692;;;;
81988961525;;;;
79999734994;;;;
81985554686;;;;
84998337896;;;;
85981791777;;;;
85994450199;;;;
85985370414;;;;
81995776185;;;;
83998240500;;;;
85912345566;;;;
75991161014;;;;
77999309990;;;;
71999093201;;;;
81998053016;;;;
82996348684;;;;
86998072036;;;;
81995430454;;;;
73991374781;;;;
87999730603;;;;
73982043191;;;;
71991168933;;;;
71999778999;;;;
71987226097;;;;
73988326166;;;;
83999517535;;;;
84991748383;;;;
71991178582;;;;
85999778175;;;;
75997117699;;;;
71999090034;;;;
73998538397;;;;
71999232525;;;;
86988941381;;;;
84999393821;;;;
71996752313;;;;
87988029632;;;;
81996860963;;;;
83996460745;;;;
81981347021;;;;
81998825361;;;;
85987140037;;;;
82991369953;;;;
74988170001;;;;
85991415184;;;;
81998321221;;;;
83986512897;;;;
85992646807;;;;
85996422050;;;;
84981583824;;;;
77991084936;;;;
81999742114;;;;
85996915189;;;;
71993486304;;;;
85997942449;;;;
85997795202;;;;
86988082511;;;;
61996408888;;;;
77981151557;;;;
81999921083;;;;
81988196413;;;;
82999924535;;;;
87999176458;;;;
81991625565;;;;
81971130062;;;;
83996433322;;;;
84999241157;;;;
83993049671;;;;
75992315280;;;;
81911111111;;;;
75988383922;;;;
84999227198;;;;
73999941263;;;;
81993956788;;;;
87996593178;;;;
73999202349;;;;
88997206867;;;;
71991832577;;;;
81991629475;;;;
82982057271;;;;
81998943312;;;;
85997734230;;;;
85999994781;;;;
79999489547;;;;
81994423152;;;;
85996898444;;;;
85987648048;;;;
73999917825;;;;
81993100288;;;;
75991250598;;;;
88981751956;;;;
81999404111;;;;
75999866773;;;;
73998210042;;;;
81993363316;;;;
86999353290;;;;
73988193598;;;;
81992118441;;;;
81995421673;;;;
82999920088;;;;
87981283225;;;;
75981673743;;;;
87999811232;;;;
82991765209;;;;
87996342019;;;;
75988043939;;;;
75988484674;;;;
83991168500;;;;
73999637515;;;;
83996931454;;;;
84991763452;;;;
85999825428;;;;
81992239445;;;;
73991958765;;;;
85999567036;;;;
71996646169;;;;
81997892332;;;;
86988288675;;;;
87991015614;;;;
81998448000;;;;
84988520472;;;;
73999221211;;;;
82981888405;;;;
73981520793;;;;
81983079888;;;;
86981442176;;;;
89981179979;;;;
83988447264;;;;
77999621167;;;;
79998381616;;;;
83998448624;;;;
85996979349;;;;
81988558100;;;;
73991180993;;;;
74999834291;;;;
81991402276;;;;
83999900354;;;;
75981778237;;;;
82999055131;;;;
81998677000;;;;
79999897087;;;;
73999171799;;;;
88996212461;;;;
74988112432;;;;
86999330021;;;;
75992209809;;;;
32991982521;;;;
79999427281;;;;
81991278886;;;;
82998013944;;;;
73988474369;;;;
85987217265;;;;
71987040220;;;;
83999693932;;;;
86998252406;;;;
85997117300;;;;
81997756517;;;;
85999705581;;;;
77998108311;;;;
83998304146;;;;
81997039345;;;;
74999642806;;;;
84999337732;;;;
27999265778;;;;
79999839356;;;;
83987516684;;;;
85987878787;;;;
87999457469;;;;
77991738473;;;;
81988771886;;;;
84997021339;;;;
11979159400;;;;
85992859449;;;;
85986290392;;;;
84988748273;;;;
85987075880;;;;
71996962669;;;;
73999325836;;;;
83987266229;;;;
83996742552;;;;
86994020770;;;;
84996153038;;;;
61981797412;;;;
87988032083;;;;
85999231335;;;;
86981068383;;;;
88981316792;;;;
71988336292;;;;
85988111016;;;;
75991401869;;;;
86981644562;;;;
81987872049;;;;
73982458549;;;;
85988770390;;;;
75998692953;;;;
88996373993;;;;
82991382010;;;;
75998144079;;;;
75992203448;;;;
86999207876;;;;
81995420656;;;;
87999931391;;;;
81998320418;;;;
81997898507;;;;
45988070704;;;;
83996293090;;;;
82996498832;;;;
75999472305;;;;
85981282296;;;;
79999144164;;;;
31988893238;;;;
75988080000;;;;
71999879223;;;;
79999999999;;;;
85992083108;;;;
81991361955;;;;
75975882834;;;;
77998642046;;;;
75991996185;;;;
85992140949;;;;
81999771503;;;;
79988614041;;;;
71999075700;;;;
85998272545;;;;
71992400687;;;;
84996019836;;;;
88996973454;;;;
81979008817;;;;
87988438239;;;;
92994635952;;;;
89981255464;;;;
89981255464;;;;
81999815695;;;;
87988251015;;;;
89999840286;;;;
81983079888;;;;
27999999999;;;;
91992517475;;;;
85991997832;;;;
79991820079;;;;
81999638892;;;;
85910001000;;;;
19999284510;;;;
84991089394;;;;
88994021304;;;;
81999638892;;;;
86999069327;;;;
83993495788;;;;
86994271161;;;;
86994271161;;;;
8194310013;;;;
8194310013;;;;
8194310013;;;;
8194310013;;;;
83996087973;;;;
85998005367;;;;
85998005367;;;;
84991394760;;;;
81991250411;;;;
81999229306;;;;
81999229306;;;;
81982797786;;;;
81997018598;;;;
79999451569;;;;
81985410874;;;;
81985410874;;;;
84996774646;;;;
83981016137;;;;
75999822381;;;;
77999243350;;;;
77999243350;;;;
71988074039;;;;
83999228617;;;;
71986740378;;;;
94988115976;;;;
94988115976;;;;
89994495352;;;;
86998115500;;;;
86994355425;;;;
86994355425;;;;
88996889445;;;;
19987502679;;;;
86999189162;;;;
85989450213;;;;
85989450213;;;;
85998541169;;;;
81999768956;;;;
81999768956;;;;
81999768956;;;;
81999768956;;;;
81999768956;;;;
87988478950;;;;
87988478950;;;;
83996481360;;;;
77998446200;;;;
82999999999;;;;
88998359251;;;;
88998359251;;;;
71999267410;;;;
85991189704;;;;
61998070438;;;;
61998070438;;;;
85992597635;;;;
86981479523;;;;
83988292506;;;;
83996710044;;;;
77999305121;;;;
77999305121;;;;
71991236951;;;;
81988990609;;;;
44998262000;;;;
89981252936;;;;
74999190068;;;;
74999190068;;;;
85996975557;;;;
88997817016;;;;
73991255295;;;;
73988238797;;;;
71985199330;;;;
77998085127;;;;
88997992372;;;;
77988024247;;;;
71999565053;;;;
71999565053;;;;
83993821996;;;;
75991674266;;;;
75991674266;;;;
85988409161;;;;
82981463736;;;;
82981463736;;;;
82981463736;;;;
84994314000;;;;
83991749568;;;;
83991749568;;;;
87988246881;;;;
99999999999;;;;
99999999999;;;;
99999999999;;;;
99999999999;;;;
99999999999;;;;
99999999999;;;;
99999999999;;;;
99999999999;;;;
99999999999;;;;
99999999999;;;;
99999999999;;;;
99999999999;;;;
99999999999;;;;
81991118868;;;;
75982163333;;;;
71986049736;;;;
85999912900;;;;
71991234206;;;;
89999825736;;;;
82999330343;;;;
81992729084;;;;
81992322022;;;;
85986908926;;;;
87981407931;;;;
83998160456;;;;
87991837978;;;;
85986871162;;;;
85998811448;;;;
85998811448;;;;
86981225006;;;;
73988459690;;;;
71991165762;;;;
77999703131;;;;
75991006669;;;;
75991006669;;;;
86994216695;;;;
84996474422;;;;
75981176308;;;;
85999543632;;;;
85999543632;;;;
85999543632;;;;
85999543632;;;;
85988077137;;;;
88994665412;;;;
77991931421;;;;
77991931421;;;;
79999885380;;;;
83996745900;;;;
81997894902;;;;
82998229477;;;;
79999999999;;;;
79999999999;;;;
71991051558;;;;
84981914174;;;;
84981914174;;;;
84981914174;;;;
84981914174;;;;
84991565567;;;;
84991565567;;;;
75992092674;;;;
81982404993;;;;
85991752473;;;;
73999288311;;;;
83996923493;;;;
77988741878;;;;
77988741878;;;;
84999879385;;;;
85981187434;;;;
86999345800;;;;
82999830671;;;;
82999830671;;;;
82999830671;;;;
77988269100;;;;
79991806155;;;;
75999071869;;;;
75999071869;;;;
75983582315;;;;
71982221133;;;;
77998152557;;;;
77998152557;;;;
86998287455;;;;
81997382119;;;;
81997382119;;;;
71992359153;;;;
79999119973;;;;
71991680913;;;;
71991680913;;;;
71991680913;;;;
88999641604;;;;
88999641604;;;;
77999494502;;;;
81999760236;;;;
77999829034;;;;
77999829034;;;;
88997065413;;;;
81989959850;;;;
85996172137;;;;
85996172137;;;;
85987165221;;;;
79998242015;;;;
79998242015;;;;
71991319759;;;;
83998710669;;;;
89994050090;;;;
89994050090;;;;
83999497306;;;;
71991736857;;;;
77999906302;;;;
77999906302;;;;
77998124980;;;;
84991060976;;;;
84998403651;;;;
85998117437;;;;
85997598783;;;;
85997598783;;;;
84997006375;;;;
87988516713;;;;
79998856822;;;;
79998856822;;;;
79998856822;;;;
81997259476;;;;
71988047117;;;;
81987810385;;;;
81999999999;;;;
89994200788;;;;
89994200788;;;;
87981000231;;;;
71983607566;;;;
75991968426;;;;
84999280759;;;;
84999280759;;;;
84999280759;;;;
85999399346;;;;
79999483584;;;;
81995017678;;;;
85996641208;;;;
81998800749;;;;
71981787342;;;;
85999143919;;;;
85999143919;;;;
85989568044;;;;
85989568044;;;;
87996796654;;;;
27999080507;;;;
71999130387;;;;
71999130387;;;;
81996740854;;;;
89981379000;;;;
84996019031;;;;
84996019031;;;;
84996019031;;;;
84996019031;;;;
84996019031;;;;
84996019031;;;;
84996019031;;;;
84996019031;;;;
84996019031;;;;
84996019031;;;;
84996019031;;;;
84996019031;;;;
84996019031;;;;
84996019031;;;;
84996019031;;;;
84996019031;;;;
84996019031;;;;
84996019031;;;;
84996019031;;;;
84996019031;;;;
84996019031;;;;
84996019031;;;;
84996019031;;;;
84996019031;;;;
84996019031;;;;
84996019031;;;;
84996019031;;;;
84996019031;;;;
84996019031;;;;
84996019031;;;;
71991978838;;;;
71999017175;;;;
88997740700;;;;
88997740700;;;;
88999406130;;;;
71992262511;;;;
71992262511;;;;
86994886685;;;;
85998136317;;;;
88999033156;;;;
88999033156;;;;
88999033156;;;;
71981931207;;;;
81997470828;;;;
81997470828;;;;
81997470828;;;;
81988728624;;;;
81988728624;;;;
83986905000;;;;
85989752822;;;;
85989752822;;;;
85989752822;;;;
75981958181;;;;
75981958181;;;;
84999470300;;;;
88981306362;;;;
71982532624;;;;
73999625771;;;;
85992031717;;;;
81993724763;;;;
81984096581;;;;
81998696655;;;;
81998696655;;;;
77998405360;;;;
81996395167;;;;
79998466492;;;;
75991833746;;;;
82987483193;;;;
62996141530;;;;
77991577946;;;;
84988634243;;;;
71992677898;;;;
83986492336;;;;
82988927045;;;;
86988029222;;;;
86988029222;;;;
79998371322;;;;
85996994158;;;;
81997277080;;;;
82988012726;;;;
82996038452;;;;
82996038452;;;;
82996038452;;;;
99985260990;;;;
99985260990;;;;
83988705094;;;;
85987412322;;;;
85987412322;;;;
73991051614;;;;
73991051614;;;;
75991097263;;;;
75991097263;;;;
85998576182;;;;
71991517072;;;;
53991074008;;;;
53991074008;;;;
73998236333;;;;
77999920810;;;;
74991209233;;;;
82996001217;;;;
82996001217;;;;
84994565000;;;;
86981662828;;;;
83996559004;;;;
82999116007;;;;
73999101901;;;;
79999727200;;;;
79999727200;;;;
85999620005;;;;
77999043379;;;;
85988718906;;;;
79998086008;;;;
79998086008;;;;
71987976241;;;;
7392123953;;;;
73999197613;;;;
83998500767;;;;
71999725848;;;;
71999725848;;;;
7194505648;;;;
7194505648;;;;
71991744076;;;;
71991744076;;;;
73999197472;;;;
81999916957;;;;
83998587784;;;;
71993800121;;;;
71993800121;;;;
85994689310;;;;
77991459190;;;;
71999952617;;;;
71999952617;;;;
71999952617;;;;
82996699115;;;;
82996699115;;;;
74999213444;;;;
83986106642;;;;
73981309697;;;;
71982596049;;;;
75988513393;;;;
83981506293;;;;
85986784546;;;;
73999649960;;;;
73999649960;;;;
73999649960;;;;
75992518875;;;;
75992518875;;;;
73999859417;;;;
73999859417;;;;
86994029334;;;;
75999692205;;;;
82988706501;;;;
82988706501;;;;
75991506457;;;;
79991982013;;;;
84999999999;;;;
84999999999;;;;
86981753188;;;;
86981753188;;;;
8592871972;;;;
8592871972;;;;
88988481010;;;;
81986126525;;;;
85998144056;;;;
8195431684;;;;
8195431684;;;;
84998480418;;;;
7592214877;;;;
81996121966;;;;
81992998696;;;;
7193426876;;;;
82999212030;;;;
8195431684;;;;
81986106002;;;;
85988341342;;;;
75999166760;;;;
8392832607;;;;
85999999999;;;;
8492014500;;;;
86994939914;;;;
77988091642;;;;
7592217186;;;;
7192414385;;;;
85997516522;;;;
88999582345;;;;
71986064278;;;;
85988849998;;;;
75988230360;;;;
77998101430;;;;
71992746649;;;;
77999552811;;;;
74988381883;;;;
81987735436;;;;
75999770809;;;;
86995184101;;;;
88999009935;;;;
82999335290;;;;
85991691264;;;;
82988427269;;;;
71987883195;;;;
84999862977;;;;
73991398293;;;;
79999880164;;;;
84999721804;;;;
73999944530;;;;
84998221667;;;;
71996896201;;;;
71991391514;;;;
85996130553;;;;
73991989261;;;;
81992132628;;;;
75992270599;;;;
79999422417;;;;
84996622585;;;;
71981582090;;;;
87999208747;;;;
71999756323;;;;
89999278083;;;;
81999736415;;;;
81996266436;;;;
82999936637;;;;
87988068322;;;;
74991351633;;;;
88999030462;;;;
85999570058;;;;
83996719531;;;;
73999841714;;;;
89999302342;;;;
89994154646;;;;
75992741777;;;;
75992561176;;;;
75988193318;;;;
84999461203;;;;
81981215658;;;;
85988275399;;;;
81962693482;;;;
81988342442;;;;
83987875443;;;;
71999717041;;;;
71987655847;;;;
83999132066;;;;
79998189500;;;;
88994941907;;;;
84999300011;;;;
84999116000;;;;
86995893875;;;;
87996249900;;;;
88981378412;;;;
85999031226;;;;
84999437888;;;;
71994045741;;;;
83988049074;;;;
81999803546;;;;
71988163287;;;;
85981844799;;;;
73999621406;;;;
75988666714;;;;
79999658020;;;;
88998353250;;;;
74999484846;;;;
81984322940;;;;
83999999999;;;;
71997249096;;;;
71999714076;;;;
88997172133;;;;
81999594618;;;;
85991313029;;;;
81997244508;;;;
89981060113;;;;
75999839528;;;;
81993358175;;;;
75991585939;;;;
87998021896;;;;
73988289777;;;;
82996040372;;;;
82999477505;;;;
88999546282;;;;
71983531750;;;;
75999154408;;;;
83999343149;;;;
75991807732;;;;
85988882318;;;;
85999841570;;;;
84988495997;;;;
84988680330;;;;
85989024713;;;;
86999839597;;;;
84987359570;;;;
79996803799;;;;
84988531773;;;;
86981253929;;;;
77981600024;;;;
71992589644;;;;
86999190676;;;;
86981895639;;;;
88999997525;;;;
85991434485;;;;
84996620700;;;;
84999826909;;;;
75998461546;;;;
82981463086;;;;
71997170956;;;;
81998867742;;;;
85989553818;;;;
83996013340;;;;
73981381094;;;;
85996214279;;;;
77998502922;;;;
88994348823;;;;
71996762676;;;;
81982435035;;;;
81999670364;;;;
73982472397;;;;
81995194780;;;;
75999259134;;;;
71999003108;;;;
77991658040;;;;
81994205858;;;;
71988887131;;;;
85999472179;;;;
79999923865;;;;
83996451963;;;;
85994506060;;;;
84991356781;;;;
85999854303;;;;
75988578622;;;;
77999819922;;;;
71988887860;;;;
73991804436;;;;
82996031986;;;;
81982170340;;;;
83988363046;;;;
81992267996;;;;
73999781334;;;;
77999502099;;;;
84999406271;;;;
71999347597;;;;
89981252530;;;;
83999880042;;;;
79981201292;;;;
81999495191;;;;
89994155675;;;;
71993052007;;;;
71999897554;;;;
85991468277;;;;
85999251055;;;;
84996341032;;;;
77999710336;;;;
77981269732;;;;
73998516630;;;;
85991851808;;;;
86994123232;;;;
79998321034;;;;
85986573757;;;;
66999941002;;;;
88997179278;;;;
85988955279;;;;
61996299700;;;;
61996299700;;;;
61996299700;;;;
61981791991;;;;
79999766452;;;;
81996205876;;;;
88988185607;;;;
77998431002;;;;
81992885779;;;;
71992089846;;;;
81991943989;;;;
71999885745;;;;
73999448058;;;;
88997085910;;;;
87988437729;;;;
83991110331;;;;
83996774685;;;;
83987407253;;;;
88996558826;;;;
87981043324;;;;
75988670399;;;;
81999832142;;;;
75999873984;;;;
75999104530;;;;
71991019646;;;;
88996156617;;;;
83996204995;;;;
88996454221;;;;
81985110680;;;;
89994095591;;;;
86999217405;;;;
84996580708;;;;
73991979518;;;;
86998625334;;;;
88994482740;;;;
71988292619;;;;
77999710175;;;;
77998461676;;;;
71999674601;;;;
85991092132;;;;
71981510627;;;;
79996364138;;;;
85988381404;;;;
83986905387;;;;
88996358828;;;;
88996144566;;;;
86999425482;;;;
77991151777;;;;
84996715100;;;;
83986201234;;;;
88999212294;;;;
85988995588;;;;
85989665413;;;;
88997207823;;;;
75998708863;;;;
75998494949;;;;
71993402310;;;;
83999217840;;;;
85987815086;;;;
81991478888;;;;
77988386977;;;;
85987978757;;;;
84999313545;;;;
85998271010;;;;
83987855600;;;;
73991910409;;;;
19998161526;;;;
75988487472;;;;
85996808852;;;;
83998859439;;;;
79996764033;;;;
81988472023;;;;
75988881114;;;;
83986244883;;;;
79988187524;;;;
71992429888;;;;
83996698023;;;;
73999483381;;;;
89988177578;;;;
71992193997;;;;
83988487077;;;;
88992575771;;;;
82988094242;;;;
81991829751;;;;
71987310145;;;;
82999545368;;;;
87996404423;;;;
84996433298;;;;
85999618354;;;;
85999922064;;;;
81999291717;;;;
82993213455;;;;
73991428741;;;;
85987194477;;;;
86998220836;;;;
86988017140;;;;
71992220991;;;;
84988757357;;;;
87999147377;;;;
81987182576;;;;
85999988357;;;;
74991373644;;;;
81999567918;;;;
77991713180;;;;
74981037695;;;;
85988773605;;;;
85989024713;;;;
81982018326;;;;
81998276143;;;;
73981753507;;;;
74999989462;;;;
84998943984;;;;
71984296160;;;;
85996983223;;;;
87988101300;;;;
81992142659;;;;
88981354745;;;;
71991382058;;;;
83981222726;;;;
83987590095;;;;
61996299700;;;;
61996299700;;;;
84998344772;;;;
86999302410;;;;
54981457169;;;;
85988522602;;;;
84999759661;;;;
81984796158;;;;
85981802570;;;;
87996218985;;;;
71996606449;;;;
85987738494;;;;
81992775251;;;;
81992885779;;;;
61996299700;;;;
61996299700;;;;
81998106843;;;;
77981015445;;;;
77981252786;;;;
81971215808;;;;
87999725111;;;;
83987406689;;;;
16999999999;;;;
11964008089;;;;
81981850458;;;;
81999999999;;;;
98984234043;;;;
71991897824;;;;
82999992522;;;;
84999863366;;;;
84988842258;;;;
85986906118;;;;
71999558416;;;;
71999558416;;;;
71999656829;;;;
88981246730;;;;
88998430182;;;;
85992019785;;;;
85992019785;;;;
85992019785;;;;
83996918395;;;;
84999876221;;;;
74981047278;;;;
85996341417;;;;
84994613308;;;;
71985066218;;;;
79996444691;;;;
79996444691;;;;
86999966363;;;;
71988010466;;;;
71988010466;;;;
88993388366;;;;
85991655104;;;;
75998648845;;;;
81999723064;;;;
81999723064;;;;
85996441800;;;;
85996441800;;;;
86998407655;;;;
86998407655;;;;
77988442055;;;;
79991718803;;;;
79991718803;;;;
71992262847;;;;
71986940776;;;;
83988784974;;;;
75981825072;;;;
85981052121;;;;
85999394444;;;;
82981128088;;;;
41996869828;;;;
71992870740;;;;
71991964550;;;;
73982122442;;;;
75999581806;;;;
82981522233;;;;
82981522233;;;;
82981522233;;;;
86999830027;;;;
86999830027;;;;
86999830027;;;;
74999779554;;;;
74999779554;;;;
85987454677;;;;
85992505151;;;;
75998380052;;;;
81996670047;;;;
82999130626;;;;
82999999999;;;;
79981268275;;;;
79981268275;;;;
81988003186;;;;
75991772684;;;;
11993370110;;;;
11993370110;;;;
11993370110;;;;
11993370110;;;;
11993370110;;;;
74988527395;;;;
74988527395;;;;
81999794718;;;;
71992262847;;;;
77999852002;;;;
71992949141;;;;
71992949141;;;;
86998067878;;;;
82993461419;;;;
71983523551;;;;
85981159144;;;;
84996666644;;;;
84996666644;;;;
88998422829;;;;
88998422829;;;;
85987429610;;;;
61982311506;;;;
61982311506;;;;
61982311506;;;;
61982311506;;;;
61982311506;;;;
61982311506;;;;
61982311506;;;;
61982311506;;;;
61982311506;;;;
85999741209;;;;
73999697927;;;;
73998072185;;;;
85999215551;;;;
81998816121;;;;
83987863738;;;;
81987268256;;;;
85996944896;;;;
79981040428;;;;
84994280808;;;;
84991078056;;;;
71991044907;;;;
81994517058;;;;
73998220196;;;;
71991291814;;;;
71991291814;;;;
71991291814;;;;
85983037993;;;;
82981231912;;;;
82981231912;;;;
85988809388;;;;
77998622236;;;;
77998622236;;;;
85986918240;;;;
73999815999;;;;
73999815999;;;;
85997662936;;;;
75992293372;;;;
82982285406;;;;
84991315623;;;;
85986084102;;;;
85994057908;;;;
77998408782;;;;
84999031920;;;;
84999031920;;;;
84999031920;;;;
86999438180;;;;
71982694233;;;;
82996969735;;;;
85991477500;;;;
83986530451;;;;
82996009863;;;;
82996009863;;;;
81979152844;;;;
21967556118;;;;
82991811101;;;;
86999515290;;;;
71991759574;;;;
71991759574;;;;
77998322870;;;;
81998066093;;;;
81998066093;;;;
86998635202;;;;
86994772820;;;;
71985201971;;;;
77981062224;;;;
84987137766;;;;
81998625591;;;;
81998625591;;;;
74999610068;;;;
87998203086;;;;
75999535788;;;;
75999535788;;;;
75981170335;;;;
75981170335;;;;
75998330369;;;;
88988468828;;;;
81999999999;;;;
81999999999;;;;
81999999999;;;;
74988254448;;;;
86998132096;;;;
85986208846;;;;
85986208846;;;;
81995924113;;;;
83988026056;;;;
83988026056;;;;
73999238649;;;;
8590;;;;
83988213952;;;;
81997980266;;;;
84999522327;;;;
71999238492;;;;
85996666698;;;;
86981911513;;;;
73998138576;;;;
73998138576;;;;
11997257144;;;;
81999619850;;;;
71991608813;;;;
71999051862;;;;
86999146297;;;;
86999146297;;;;
86999146297;;;;
11973223500;;;;
11973223500;;;;
85992733505;;;;
85992733505;;;;
15981111717;;;;
81999624501;;;;
77988280894;;;;
74981041083;;;;
81999164144;;;;
77999958464;;;;
88997427888;;;;
88997427888;;;;
88997427888;;;;
81988869880;;;;
81988869880;;;;
81995962551;;;;
41996869828;;;;
77999764407;;;;
77999764407;;;;
77999764407;;;;
85981083329;;;;
88999612000;;;;
85986762661;;;;
75991265911;;;;
81999999999;;;;
82996519911;;;;
81982350070;;;;
79999515972;;;;
79999515972;;;;
79999515972;;;;
79999515972;;;;
88981895148;;;;
81999868737;;;;
81992006785;;;;
75999129233;;;;
81991616819;;;;
82998006000;;;;
83999975566;;;;
11995088013;;;;
8491393949;;;;
81995265376;;;;
86981141050;;;;
77991346277;;;;
28981142178;;;;
28981142178;;;;
75982813671;;;;
85988337423;;;;
85988337423;;;;
74999626679;;;;
74999626679;;;;
71996439591;;;;
88981129159;;;;
83999751099;;;;
83999751099;;;;
83999751099;;;;
86981885493;;;;
85994325142;;;;
77991682390;;;;
75991358986;;;;
75991358986;;;;
11910756254;;;;
11910756254;;;;
81991683672;;;;
84999867129;;;;
71981617872;;;;
75992234952;;;;
85991997832;;;;
71992939638;;;;
75999010145;;;;
88992113621;;;;
79991376962;;;;
61986643860;;;;
61986643860;;;;
61986643860;;;;
81999688640;;;;
81997250033;;;;
84998412245;;;;
81981921894;;;;
81998826544;;;;
88993572974;;;;
83996110529;;;;
71991277061;;;;
11997392846;;;;
11997392846;;;;
83991920660;;;;
79998086632;;;;
83996950392;;;;
83996950392;;;;
13991209487;;;;
13991209487;;;;
13991209487;;;;
85996767510;;;;
75981183535;;;;
85999223206;;;;
81999739408;;;;
81999739408;;;;
81999739408;;;;
81999739408;;;;
71999923100;;;;
85996635130;;;;
84999194648;;;;
85994008438;;;;
79998869079;;;;
81999999999;;;;
83991392250;;;;
85991267799;;;;
88988387109;;;;
88988387109;;;;
88988387109;;;;
88988387109;;;;
81984251317;;;;
85997690228;;;;
77999282556;;;;
71981315215;;;;
71981315215;;;;
87988563495;;;;
32999632611;;;;
32999632611;;;;
32999632611;;;;
32999632611;;;;
32999632611;;;;
32999632611;;;;
32999632611;;;;
32999632611;;;;
32999632611;;;;
71999262936;;;;
81992787698;;;;
84999111822;;;;
21981366527;;;;
86999576733;;;;
81994608282;;;;
85997191097;;;;
82996475595;;;;
83999736579;;;;
75991544923;;;;
75991544923;;;;
82911111111;;;;
82911111111;;;;
81998745621;;;;
85987064262;;;;
88994305911;;;;
75991505435;;;;
75991505435;;;;
83982199192;;;;
83982199192;;;;
83982199192;;;;
83982199192;;;;
71991177928;;;;
85996919369;;;;
85996919369;;;;
73999896448;;;;
81997927922;;;;
62981452316;;;;
85989624267;;;;
83993102948;;;;
84996776265;;;;
87988028683;;;;
87988028683;;;;
85991768213;;;;
51998793179;;;;
51998793179;;;;
79991225651;;;;
86994572283;;;;
83988168920;;;;
83988168920;;;;
71991236148;;;;
84999286445;;;;
11998176056;;;;
81994166908;;;;
71999999999;;;;
84996471978;;;;
11986622546;;;;
73991321546;;;;
71999680233;;;;
83988539791;;;;
83993869090;;;;
83993869090;;;;
73999176442;;;;
88999983383;;;;
81989829691;;;;
71992076205;;;;
73991417222;;;;
73991417222;;;;
73991417222;;;;
73991417222;;;;
73991417222;;;;
73991417222;;;;
73991417222;;;;
77988157088;;;;
73998299288;;;;
11971146549;;;;
85997547012;;;;
85997547012;;;;
79999789895;;;;
79999789895;;;;
88981399493;;;;
81995388848;;;;
75991221516;;;;
81984249695;;;;
88997193460;;;;
88997193460;;;;
27999700610;;;;
83991264647;;;;
83991264647;;;;
83991264647;;;;
79988872096;;;;
79981147567;;;;
87996058048;;;;
81982556030;;;;
81982556030;;;;
73999112213;;;;
81999605912;;;;
81999605912;;;;
33999816372;;;;
44991227427;;;;
44991227427;;;;
81985655083;;;;
71982463921;;;;
85991837156;;;;
71982123980;;;;
81982683451;;;;
33987494949;;;;
85986071588;;;;
85996602057;;;;
85996602057;;;;
81982411766;;;;
79996617700;;;;
81983387392;;;;
71991047136;;;;
81992545449;;;;
73981272194;;;;
8699742442;;;;
8699742442;;;;
84994313878;;;;
85999680063;;;;
77998388474;;;;
77998388474;;;;
8192214281;;;;
8192214281;;;;
8192214281;;;;
71985124613;;;;
8493282898;;;;
71991150427;;;;
85988778682;;;;
7193261944;;;;
71988816777;;;;
82999681598;;;;
7193911030;;;;
8499838427;;;;
8194287278;;;;
85981037752;;;;
83988670008;;;;
83988162216;;;;
82993211891;;;;
84999327912;;;;
7794442589;;;;
7192678385;;;;
85988595046;;;;
71996319011;;;;
85999921300;;;;
8692332628;;;;
82999323488;;;;
11999730421;;;;
83999212614;;;;
71991324769;;;;
73999940243;;;;
73981752007;;;;
83981966082;;;;
79999723874;;;;
71991295141;;;;
77999547878;;;;
81999646622;;;;
88996166680;;;;
81991872668;;;;
82991046988;;;;
79999595727;;;;
71991691676;;;;
84999947510;;;;
85991016901;;;;
85991140037;;;;
77999093600;;;;
71992406538;;;;
77991182254;;;;
81989015560;;;;
83988006118;;;;
71999264339;;;;
75991431005;;;;
84996484222;;;;
88999521080;;;;
86999905395;;;;
79998261265;;;;
83999791005;;;;
83999116596;;;;
88981084335;;;;
75999150761;;;;
85982023022;;;;
85999886832;;;;
71992494848;;;;
77988415556;;;;
85988403238;;;;
75991063807;;;;
73999639009;;;;
71993869874;;;;
79998725799;;;;
85988076649;;;;
75999135274;;;;
84994279553;;;;
86994850051;;;;
83996228684;;;;
85910000000;;;;
83996478697;;;;
71991156777;;;;
84987238504;;;;
81997585823;;;;
79999860507;;;;
75982003829;;;;
89994536195;;;;
81995652166;;;;
83987108980;;;;
84996672831;;;;
86998329572;;;;
75988639153;;;;
85981350535;;;;
89988177610;;;;
79999917789;;;;
85986993114;;;;
81988150525;;;;
83988054041;;;;
11970403733;;;;
73999244635;;;;
85987039491;;;;
82999953571;;;;
84988848624;;;;
71986314767;;;;
81998403982;;;;
73991864812;;;;
84999708284;;;;
85986020434;;;;
81911111111;;;;
79998685986;;;;
88998087171;;;;
81998147363;;;;
81998024950;;;;
83991123849;;;;
84999086761;;;;
85987868217;;;;
84999430052;;;;
85987278837;;;;
71991148967;;;;
82998444949;;;;
82996747969;;;;
79981410886;;;;
81997214643;;;;
82999480406;;;;
82991115626;;;;
82996601233;;;;
82988783351;;;;
77988573153;;;;
75988083044;;;;
89981085458;;;;
84991920508;;;;
71996647755;;;;
83996442287;;;;
81992783715;;;;
81996636144;;;;
79999711540;;;;
73999134047;;;;
77999252133;;;;
81999816088;;;;
83999936723;;;;
84999522795;;;;
86999980018;;;;
81998732504;;;;
75988331758;;;;
81997520028;;;;
71993193703;;;;
86994664042;;;;
88997358405;;;;
77992111911;;;;
75988235888;;;;
77981320106;;;;
77988432395;;;;
71999713394;;;;
81996946289;;;;
86994313174;;;;
83988050600;;;;
85987610781;;;;
79999542517;;;;
85996027669;;;;
83986143201;;;;
81993060350;;;;
71991238106;;;;
85997734749;;;;
75988043939;;;;
85988191133;;;;
83988740000;;;;
87992434004;;;;
89988126544;;;;
71987309935;;;;
83996150300;;;;
81986152411;;;;
85999770377;;;;
77999883928;;;;
87991810401;;;;
71991433064;;;;
81997524890;;;;
83996383932;;;;
84999895964;;;;
86988674903;;;;
75981446360;;;;
71996231041;;;;
85988226080;;;;
83993467547;;;;
81987527477;;;;
86994147292;;;;
71988410996;;;;
84996562888;;;;
73991720582;;;;
86999305480;;;;
74981238526;;;;
85998418074;;;;
86999047963;;;;
85986964440;;;;
71999201266;;;;
86994294718;;;;
73999426376;;;;
88999951516;;;;
87996013786;;;;
75981788176;;;;
77991923348;;;;
77999750407;;;;
82999385185;;;;
85988963232;;;;
73981782073;;;;
83988710702;;;;
83988138451;;;;
83996515555;;;;
71999640426;;;;
77998121438;;;;
84981620055;;;;
79999217825;;;;
81996603092;;;;
73999448385;;;;
74988614004;;;;
71999132626;;;;
88999550503;;;;
71996602505;;;;
71988886611;;;;
82999207240;;;;
85997222019;;;;
84981127981;;;;
77981433482;;;;
84999847899;;;;
89999260920;;;;
86994827747;;;;
85996306211;;;;
83993130911;;;;
81996163173;;;;
79988078342;;;;
86994455793;;;;
79998998711;;;;
73988851715;;;;
82999930860;;;;
84991361977;;;;
85998210492;;;;
81991112738;;;;
86999608123;;;;
77999374530;;;;
85999267899;;;;
85999560309;;;;
81999368544;;;;
83998948288;;;;
75992312023;;;;
81996396713;;;;
71987082213;;;;
81998419268;;;;
85999565949;;;;
83988141790;;;;
86999022764;;;;
81982685674;;;;
73999853401;;;;
84987340423;;;;
85997628456;;;;
81987345572;;;;
71997360203;;;;
74988614004;;;;
85987007334;;;;
83986309438;;;;
71991240856;;;;
83988302175;;;;
79981096425;;;;
75999725343;;;;
82996235449;;;;
83991441766;;;;
81981988743;;;;
79999422130;;;;
75971237330;;;;
88997725604;;;;
81999985294;;;;
71996221161;;;;
83987585016;;;;
85988900373;;;;
82987092960;;;;
77999209191;;;;
75992315798;;;;
79999431516;;;;
71999017231;;;;
86994099040;;;;
85999738886;;;;
85996253665;;;;
71982967109;;;;
79999739903;;;;
81996064704;;;;
74999344196;;;;
73982353773;;;;
85996088158;;;;
85981817282;;;;
71999724748;;;;
77999553258;;;;
84994519031;;;;
84994786984;;;;
85988751834;;;;
83996825739;;;;
75999665693;;;;
85988993133;;;;
73999069600;;;;
86994545930;;;;
85981346908;;;;
83999125500;;;;
81997168502;;;;
79996126464;;;;
75992279681;;;;
84988036616;;;;
84999425060;;;;
89999740353;;;;
71991208539;;;;
85999186353;;;;
83996066644;;;;
73988645252;;;;
82998033504;;;;
77998609450;;;;
75982079336;;;;
82999215429;;;;
75991417595;;;;
79998056260;;;;
73981111883;;;;
84991049962;;;;
85987731000;;;;
84999301008;;;;
85987670666;;;;
84992640849;;;;
81983031926;;;;
83986622733;;;;
85989474180;;;;
85994461022;;;;
85988349241;;;;
82987490116;;;;
11970403733;;;;
22997514218;;;;
81986363650;;;;
27998467991;;;;
77988015738;;;;
79999379944;;;;
75992993138;;;;
75992993138;;;;
83988508451;;;;
83988508451;;;;
83988508451;;;;
83988508451;;;;
83988508451;;;;
83988508451;;;;
71992891814;;;;
77988179200;;;;
77988179200;;;;
83996553827;;;;
71991296624;;;;
75991501508;;;;
82996885778;;;;
88996749371;;;;
11993210160;;;;
11993210160;;;;
79996900510;;;;
71996751536;;;;
41996721251;;;;
41996721251;;;;
84988481534;;;;
84988481534;;;;
84999203362;;;;
85996958766;;;;
73991525509;;;;
81995452373;;;;
71999102525;;;;
81997833342;;;;
82981594323;;;;
85986092572;;;;
86999743464;;;;
77999620333;;;;
73988239960;;;;
73988239960;;;;
73988239960;;;;
75999582397;;;;
85988112041;;;;
73998393561;;;;
83988638476;;;;
84999858164;;;;
81997863540;;;;
75991407171;;;;
81998800749;;;;
81998800749;;;;
85999056042;;;;
77998015112;;;;
85987920992;;;;
86981931891;;;;
86981931891;;;;
77999225153;;;;
74999331602;;;;
84991565567;;;;
84991565567;;;;
82991166739;;;;
85999629359;;;;
85999629359;;;;
81998950030;;;;
82981554648;;;;
79988685623;;;;
85987224021;;;;
71982602623;;;;
71982602623;;;;
84998155276;;;;
84998155276;;;;
84998155276;;;;
81995211801;;;;
84996713725;;;;
81989354782;;;;
71999663742;;;;
85988267777;;;;
85988267777;;;;
85988267777;;;;
83987415085;;;;
71981828557;;;;
88981444593;;;;
81992914188;;;;
85996180007;;;;
85996180007;;;;
85996180007;;;;
85996180007;;;;
85996180007;;;;
77998049329;;;;
87998100794;;;;
87998100794;;;;
84999061650;;;;
84996300810;;;;
89999916759;;;;
77998703218;;;;
83987703091;;;;
83987703091;;;;
79998389344;;;;
73999844468;;;;
75988375004;;;;
77999146400;;;;
77999146400;;;;
85988537863;;;;
71999450480;;;;
19997042212;;;;
89999916759;;;;
85996253636;;;;
88992268148;;;;
88992268148;;;;
82982245776;;;;
82982245776;;;;
73988538808;;;;
84996003090;;;;
83996310390;;;;
86999429335;;;;
85992200542;;;;
79999201990;;;;
71996855990;;;;
82999141010;;;;
75982202532;;;;
85986966308;;;;
85997160770;;;;
85997160770;;;;
85997160770;;;;
85997160770;;;;
85997160770;;;;
85997160770;;;;
73991595576;;;;
88999090602;;;;
83999992754;;;;
83999992754;;;;
83991182759;;;;
75991142236;;;;
88993483095;;;;
73981686216;;;;
41996869828;;;;
87991330803;;;;
84988964094;;;;
84996460050;;;;
84996460050;;;;
84996460050;;;;
84996460050;;;;
84996460050;;;;
85998201866;;;;
88981210606;;;;
88999635086;;;;
89981156881;;;;
85994318622;;;;
85994318622;;;;
87998866365;;;;
71981931207;;;;
71992245311;;;;
86981901213;;;;
71987107668;;;;
75999023315;;;;
82987614324;;;;
89981102130;;;;
84998309544;;;;
84998309544;;;;
88981406367;;;;
85982003006;;;;
84999199025;;;;
81996911301;;;;
71991037379;;;;
85999496672;;;;
79981691690;;;;
81998112423;;;;
81998112423;;;;
85997615359;;;;
83996016730;;;;
81988544215;;;;
74988372236;;;;
87988696319;;;;
85987371296;;;;
74999390391;;;;
74999390391;;;;
85989447061;;;;
85989447061;;;;
85999999999;;;;
62996704902;;;;
82988201360;;;;
82988201360;;;;
85981144249;;;;
85981144249;;;;
83987705020;;;;
84999148584;;;;
86994794907;;;;
86994794907;;;;
86994794907;;;;
81982777015;;;;
84987184039;;;;
73991568000;;;;
89981347983;;;;
75999358346;;;;
81992458046;;;;
68992192849;;;;
73991438470;;;;
77998596807;;;;
85987554089;;;;
83986188074;;;;
85988412202;;;;
85991376926;;;;
73988454812;;;;
87999661924;;;;
41999788014;;;;
73988880697;;;;
71996653446;;;;
85999777695;;;;
83996249111;;;;
83996249111;;;;
71984000330;;;;
84996811461;;;;
81999999999;;;;
83988890960;;;;
86994282657;;;;
86994282657;;;;
86994282657;;;;
86994282657;;;;
85996596593;;;;
71981503717;;;;
71999477439;;;;
71999477439;;;;
71999477439;;;;
71999477439;;;;
85986499201;;;;
84986692370;;;;
71999017734;;;;
85987414680;;;;
87999039159;;;;
87999039159;;;;
87981677347;;;;
86998060483;;;;
71992999999;;;;
81987788547;;;;
85996785556;;;;
89981142635;;;;
89981142635;;;;
89981142635;;;;
81988356018;;;;
84987050946;;;;
84987050946;;;;
71988045428;;;;
85987330669;;;;
85987330669;;;;
77999524480;;;;
77999524480;;;;
71992273787;;;;
73991958190;;;;
82999111318;;;;
81998825706;;;;
33988748284;;;;
87999453555;;;;
87999453555;;;;
84999857820;;;;
84999513257;;;;
88999718502;;;;
74999452066;;;;
85986683276;;;;
8496613888;;;;
82988936910;;;;
82988936910;;;;
77981065611;;;;
81994066293;;;;
85987553329;;;;
85981777661;;;;
86999567035;;;;
71996267688;;;;
71991331232;;;;
71991331232;;;;
85991438871;;;;
85991438871;;;;
85991438871;;;;
85991438871;;;;
85982023022;;;;
81985925408;;;;
83996737268;;;;
79999304680;;;;
84996395422;;;;
71992862770;;;;
71992862770;;;;
81986630058;;;;
86994805628;;;;
85988356964;;;;
79998595001;;;;
81992281164;;;;
81992281164;;;;
88981525773;;;;
75998611222;;;;
75999338835;;;;
86994083175;;;;
75999131829;;;;
85992898435;;;;
75988993292;;;;
81981642507;;;;
84981911007;;;;
84981911007;;;;
81999041766;;;;
71999999999;;;;
81987330600;;;;
71991113893;;;;
77991742267;;;;
74998094788;;;;
89994214292;;;;
81997502147;;;;
87999165667;;;;
81992555715;;;;
81992555715;;;;
73991812288;;;;
81999999999;;;;
81999999999;;;;
87988060664;;;;
81992956343;;;;
82994331897;;;;
81981897002;;;;
82981165797;;;;
79999187831;;;;
81998766607;;;;
85988484761;;;;
85999828812;;;;
7193227149;;;;
7193227149;;;;
86999770670;;;;
86999770670;;;;
79981662389;;;;
79991319776;;;;
79991319776;;;;
83999712474;;;;
83999712474;;;;
83991251084;;;;
83991251084;;;;
82981840064;;;;
8293591104;;;;
71988858224;;;;
87999200000;;;;
75982370360;;;;
8594971035;;;;
7193220451;;;;
8493161166;;;;
7596232693;;;;
88981245206;;;;
73999866575;;;;
7196252138;;;;
86998539696;;;;
86988811908;;;;
71996128879;;;;
8492713905;;;;
88999955251;;;;
83981052525;;;;
85987599347;;;;
73999934769;;;;
71982316913;;;;
8492930220;;;;
8492341945;;;;
86998130981;;;;
81988103554;;;;
81991115670;;;;
85987550279;;;;
85988445503;;;;
71991163045;;;;
7994311713;;;;
73991265915;;;;
61999743525;;;;
73999290311;;;;
85996069153;;;;
77988391441;;;;
81999267474;;;;
81991668820;;;;
86999812189;;;;
84996190390;;;;
75991469596;;;;
79999980325;;;;
81992572053;;;;
85988938339;;;;
74999631053;;;;
73991132705;;;;
84996967788;;;;
81997436880;;;;
73988536804;;;;
81911111111;;;;
81986385730;;;;
75991944566;;;;
85985751881;;;;
71999749797;;;;
84987629358;;;;
85991110703;;;;
75992562211;;;;
71991810441;;;;
75981619979;;;;
85991487237;;;;
75998010931;;;;
84998198262;;;;
85988040050;;;;
82911111111;;;;
81988891767;;;;
86994476963;;;;
83988275324;;;;
79981014984;;;;
73988082458;;;;
21972243653;;;;
81992062421;;;;
71999655330;;;;
81996332237;;;;
83996226438;;;;
85997046497;;;;
81988481091;;;;
85999814463;;;;
81996360010;;;;
84987032400;;;;
85994059949;;;;
75991254044;;;;
81991324664;;;;
71988427256;;;;
75998000162;;;;
86999261869;;;;
73988044782;;;;
79998417814;;;;
85992597635;;;;
48991206969;;;;
84999147595;;;;
85999890359;;;;
71988240015;;;;
75982698790;;;;
71991916247;;;;
83988170828;;;;
88996164663;;;;
83993325990;;;;
88996172550;;;;
75981894486;;;;
71987170999;;;;
75991353275;;;;
81993400473;;;;
81991621145;;;;
85989271640;;;;
85999991317;;;;
62996161006;;;;
81996190897;;;;
84998890900;;;;
86995951528;;;;
83991978129;;;;
85991368139;;;;
83988888836;;;;
81993788887;;;;
83988104159;;;;
11992562301;;;;
85987198765;;;;
75992223347;;;;
82993731506;;;;
73988745214;;;;
79999626559;;;;
85999858412;;;;
81999878731;;;;
84998526812;;;;
81998131632;;;;
82996540101;;;;
71999017279;;;;
85996262304;;;;
86988570514;;;;
83981661137;;;;
84981719179;;;;
73999919293;;;;
75988412271;;;;
77999727133;;;;
84996533796;;;;
88981975853;;;;
75999219495;;;;
75992284010;;;;
84987117564;;;;
85988500746;;;;
88998311422;;;;
77991786535;;;;
81998196665;;;;
81999987268;;;;
71991822534;;;;
85991757820;;;;
77999322337;;;;
75999105421;;;;
81998151979;;;;
77999496023;;;;
79981338217;;;;
83993478212;;;;
84999381281;;;;
85991762978;;;;
81984835714;;;;
81995177014;;;;
84999150157;;;;
83991673333;;;;
82999368710;;;;
71988294314;;;;
73998611812;;;;
85989753333;;;;
82992115650;;;;
83998918217;;;;
85986989444;;;;
74988120630;;;;
82999340834;;;;
75992026586;;;;
85991696092;;;;
85996034525;;;;
79999441040;;;;
71991082437;;;;
71987850045;;;;
81988553110;;;;
71993580393;;;;
85991967008;;;;
81987888788;;;;
85998801879;;;;
75983249970;;;;
86999481758;;;;
75998663809;;;;
84994930098;;;;
83988828367;;;;
85997663591;;;;
81999075884;;;;
77981046122;;;;
73991912124;;;;
84998436447;;;;
83993022837;;;;
86999999015;;;;
81987421132;;;;
77999686064;;;;
74999436030;;;;
83981834630;;;;
84991116837;;;;
84988604010;;;;
81987151913;;;;
73999325850;;;;
77988152020;;;;
81999206000;;;;
73981010522;;;;
81987112514;;;;
85996274021;;;;
82996516966;;;;
81997345324;;;;
83987605782;;;;
73999968888;;;;
81984694873;;;;
85999115161;;;;
71991701238;;;;
84991264361;;;;
75991070613;;;;
79999578926;;;;
85981265095;;;;
85982257169;;;;
85988922868;;;;
81988146869;;;;
85999428290;;;;
77997012466;;;;
79998721566;;;;
73991073507;;;;
77988294260;;;;
85985614442;;;;
84999284984;;;;
81992236377;;;;
89981134147;;;;
71991941601;;;;
75988179342;;;;
73998129911;;;;
77999711878;;;;
81999606921;;;;
71987517237;;;;
82998130802;;;;
81985133528;;;;
88992434866;;;;
81985227283;;;;
77988299011;;;;
71991620052;;;;
71991448261;;;;
84988155145;;;;
75991553350;;;;
85987011566;;;;
77999785060;;;;
75999297890;;;;
88988463990;;;;
85998759879;;;;
85987640003;;;;
84994094012;;;;
77999461275;;;;
87996461861;;;;
83988729699;;;;
71981059636;;;;
71991700009;;;;
81997906234;;;;
88992163523;;;;
71999205434;;;;
75992214442;;;;
83987405526;;;;
79996502996;;;;
81996571798;;;;
77998237591;;;;
77981633004;;;;
75999999999;;;;
85999848549;;;;
73999635406;;;;
84998177104;;;;
81998653508;;;;
83996171792;;;;
86995534048;;;;
75981084284;;;;
86999303763;;;;
77988241396;;;;
75981123266;;;;
87999612379;;;;
83999844140;;;;
77981165035;;;;
83993980358;;;;
81996218244;;;;
71992192626;;;;
83988816604;;;;
77999506391;;;;
83998229700;;;;
74999210000;;;;
88998734030;;;;
75992719290;;;;
81997423333;;;;
31999934001;;;;
73991507899;;;;
85998521240;;;;
83988690577;;;;
85991311660;;;;
74991614238;;;;
73988274115;;;;
81989196929;;;;
77999071232;;;;
71999813501;;;;
84999143166;;;;
84996216085;;;;
86981829972;;;;
67991563084;;;;
74999590073;;;;
75998404540;;;;
83991743471;;;;
84987148241;;;;
88997708139;;;;
71981812429;;;;
82996454953;;;;
82999027541;;;;
89994460141;;;;
75991031099;;;;
33988248684;;;;
85997745152;;;;
71996546401;;;;
75999018835;;;;
79991700431;;;;
77999766945;;;;
83991325553;;;;
99988496184;;;;
82999815018;;;;
87991901630;;;;
73999851929;;;;
81991389530;;;;
73998340115;;;;
81999464261;;;;
86999278840;;;;
81991831337;;;;
79998491177;;;;
75981632201;;;;
77999515001;;;;
75991006488;;;;
85991938060;;;;
81981141127;;;;
84981807109;;;;
81996980036;;;;
11987999472;;;;
74988225287;;;;
81991351201;;;;
83987534194;;;;
83987534194;;;;
83987534194;;;;
83987534194;;;;
83987534194;;;;
83987534194;;;;
21980888323;;;;
21980888323;;;;
83993363232;;;;
77981411592;;;;
77999341336;;;;
83988484166;;;;
85991453232;;;;
85991453232;;;;
85991453232;;;;
73991281835;;;;
85997226267;;;;
85997226267;;;;
85997226267;;;;
86998109264;;;;
86998109264;;;;
82999884139;;;;
81999730240;;;;
71981098033;;;;
71981098033;;;;
71991818182;;;;
82996363452;;;;
74999445122;;;;
77988753553;;;;
77988753553;;;;
81999462371;;;;
81999462371;;;;
86999848769;;;;
73991683453;;;;
73991683453;;;;
87999486996;;;;
81997549078;;;;
81997549078;;;;
88996661994;;;;
88996661994;;;;
87999881499;;;;
83993907782;;;;
88996238900;;;;
75988050607;;;;
84996979418;;;;
81999999999;;;;
85989568044;;;;
85989568044;;;;
71997081710;;;;
71986947305;;;;
71986947305;;;;
82996410309;;;;
82996410309;;;;
84997039198;;;;
84997039198;;;;
73999551700;;;;
73999551700;;;;
83991886041;;;;
11992342479;;;;
83993897693;;;;
81995023809;;;;
11982919143;;;;
11982919143;;;;
11982919143;;;;
85982187266;;;;
85996619884;;;;
77999622542;;;;
77999622542;;;;
83981016612;;;;
74991342762;;;;
83998898119;;;;
87999963226;;;;
81997166979;;;;
75983389784;;;;
81979037633;;;;
81979037633;;;;
81979037633;;;;
81979037633;;;;
31973095754;;;;
71981549616;;;;
86994990578;;;;
81994904006;;;;
81981275705;;;;
88997169236;;;;
85998250773;;;;
82991240179;;;;
82991240179;;;;
83991621224;;;;
82999315757;;;;
84993753830;;;;
81997477144;;;;
62993076812;;;;
62993076812;;;;
77991144880;;;;
88999367161;;;;
85996982725;;;;
85996982725;;;;
73991162507;;;;
73991162507;;;;
21969840028;;;;
77998168698;;;;
71993532976;;;;
84991355120;;;;
79998735276;;;;
79998735276;;;;
81988026792;;;;
88999657953;;;;
88988841145;;;;
82996417573;;;;
82996417573;;;;
71999856256;;;;
11982177754;;;;
81979164710;;;;
71981548955;;;;
84994024409;;;;
71999782739;;;;
71999782739;;;;
71999782739;;;;
84996177195;;;;
73991946137;;;;
73991946137;;;;
73991946137;;;;
73991946137;;;;
85988157500;;;;
74991100066;;;;
88999422218;;;;
79999798481;;;;
82981480480;;;;
82981480480;;;;
71981115048;;;;
31991631908;;;;
31991631908;;;;
31991631908;;;;
75991862244;;;;
75991862244;;;;
71992296768;;;;
85988193034;;;;
85992808911;;;;
85985186915;;;;
81997685282;;;;
81997685282;;;;
79991024845;;;;
79991024845;;;;
88997113942;;;;
88997113942;;;;
88997738650;;;;
88997738650;;;;
84996827847;;;;
84987239717;;;;
81997588018;;;;
87999594156;;;;
71999889876;;;;
82982153927;;;;
83988991029;;;;
82996331922;;;;
86999578951;;;;
71997150539;;;;
71997150539;;;;
86999260649;;;;
86999260649;;;;
85997749958;;;;
84996568634;;;;
71999882543;;;;
74991416013;;;;
74991416013;;;;
77991956507;;;;
75999653165;;;;
81979139595;;;;
81987921531;;;;
88996006775;;;;
85988741000;;;;
71987178193;;;;
79991916622;;;;
87988736889;;;;
87988736889;;;;
21965619659;;;;
71981931207;;;;
71985546694;;;;
85992005289;;;;
85999974790;;;;
85991429335;;;;
85991429335;;;;
85991429335;;;;
88999065983;;;;
73988108340;;;;
79991691354;;;;
83999404058;;;;
83999404058;;;;
89994462008;;;;
75991091300;;;;
81986418516;;;;
41997880145;;;;
81982534968;;;;
85988936223;;;;
81911111111;;;;
79998350403;;;;
79998350403;;;;
79998350403;;;;
85992533790;;;;
82996589185;;;;
73982117335;;;;
85981474308;;;;
85981474308;;;;
81999104450;;;;
81999104450;;;;
81998521234;;;;
81998521234;;;;
87991429829;;;;
74999556585;;;;
71996142920;;;;
81995659952;;;;
71981751539;;;;
84991872066;;;;
84987672007;;;;
84987672007;;;;
85999833783;;;;
75992180242;;;;
75992180242;;;;
81999812796;;;;
81999812796;;;;
81999812796;;;;
71981010181;;;;
79998991518;;;;
71999124901;;;;
81973026746;;;;
77999711600;;;;
77999711600;;;;
83996508060;;;;
81996892329;;;;
81996892329;;;;
81996892329;;;;
87996123722;;;;
81984484885;;;;
81984484885;;;;
81997133519;;;;
81997133519;;;;
74999725362;;;;
81983598355;;;;
79991391060;;;;
81997135897;;;;
83998500486;;;;
81996363000;;;;
74999850623;;;;
87991260790;;;;
87991260790;;;;
79999408660;;;;
86998607066;;;;
86998607066;;;;
86998607066;;;;
82981125532;;;;
82981125532;;;;
85997347870;;;;
85997347870;;;;
11995070236;;;;
86994547007;;;;
75983025457;;;;
88998158138;;;;
88998158138;;;;
84991345800;;;;
81999423061;;;;
85991520579;;;;
85996612005;;;;
81995943433;;;;
81995943433;;;;
81992659375;;;;
81992659375;;;;
71983132062;;;;
71981941543;;;;
71981941543;;;;
81987612486;;;;
81999288711;;;;
81999288711;;;;
79999010481;;;;
83999900721;;;;
83996692013;;;;
88999829105;;;;
81997126666;;;;
79996331429;;;;
82988666662;;;;
77999106863;;;;
75992845728;;;;
77998508663;;;;
81999900000;;;;
81999900000;;;;
81999900000;;;;
81999900000;;;;
81999900000;;;;
75999368825;;;;
83996331783;;;;
86998109804;;;;
86998109804;;;;
73999454533;;;;
71991041972;;;;
85996850530;;;;
41997880145;;;;
82999108184;;;;
85988559964;;;;
84996905781;;;;
75982212158;;;;
75982212158;;;;
75982212158;;;;
75982212158;;;;
82996246223;;;;
87996472092;;;;
71996705959;;;;
71996705959;;;;
84991711936;;;;
86994283154;;;;
22998814909;;;;
71985330777;;;;
88981987397;;;;
83999979805;;;;
83999979805;;;;
85985233280;;;;
81994700680;;;;
75999553956;;;;
71981495580;;;;
85988214437;;;;
85988214437;;;;
7193963030;;;;
7193963030;;;;
8197214340;;;;
8197214340;;;;
8692226262;;;;
8692226262;;;;
8392220865;;;;
83988018397;;;;
83988018397;;;;
77999402245;;;;
77999402245;;;;
88981817078;;;;
85981784347;;;;
84988059916;;;;
84988059916;;;;
73999501653;;;;
88988222982;;;;
74981311509;;;;
74981311509;;;;
85981907920;;;;
82999997161;;;;
81981187618;;;;
77988047115;;;;
81998971007;;;;
77981112808;;;;
85996017902;;;;
8194310230;;;;
8194310230;;;;
84987378581;;;;
7594223378;;;;
81996362016;;;;
71999610911;;;;
71999610911;;;;
71999610911;;;;
71999836010;;;;
71999836010;;;;
75981278004;;;;
82981119255;;;;
8399849980;;;;
8399849980;;;;
82996662882;;;;
81991986512;;;;
71999743077;;;;
71999743077;;;;
71999743077;;;;
83987078541;;;;
8592671560;;;;
79998244062;;;;
85999602468;;;;
81993186796;;;;
85988658361;;;;
75988420860;;;;
84988898669;;;;
83988448420;;;;
81988144787;;;;
88999670650;;;;
71992128993;;;;
8393754015;;;;
88981317074;;;;
75991133740;;;;
81987711888;;;;
71992020464;;;;
75981458022;;;;
77988455522;;;;
89994255481;;;;
27999864226;;;;
71996711868;;;;
82999700747;;;;
71999119138;;;;
77999968040;;;;
88988380129;;;;
85999816886;;;;
86999776881;;;;
62996207445;;;;
84987548015;;;;
77981573275;;;;
86994556777;;;;
85985326710;;;;
81992794605;;;;
75999987051;;;;
75999987051;;;;
71996887734;;;;
85987617332;;;;
83991047393;;;;
77999909006;;;;
81988668797;;;;
84987167403;;;;
85998009594;;;;
75988322292;;;;
73991421884;;;;
85992683428;;;;
71991798281;;;;
82999855963;;;;
82993062194;;;;
77999149613;;;;
75988020571;;;;
81995015186;;;;
81985515757;;;;
88981027441;;;;
83987135980;;;;
75998024878;;;;
81981010306;;;;
85981253645;;;;
86994826477;;;;
77999961864;;;;
85997433942;;;;
86994963595;;;;
85991108008;;;;
82988234995;;;;
86995566886;;;;
86988229324;;;;
79991406767;;;;
85982080280;;;;
81999999888;;;;
75981162017;;;;
84998184659;;;;
81996337463;;;;
82998295609;;;;
75991762202;;;;
84999101244;;;;
84997102338;;;;
88988143595;;;;
84988538141;;;;
79996458030;;;;
81994974851;;;;
85981714521;;;;
86988011005;;;;
81994217864;;;;
71992326128;;;;
71981713491;;;;
71982660840;;;;
73998191240;;;;
85986163953;;;;
71999818633;;;;
81997927586;;;;
81996735396;;;;
89981333193;;;;
83987585658;;;;
87999167366;;;;
79999113349;;;;
77991640651;;;;
81985006980;;;;
81986222685;;;;
83987874444;;;;
89999780757;;;;
83999747602;;;;
84999031893;;;;
75991343160;;;;
79991894621;;;;
73999898870;;;;
86999117071;;;;
81997438710;;;;
73999619738;;;;
79988221611;;;;
85998182073;;;;
81988788888;;;;
81987354447;;;;
86981910007;;;;
71982743052;;;;
81999751799;;;;
86981799878;;;;
71991952211;;;;
83996348762;;;;
81987334271;;;;
79996477135;;;;
86981130101;;;;
85989570114;;;;
71999190123;;;;
85998190225;;;;
81992520995;;;;
84999843203;;;;
79999420882;;;;
71999175380;;;;
81997494140;;;;
82998230449;;;;
85999948038;;;;
86999480653;;;;
71999563187;;;;
81988352319;;;;
81999046140;;;;
82999716846;;;;
77991999050;;;;
85988882489;;;;
73991056302;;;;
88996020004;;;;
86981657619;;;;
71991101456;;;;
88988577777;;;;
79999778418;;;;
71987020240;;;;
88997561325;;;;
82988618881;;;;
77999091321;;;;
73988347818;;;;
85988096924;;;;
81994091643;;;;
81981751884;;;;
75983733361;;;;
85999816171;;;;
82993442295;;;;
75981200866;;;;
86995790159;;;;
87981048260;;;;
84994587320;;;;
85998588317;;;;
85987772505;;;;
85986124066;;;;
88999977788;;;;
75991282358;;;;
81988330996;;;;
79999999999;;;;
86994162022;;;;
79998118777;;;;
73988987039;;;;
77999702008;;;;
89999722942;;;;
75992313533;;;;
75998571240;;;;
82996961422;;;;
85997231087;;;;
75999934020;;;;
85996084593;;;;
82988173612;;;;
85988426865;;;;
77992108080;;;;
81987495945;;;;
71988305229;;;;
83987120164;;;;
87996023448;;;;
87991098353;;;;
85996698834;;;;
74988331183;;;;
84999843811;;;;
71991065876;;;;
88994965596;;;;
79998343112;;;;
84998483589;;;;
71986305440;;;;
75999208375;;;;
81998020953;;;;
84988630695;;;;
81996149212;;;;
81997740077;;;;
31992000914;;;;
83999811256;;;;
77992127479;;;;
75992408681;;;;
84999320302;;;;
82991548666;;;;
73999451613;;;;
79999734089;;;;
83988558640;;;;
82999256145;;;;
74988589151;;;;
84996218970;;;;
85988881790;;;;
77998146807;;;;
81999907952;;;;
85991032849;;;;
85987113700;;;;
75999629350;;;;
75999959930;;;;
71992696413;;;;
27988858561;;;;
83986620409;;;;
83996614365;;;;
81988278244;;;;
81999728773;;;;
82981378198;;;;
89994391023;;;;
73988588462;;;;
82993252864;;;;
85993157714;;;;
88999274725;;;;
85982249735;;;;
81984665596;;;;
81999990542;;;;
74988248963;;;;
85999539368;;;;
87999771521;;;;
73998403700;;;;
82987419591;;;;
83988089461;;;;
84999830524;;;;
81999437463;;;;
85996446111;;;;
71993008303;;;;
71991468998;;;;
85998258318;;;;
71991908191;;;;
85999010358;;;;
79996062789;;;;
74988149763;;;;
77988020002;;;;
79991377362;;;;
83996020020;;;;
89981007006;;;;
81995956135;;;;
81997371583;;;;
81999734709;;;;
83999966611;;;;
73988719165;;;;
86999192315;;;;
71999600000;;;;
75991404444;;;;
83991466842;;;;
83987090054;;;;
83987803299;;;;
83999999959;;;;
85994287440;;;;
81997943973;;;;
71981462158;;;;
81997653458;;;;
85999269907;;;;
83987379213;;;;
84987493010;;;;
75999669697;;;;
77999235314;;;;
79998634430;;;;
88997296130;;;;
77981019462;;;;
81998930060;;;;
88992130042;;;;
81991594670;;;;
83987854238;;;;
84988778595;;;;
79999962703;;;;
71987462063;;;;
84991272648;;;;
81982620138;;;;
84998989214;;;;
82998869222;;;;
81999299129;;;;
83987318243;;;;
71982087300;;;;
85997639550;;;;
81997088954;;;;
81998044849;;;;
82994070160;;;;
73999050012;;;;
75991923333;;;;
71999706699;;;;
83987735611;;;;
74988114653;;;;
88996121370;;;;
85999481353;;;;
75998118647;;;;
82999885444;;;;
81991221015;;;;
84999640648;;;;
88997185522;;;;
83986408081;;;;
84999821937;;;;
71999644058;;;;
71992281809;;;;
84991562233;;;;
81987151550;;;;
82996004053;;;;
86981954916;;;;
85988423803;;;;
11976859685;;;;
81986888888;;;;
79988692525;;;;
81996150480;;;;
88996542442;;;;
11964054533;;;;
71996449638;;;;
81988098326;;;;
82981080505;;;;
79999401895;;;;
75999108595;;;;
88981036804;;;;
85992587889;;;;
81995015186;;;;
77991596997;;;;
85999099354;;;;
84996536760;;;;
83998226824;;;;
82996362676;;;;
84991299635;;;;
89994179595;;;;
88988130895;;;;
71999757179;;;;
75981233129;;;;
84988077315;;;;
71996178111;;;;
81999999999;;;;
83988504710;;;;
88988122376;;;;
79991894621;;;;
75997106585;;;;
79999302223;;;;
81973330050;;;;
79981186465;;;;
79981186465;;;;
88996274345;;;;
82991411123;;;;
84991251196;;;;
84991251196;;;;
84991251196;;;;
81982523806;;;;
82994123557;;;;
79999249455;;;;
86981736252;;;;
82988991822;;;;
84999666664;;;;
11998710777;;;;
71991293503;;;;
71997190910;;;;
74999409782;;;;
81911111111;;;;
71987796541;;;;
75999474380;;;;
82987069116;;;;
85999091772;;;;
77999699473;;;;
71999281636;;;;
79999118100;;;;
71987686404;;;;
71993884879;;;;
89981070232;;;;
82996754282;;;;
77999381876;;;;
86999671270;;;;
86999671270;;;;
86999671270;;;;
85991361445;;;;
71988441796;;;;
83993056981;;;;
88981440281;;;;
82991012000;;;;
87998033462;;;;
79998010914;;;;
73988244309;;;;
83996100964;;;;
83996784264;;;;
83996784264;;;;
85988942304;;;;
85991609999;;;;
85991609999;;;;
85992346729;;;;
85992346729;;;;
73981430569;;;;
73981430569;;;;
73981430569;;;;
83991887585;;;;
84981615624;;;;
71999650390;;;;
71999650390;;;;
73998729184;;;;
85996716844;;;;
81998996615;;;;
74999933719;;;;
71982255555;;;;
74981235897;;;;
74999940466;;;;
74999940466;;;;
82996199714;;;;
84991858648;;;;
84991858648;;;;
84987615138;;;;
71988719643;;;;
71988719643;;;;
77981395266;;;;
82988450322;;;;
82988450322;;;;
73998541556;;;;
61999405601;;;;
81981651115;;;;
81981651115;;;;
83992665009;;;;
71993071444;;;;
75982098777;;;;
75982098777;;;;
71991415740;;;;
71991846535;;;;
71991846535;;;;
82994024336;;;;
82994024336;;;;
82981337891;;;;
71983491218;;;;
71983491218;;;;
71981236893;;;;
71992066457;;;;
84996248704;;;;
81989005384;;;;
74999995492;;;;
75999437923;;;;
79998351650;;;;
84996039066;;;;
84996039066;;;;
71996418780;;;;
71999595979;;;;
85996315517;;;;
83999836251;;;;
83999836251;;;;
85988480723;;;;
84991129382;;;;
83991391285;;;;
81997511696;;;;
81997511696;;;;
71999229801;;;;
71993870700;;;;
71991755676;;;;
71991755676;;;;
71991755676;;;;
71991755676;;;;
75983405666;;;;
75983405666;;;;
84981346600;;;;
84981346600;;;;
71982656838;;;;
71988639821;;;;
81999481999;;;;
81999481999;;;;
82981094206;;;;
77999898081;;;;
86994681258;;;;
86994681258;;;;
84996329796;;;;
84996329796;;;;
85986174917;;;;
89994027443;;;;
89994027443;;;;
85991450341;;;;
81984591257;;;;
86999526047;;;;
87988783808;;;;
75992114881;;;;
71994075139;;;;
71994075139;;;;
81993845409;;;;
74999114157;;;;
81999949891;;;;
84994859102;;;;
71994040301;;;;
77999506390;;;;
71999398591;;;;
92994404532;;;;
85981477570;;;;
71986497646;;;;
83998021918;;;;
83999461279;;;;
75988574484;;;;
75988574484;;;;
77999762713;;;;
82996828897;;;;
73998701114;;;;
81999170994;;;;
75991092592;;;;
84996840452;;;;
77999925481;;;;
75982437085;;;;
81997737119;;;;
85996363310;;;;
85992709848;;;;
71986027460;;;;
71986027460;;;;
71981931207;;;;
85988040953;;;;
84998530608;;;;
81999000000;;;;
81999000000;;;;
81999000000;;;;
81999000000;;;;
81999000000;;;;
84991322181;;;;
75991649588;;;;
75991649588;;;;
75998107937;;;;
86999848528;;;;
84986655057;;;;
71999726888;;;;
71999726888;;;;
81981078727;;;;
81981078727;;;;
81981078727;;;;
71995168581;;;;
88998554193;;;;
21999552408;;;;
19988483943;;;;
85998856739;;;;
81999999999;;;;
81999999999;;;;
81981858080;;;;
81981858080;;;;
81996262040;;;;
88981975496;;;;
75999557357;;;;
82998395709;;;;
86988812165;;;;
86988812165;;;;
86995392586;;;;
89988212775;;;;
77981631026;;;;
86981841883;;;;
79999778387;;;;
71983622481;;;;
71999943820;;;;
71988001613;;;;
71988001613;;;;
71988001613;;;;
75981502869;;;;
71997001924;;;;
85991140522;;;;
37999165561;;;;
89994053154;;;;
74999194731;;;;
85999970123;;;;
77999472838;;;;
75982763003;;;;
82998372276;;;;
85999874343;;;;
71987742127;;;;
85996230636;;;;
83996360576;;;;
87998093414;;;;
81999263436;;;;
82988621973;;;;
85988888888;;;;
85988888888;;;;
85988888888;;;;
77999166643;;;;
11995053411;;;;
88981114312;;;;
84981134584;;;;
71999995862;;;;
75992082165;;;;
75991216060;;;;
87996791933;;;;
79999061791;;;;
85998065625;;;;
81986488621;;;;
93991845099;;;;
93991845099;;;;
93991845099;;;;
84996220000;;;;
75991269639;;;;
75991269639;;;;
71988745813;;;;
71999999999;;;;
85996592670;;;;
77999213039;;;;
87999204265;;;;
77988053333;;;;
83987788034;;;;
85992528115;;;;
79991121019;;;;
85982252451;;;;
85982252451;;;;
85982252451;;;;
83981533721;;;;
81997400580;;;;
81998411877;;;;
81998411877;;;;
85987053038;;;;
88996704423;;;;
86994539367;;;;
86994539367;;;;
88993312513;;;;
83988581383;;;;
83988581383;;;;
73991820879;;;;
81997705057;;;;
82996235731;;;;
81984639390;;;;
81991890651;;;;
81991890651;;;;
81991890651;;;;
87988888888;;;;
31994796022;;;;
79981662742;;;;
71996686128;;;;
71999558855;;;;
74999161062;;;;
74999161062;;;;
85985269707;;;;
88997508580;;;;
81996659064;;;;
89994576735;;;;
11988334130;;;;
85986339337;;;;
85986339337;;;;
81986139082;;;;
33989494994;;;;
83999115327;;;;
83999115327;;;;
73999671419;;;;
75988357773;;;;
85999052975;;;;
77999017800;;;;
77999017800;;;;
81982469708;;;;
85999837152;;;;
81998779147;;;;
83996615859;;;;
73991341884;;;;
73991341884;;;;
88999580857;;;;
88999580857;;;;
87996035324;;;;
89981248756;;;;
85981426977;;;;
79998278046;;;;
13996325584;;;;
81989800834;;;;
86999819585;;;;
77999762713;;;;
77999762713;;;;
77999762713;;;;
7192189152;;;;
7192189152;;;;
81971122728;;;;
85991852868;;;;
85991852868;;;;
8394572737;;;;
8394572737;;;;
81987817675;;;;
86988481014;;;;
75999928150;;;;
75999928150;;;;
83999196016;;;;
83999196016;;;;
75998010731;;;;
7992115556;;;;
7992115556;;;;
84999620393;;;;
81999366754;;;;
11979560440;;;;
83993194319;;;;
8197312076;;;;
7995221182;;;;
81997934646;;;;
88997720605;;;;
83999215352;;;;
73999610360;;;;
7992221108;;;;
8493612623;;;;
75991102030;;;;
83987585055;;;;
7192438222;;;;
11979560440;;;;
71996378273;;;;
86994611077;;;;
71987216047;;;;
85987234102;;;;
73999999239;;;;
71999302313;;;;
85988785945;;;;
8592534455;;;;
82981342939;;;;
88997681117;;;;
79999742021;;;;
71996179600;;;;
79991218036;;;;
81988144856;;;;
71991910300;;;;
86999971221;;;;
71988448403;;;;
84988895979;;;;
84987149255;;;;
71991890454;;;;
81984159014;;;;
84999280261;;;;
83988420092;;;;
83991557711;;;;
71999841554;;;;
77999607901;;;;
71996699891;;;;
84999889640;;;;
77988542369;;;;
81996047197;;;;
84998191174;;;;
81998366800;;;;
88999220082;;;;
88999791280;;;;
75992316042;;;;
85997475947;;;;
82999959397;;;;
82993282966;;;;
33999208955;;;;
79988073112;;;;
75981110535;;;;
77999716953;;;;
81998990907;;;;
81988972031;;;;
87988623200;;;;
79999999004;;;;
84991949771;;;;
83986534039;;;;
81992647849;;;;
79999287627;;;;
73981448141;;;;
81996009682;;;;
81999871000;;;;
82987281425;;;;
88996079161;;;;
79999822728;;;;
77981621073;;;;
83981487894;;;;
77999064046;;;;
88999697716;;;;
88981510690;;;;
79999440315;;;;
75999270401;;;;
71991611883;;;;
74999761836;;;;
82999815598;;;;
85999279502;;;;
77999292977;;;;
83996675014;;;;
86999406370;;;;
83988415706;;;;
71982265262;;;;
74981207692;;;;
74988253925;;;;
85987013571;;;;
83999226163;;;;
81996485706;;;;
81999775581;;;;
73988383430;;;;
85999716126;;;;
89999099767;;;;
87988041115;;;;
85988768001;;;;
71999630732;;;;
87999277040;;;;
81999612996;;;;
84998788413;;;;
74981225682;;;;
71996070548;;;;
75991576419;;;;
77988542369;;;;
82999203081;;;;
73998522495;;;;
75991620030;;;;
88996452761;;;;
81991965668;;;;
83987470950;;;;
77991838505;;;;
73999781059;;;;
71999448434;;;;
86994293273;;;;
74988126476;;;;
71983936024;;;;
79999559530;;;;
71999107057;;;;
88999229496;;;;
88997968059;;;;
86999514030;;;;
79991176146;;;;
73991711965;;;;
87988438970;;;;
81996360415;;;;
88996525778;;;;
88999561586;;;;
71992536870;;;;
81985441028;;;;
83987981587;;;;
71991770311;;;;
71993069023;;;;
71991587537;;;;
83991223595;;;;
71999990099;;;;
79998819382;;;;
71999378272;;;;
86988441637;;;;
86999668983;;;;
71988992075;;;;
81981257930;;;;
82981568444;;;;
79998022320;;;;
85999266807;;;;
88992085371;;;;
81998997196;;;;
86999722366;;;;
85991853537;;;;
83996515826;;;;
75991850896;;;;
81974002801;;;;
81993879073;;;;
71992670026;;;;
82987113050;;;;
79998111698;;;;
74991913336;;;;
79998874420;;;;
81987721436;;;;
41996869828;;;;
71982416950;;;;
79999348980;;;;
73999863841;;;;
82987570003;;;;
89994090998;;;;
81999772322;;;;
75981208773;;;;
86999478933;;;;
84996069913;;;;
83988284323;;;;
85997734843;;;;
81999612163;;;;
81989569564;;;;
85986327337;;;;
88981312247;;;;
81999881307;;;;
86994577750;;;;
83988314406;;;;
41996869828;;;;
81995314195;;;;
77998143682;;;;
73981733709;;;;
81989118467;;;;
84986337395;;;;
75992291116;;;;
77998159269;;;;
71981105432;;;;
88997878976;;;;
85999885393;;;;
82999590210;;;;
75981742822;;;;
81999596414;;;;
71991086182;;;;
77991554222;;;;
71999990933;;;;
79999798542;;;;
79981243931;;;;
74988421444;;;;
81998903251;;;;
77999810863;;;;
82999318447;;;;
99991101275;;;;
81981971231;;;;
81989069894;;;;
89988254733;;;;
77988146735;;;;
71991788278;;;;
81998567475;;;;
77999761981;;;;
88992314565;;;;
79999393794;;;;
83991260070;;;;
88992438695;;;;
82999050227;;;;
77999112241;;;;
73991522634;;;;
83996840033;;;;
81992062421;;;;
84999380010;;;;
81995134088;;;;
82988815609;;;;
85988251693;;;;
85986813141;;;;
75981873159;;;;
85987770807;;;;
84981256632;;;;
85996286009;;;;
81988888888;;;;
71999967837;;;;
88999561199;;;;
82999830706;;;;
81987481718;;;;
82996463901;;;;
71982812123;;;;
81988141399;;;;
81999387533;;;;
86995032522;;;;
85999822001;;;;
71992492977;;;;
89994666969;;;;
81985926858;;;;
79999796493;;;;
84999878009;;;;
71991873840;;;;
85998956321;;;;
85992532887;;;;
79999797007;;;;
81981785443;;;;
82999724565;;;;
84981410408;;;;
87996508634;;;;
79991138334;;;;
85991400481;;;;
83999658577;;;;
81998018931;;;;
83998829538;;;;
73998197475;;;;
88988682104;;;;
84988998055;;;;
71981828387;;;;
79998638472;;;;
71985285326;;;;
85987446277;;;;
75982296565;;;;
82988055363;;;;
82999587579;;;;
82982000085;;;;
89981155658;;;;
73981092475;;;;
77991654615;;;;
85986818328;;;;
79999940819;;;;
79999750014;;;;
86994275737;;;;
71999423833;;;;
88996283496;;;;
88981265674;;;;
71982197820;;;;
81991149790;;;;
75988974327;;;;
84988762474;;;;
77999921919;;;;
86994489563;;;;
84999520052;;;;
85988223770;;;;
83987612483;;;;
74998094788;;;;
11994302815;;;;
88999903058;;;;
79999348980;;;;
79991465055;;;;
81989125774;;;;
84991573261;;;;
73998615327;;;;
82993319936;;;;
88981033559;;;;
88994234155;;;;
71993659269;;;;
75987020059;;;;
77998806112;;;;
83987101075;;;;
82996338785;;;;
82996338785;;;;
75999463881;;;;
75981855256;;;;
71987394662;;;;
71987394662;;;;
71999475085;;;;
71991009160;;;;
71991009160;;;;
83981886283;;;;
83981886283;;;;
83981886283;;;;
54996998655;;;;
81999250619;;;;
73991230026;;;;
73991230026;;;;
81984873797;;;;
71993853943;;;;
71993853943;;;;
71993853943;;;;
71993853943;;;;
81982765978;;;;
81982765978;;;;
83999732464;;;;
62996617168;;;;
62993176070;;;;
75991138124;;;;
87988212969;;;;
73991254804;;;;
84999850623;;;;
71985457054;;;;
77999446203;;;;
81989097818;;;;
81989097818;;;;
86995739574;;;;
48988173308;;;;
48988173308;;;;
48988173308;;;;
71996178031;;;;
77988027330;;;;
77988027330;;;;
75999678519;;;;
83986332779;;;;
83986332779;;;;
79999404531;;;;
81973043306;;;;
75981275301;;;;
85996136114;;;;
85988272810;;;;
71996989139;;;;
86999823792;;;;
86999823792;;;;
86999823792;;;;
75982182810;;;;
71986556921;;;;
79999439209;;;;
82996113723;;;;
84996719567;;;;
83981402180;;;;
81997785698;;;;
74988343459;;;;
38999082062;;;;
75981733619;;;;
83988266185;;;;
83988266185;;;;
83996765959;;;;
71992682224;;;;
73999824050;;;;
71991709776;;;;
41996869828;;;;
85999060330;;;;
85999060330;;;;
73999317848;;;;
85985931501;;;;
81981474327;;;;
85981020033;;;;
71991686816;;;;
84999923633;;;;
81994902073;;;;
81994902073;;;;
73999717677;;;;
71981867549;;;;
71981867549;;;;
73999960309;;;;
73999960309;;;;
73999960309;;;;
89994260410;;;;
21964278433;;;;
74998119274;;;;
85996428313;;;;
85992530221;;;;
86994582006;;;;
88981027027;;;;
74988627413;;;;
73988396809;;;;
81971215808;;;;
77998411268;;;;
17986709051;;;;
17986709051;;;;
71997376927;;;;
83986389729;;;;
83986389729;;;;
83988281211;;;;
75991087086;;;;
41991196255;;;;
41991196255;;;;
71991368283;;;;
74999826692;;;;
84999576747;;;;
71992195923;;;;
77999283522;;;;
75992541707;;;;
81999606843;;;;
85987782009;;;;
81991772787;;;;
83981996033;;;;
81983004677;;;;
81997224763;;;;
86994446894;;;;
81998888888;;;;
71996208567;;;;
71996208567;;;;
71999055728;;;;
82999159298;;;;
83998294610;;;;
85981301982;;;;
85981301982;;;;
88981148880;;;;
81999989203;;;;
81999989203;;;;
81999989203;;;;
81999989203;;;;
81999989203;;;;
81999989203;;;;
85988058778;;;;
82994354212;;;;
82994354212;;;;
79981110799;;;;
79981110799;;;;
8590;;;;
8590;;;;
73988284115;;;;
73988284115;;;;
81971215808;;;;
71988145879;;;;
81996755837;;;;
75997070854;;;;
84999045520;;;;
77999842983;;;;
71991039617;;;;
84999077919;;;;
86988552076;;;;
86988552076;;;;
84988778036;;;;
85996144344;;;;
82994349440;;;;
85999826782;;;;
87999160096;;;;
84998549698;;;;
84998549698;;;;
86994660863;;;;
71999046999;;;;
71997249889;;;;
83999136660;;;;
74991074731;;;;
87996031142;;;;
83998673080;;;;
81996659332;;;;
81996659332;;;;
83991331165;;;;
41996869828;;;;
84991262630;;;;
85996060970;;;;
85996060970;;;;
83988922120;;;;
41996869828;;;;
75982204975;;;;
75982204975;;;;
83988270209;;;;
75991929674;;;;
75991929674;;;;
84987188141;;;;
88999337642;;;;
83999892844;;;;
82991656291;;;;
11991873598;;;;
54999298013;;;;
85991362179;;;;
81998906606;;;;
81998906606;;;;
33991218844;;;;
88988478957;;;;
85985331251;;;;
85985331251;;;;
84981630270;;;;
84981630270;;;;
77981000063;;;;
71999130977;;;;
81999912460;;;;
71999887451;;;;
75991907635;;;;
81997120095;;;;
87988447980;;;;
87988447980;;;;
88992755445;;;;
81992158472;;;;
74988039314;;;;
74988039314;;;;
74988039314;;;;
85999990354;;;;
85994382667;;;;
84991024835;;;;
82999270580;;;;
85999999999;;;;
81998708077;;;;
81998708077;;;;
81998708077;;;;
74999151951;;;;
11977115105;;;;
85982337423;;;;
85987363644;;;;
86999081040;;;;
73991512072;;;;
84991279384;;;;
84987624274;;;;
85991894444;;;;
85982110438;;;;
77999279164;;;;
77999753035;;;;
77999753035;;;;
84998299057;;;;
85987593761;;;;
84992016840;;;;
79998288785;;;;
75981744212;;;;
88999180948;;;;
71983721919;;;;
71983721919;;;;
85994334403;;;;
51984248842;;;;
71996729796;;;;
86994757202;;;;
82993360545;;;;
85981858583;;;;
85981031106;;;;
88981502305;;;;
79999424631;;;;
11969006950;;;;
83996108450;;;;
83996108450;;;;
81986399284;;;;
86999745252;;;;
73991009041;;;;
85991211021;;;;
87991522797;;;;
79998280220;;;;
85997067552;;;;
85997067552;;;;
85999646828;;;;
86988101799;;;;
86988101799;;;;
86988101799;;;;
73991086658;;;;
81973305197;;;;
87991022073;;;;
79981552442;;;;
77999334400;;;;
77999334400;;;;
11981946155;;;;
85991995653;;;;
85991995653;;;;
85991995653;;;;
85991995653;;;;
11999923962;;;;
85991537934;;;;
81999421897;;;;
81998983409;;;;
81998983409;;;;
88981153076;;;;
88993599865;;;;
81991645937;;;;
81991645937;;;;
88997717425;;;;
88997717425;;;;
83981265651;;;;
77998514300;;;;
83981241277;;;;
83981241277;;;;
85982299999;;;;
85999877280;;;;
82991832138;;;;
82991832138;;;;
82991832138;;;;
81986392240;;;;
81986392240;;;;
81986392240;;;;
84998029838;;;;
82996395137;;;;
81999731175;;;;
81999731175;;;;
85985363750;;;;
85985363750;;;;
83998342589;;;;
7193268257;;;;
7193268257;;;;
7193268257;;;;
7193268257;;;;
7193268257;;;;
7193268257;;;;
7193268257;;;;
7193268257;;;;
7193268257;;;;
7193268257;;;;
7193268257;;;;
7193268257;;;;
7193268257;;;;
7193268257;;;;
7193268257;;;;
7193268257;;;;
7193268257;;;;
7193268257;;;;
7193268257;;;;
7193268257;;;;
7193268257;;;;
7193268257;;;;
7193268257;;;;
7193268257;;;;
7193268257;;;;
7193268257;;;;
7193268257;;;;
7193268257;;;;
7193268257;;;;
7193268257;;;;
7193268257;;;;
7193268257;;;;
7193268257;;;;
7193268257;;;;
7193268257;;;;
7193268257;;;;
7193268257;;;;
8692142241;;;;
8692142241;;;;
8692142241;;;;
8692142241;;;;
8692142241;;;;
8692142241;;;;
8692142241;;;;
89999933642;;;;
84987015296;;;;
71984370278;;;;
81998808031;;;;
85994441207;;;;
86999820602;;;;
86999820602;;;;
88996223357;;;;
88996223357;;;;
85999951211;;;;
71981975074;;;;
85984250000;;;;
88988003497;;;;
75991142232;;;;
83999990000;;;;
81999980336;;;;
81999980336;;;;
81999980336;;;;
81999980336;;;;
81985023963;;;;
81992323371;;;;
81992323371;;;;
8392419867;;;;
8392419867;;;;
85988391447;;;;
71999780994;;;;
71999780994;;;;
8592649559;;;;
8592649559;;;;
7193122110;;;;
73991778844;;;;
73991778844;;;;
84999550638;;;;
84999550638;;;;
84999550638;;;;
85991000505;;;;
82996718440;;;;
8592377002;;;;
8592377002;;;;
81987656765;;;;
85991998990;;;;
8293281483;;;;
8293281483;;;;
83996690466;;;;
8692222248;;;;
83999428155;;;;
79999620353;;;;
83996234513;;;;
7193518180;;;;
85981967440;;;;
85987233884;;;;
86964140727;;;;
85987090111;;;;
83999911151;;;;
8695441240;;;;
81984079454;;;;
88981517979;;;;
82999837362;;;;
83999610898;;;;
83993422981;;;;
71996456131;;;;
83996760860;;;;
71996577949;;;;
74999426931;;;;
8895112151;;;;
86998316057;;;;
86999923131;;;;
75988922021;;;;
83987803761;;;;
81991071513;;;;
75991866944;;;;
41996372832;;;;
85991714046;;;;
86998337540;;;;
63999778003;;;;
79999634020;;;;
83981077707;;;;
88996485859;;;;
83988522242;;;;
11978565534;;;;
84984544545;;;;
82993810982;;;;
82999354505;;;;
83986108296;;;;
71993658959;;;;
75991504313;;;;
84998486971;;;;
71999510641;;;;
85996724352;;;;
99999999999;;;;
81986472570;;;;
79981054792;;;;
88999277847;;;;
83998532670;;;;
86999590098;;;;
79999904202;;;;
21987679422;;;;
87996256500;;;;
86999862266;;;;
83988715283;;;;
77981092728;;;;
81984440888;;;;
84992058698;;;;
85987778794;;;;
86994878726;;;;
81998215308;;;;
83999127949;;;;
86995396618;;;;
71988777639;;;;
859325;;;;
88999999999;;;;
88999672222;;;;
88996434416;;;;
85988888888;;;;
75991623629;;;;
73999474452;;;;
75998237182;;;;
86981242373;;;;
81999841229;;;;
75982878994;;;;
84996369227;;;;
85986041438;;;;
86981486959;;;;
79999639055;;;;
71981170804;;;;
84996219035;;;;
86981883000;;;;
86998277290;;;;
83987508106;;;;
85988964502;;;;
71992100024;;;;
85996063293;;;;
77988067153;;;;
71992462698;;;;
81999674247;;;;
71999634894;;;;
77999872355;;;;
77991159887;;;;
85986501620;;;;
84994161316;;;;
81988746699;;;;
71988480092;;;;
71996013168;;;;
81996334444;;;;
81999678492;;;;
81988326421;;;;
71983146880;;;;
79998313955;;;;
74999712380;;;;
71981752688;;;;
86999995800;;;;
86999560650;;;;
86994858484;;;;
71993098606;;;;
88999999999;;;;
85992789075;;;;
88981959595;;;;
71991407665;;;;
73991004454;;;;
85991956689;;;;
81911111111;;;;
84999096678;;;;
77988161470;;;;
86998091323;;;;
84986380938;;;;
85992880439;;;;
85996787272;;;;
81993757677;;;;
79999296669;;;;
85989042004;;;;
85996290505;;;;
84996012360;;;;
71998825381;;;;
73982472397;;;;
75991658487;;;;
85997470599;;;;
75991700137;;;;
79998889385;;;;
85996818100;;;;
81982488547;;;;
71999229751;;;;
71988754163;;;;
89999729213;;;;
71992839042;;;;
82999141998;;;;
86999999999;;;;
85997391145;;;;
81971130122;;;;
82999318889;;;;
86999781270;;;;
81998638361;;;;
86981558051;;;;
85999862646;;;;
79998232584;;;;
71981215535;;;;
75991985084;;;;
83988857042;;;;
79999833561;;;;
81988439403;;;;
87991561208;;;;
79999887797;;;;
86995527124;;;;
79981270063;;;;
85999019775;;;;
89994223864;;;;
75991483251;;;;
79998994484;;;;
88988412739;;;;
81999972724;;;;
11996131286;;;;
84991390211;;;;
82988545139;;;;
75988063574;;;;
79999941622;;;;
83988088218;;;;
83982132893;;;;
85996192650;;;;
86999061507;;;;
85988533300;;;;
81995759989;;;;
84988198435;;;;
71988109987;;;;
82999299041;;;;
75988258585;;;;
84996536970;;;;
75981513098;;;;
77988340136;;;;
81985360643;;;;
73999989360;;;;
73999020480;;;;
71997175377;;;;
82982075361;;;;
83987506827;;;;
85987978042;;;;
81987348123;;;;
75998177001;;;;
83982318453;;;;
84988329133;;;;
71984340343;;;;
85996074646;;;;
88996649575;;;;
73991110314;;;;
81999775569;;;;
71999929300;;;;
75983283556;;;;
77991144880;;;;
81986246180;;;;
85991764720;;;;
77999877874;;;;
81991228801;;;;
79999172311;;;;
84994133233;;;;
71992873161;;;;
84988841698;;;;
84996718181;;;;
73988039015;;;;
81999269820;;;;
88988896691;;;;
88996075236;;;;
86999830033;;;;
74999200008;;;;
83987455382;;;;
82911111111;;;;
81991623172;;;;
71987839826;;;;
73988968170;;;;
77991441212;;;;
84981810908;;;;
75981682403;;;;
81988930810;;;;
79981622606;;;;
79999754891;;;;
83996264545;;;;
83991082051;;;;
82999490093;;;;
87998098451;;;;
85987745811;;;;
71993274499;;;;
85987462523;;;;
85996299162;;;;
85991979346;;;;
71992010031;;;;
77988782079;;;;
81982434316;;;;
84996666644;;;;
89988113432;;;;
82999116848;;;;
73991828575;;;;
79999119158;;;;
75991917537;;;;
84991091376;;;;
89981303712;;;;
71981167452;;;;
79999078128;;;;
81979133682;;;;
85989569230;;;;
74981345539;;;;
83988870735;;;;
71999223007;;;;
79999902291;;;;
88981420289;;;;
86999005549;;;;
81986447169;;;;
77988680320;;;;
85997722996;;;;
84999550921;;;;
75998032865;;;;
79996295010;;;;
81995280836;;;;
84981865884;;;;
82999003065;;;;
84999640634;;;;
83999528447;;;;
71992119085;;;;
85996192650;;;;
88981152014;;;;
88999609381;;;;
85999855207;;;;
87988384964;;;;
83987257240;;;;
86995318085;;;;
86995318085;;;;
81999360160;;;;
81996017808;;;;
81996017808;;;;
84998943984;;;;
85988992348;;;;
85988992348;;;;
85999824556;;;;
85999824556;;;;
83999911151;;;;
63999778003;;;;
85981496429;;;;
71992860075;;;;
73999401807;;;;
61999813700;;;;
85994354888;;;;
85998791176;;;;
85988992348;;;;
85988992348;;;;
85988304240;;;;
85988304240;;;;
75991786798;;;;
85997376766;;;;
81986383123;;;;
87988752091;;;;
87988752091;;;;
85988433706;;;;
71999175226;;;;
77981362962;;;;
83988129593;;;;
83988129593;;;;
74988061217;;;;
86998650972;;;;
81997445375;;;;
21983435002;;;;
21983435002;;;;
21983435002;;;;
81997762694;;;;
81997762694;;;;
81992470308;;;;
81992470308;;;;
79996453217;;;;
85999250390;;;;
83998926764;;;;
79999477512;;;;
85981893510;;;;
79998106980;;;;
82996348267;;;;
84999172004;;;;
83981586270;;;;
85996389188;;;;
85997766662;;;;
85997766662;;;;
82999031506;;;;
84996800444;;;;
84996800444;;;;
75991689296;;;;
86998482444;;;;
79998223105;;;;
81993315153;;;;
81993315153;;;;
81993315153;;;;
81993315153;;;;
71993813436;;;;
81986239561;;;;
79998328078;;;;
81998154072;;;;
81998154072;;;;
73999794480;;;;
73999794480;;;;
86998828201;;;;
98981393477;;;;
61985158701;;;;
83993758227;;;;
77998755081;;;;
75999632402;;;;
75999632402;;;;
83998464272;;;;
71988339020;;;;
86999417518;;;;
71992285250;;;;
71999445679;;;;
74999426931;;;;
71988205286;;;;
11981807310;;;;
88993153333;;;;
74999145616;;;;
75991946368;;;;
81993195667;;;;
71993373706;;;;
81993933947;;;;
79999759351;;;;
85996869997;;;;
71996007199;;;;
84999527145;;;;
84999527145;;;;
83988914685;;;;
85996579942;;;;
71981067578;;;;
85986501153;;;;
71992343537;;;;
81991310195;;;;
15997744388;;;;
88996096383;;;;
73991352053;;;;
11991713543;;;;
85981758804;;;;
85981758804;;;;
74991570393;;;;
74991570393;;;;
74991570393;;;;
74991570393;;;;
74991570393;;;;
71992468318;;;;
71992468318;;;;
71996462561;;;;
75999197078;;;;
82999859935;;;;
82999859935;;;;
77991903297;;;;
77991903297;;;;
83996109443;;;;
86999823253;;;;
71988587895;;;;
81996009373;;;;
81996009373;;;;
71992012288;;;;
86999497636;;;;
86999497636;;;;
83981923783;;;;
83981923783;;;;
84996695827;;;;
47997148484;;;;
47997148484;;;;
82999814333;;;;
85981073752;;;;
85992391005;;;;
75981744293;;;;
88999881414;;;;
88981112164;;;;
81992233915;;;;
81992233915;;;;
88996967821;;;;
73988383233;;;;
71996461792;;;;
75981133061;;;;
84991775460;;;;
77991293067;;;;
71997243829;;;;
86999940122;;;;
85991089712;;;;
85982109498;;;;
85982109498;;;;
84981018822;;;;
71999880017;;;;
71991764351;;;;
87999201107;;;;
87999201107;;;;
81998328806;;;;
81998328806;;;;
13996725758;;;;
77999238149;;;;
83993822672;;;;
74991526347;;;;
83988952526;;;;
83999172000;;;;
85991334045;;;;
81995607998;;;;
75999781803;;;;
75999781803;;;;
73991610519;;;;
71997406222;;;;
73988333165;;;;
81993983425;;;;
71999836430;;;;
85984852741;;;;
84994765551;;;;
84994765551;;;;
84994765551;;;;
84994765551;;;;
81997420363;;;;
81997420363;;;;
84996587629;;;;
81998982229;;;;
81998982229;;;;
71999923100;;;;
14998487164;;;;
81981111100;;;;
85997492986;;;;
86994046897;;;;
83991172145;;;;
79999596363;;;;
81998888888;;;;
85981226125;;;;
41997880145;;;;
85992509250;;;;
85992509250;;;;
77999415370;;;;
82988664818;;;;
88996535650;;;;
82993120090;;;;
87991925019;;;;
87991925019;;;;
88996235846;;;;
82999714449;;;;
83996684773;;;;
77988654310;;;;
71986805828;;;;
71986805828;;;;
75998633089;;;;
87991751215;;;;
73991230837;;;;
27996322841;;;;
77999001001;;;;
83998471000;;;;
83998471000;;;;
85981691909;;;;
88994755527;;;;
88994755527;;;;
71991106239;;;;
71996449638;;;;
71999672683;;;;
75991325090;;;;
85996394496;;;;
85996394496;;;;
81996011625;;;;
71996231308;;;;
85989605380;;;;
75981317470;;;;
75981317470;;;;
77999189432;;;;
86999683564;;;;
81995460604;;;;
86988511215;;;;
83988456100;;;;
84996211202;;;;
71999871041;;;;
84988350309;;;;
84988350309;;;;
88997143527;;;;
88997143527;;;;
74988527395;;;;
74988527395;;;;
74988527395;;;;
75999529521;;;;
75999529521;;;;
71981078260;;;;
71981078260;;;;
89981162819;;;;
89981162819;;;;
89981162819;;;;
89981162819;;;;
89981162819;;;;
89981162819;;;;
89981162819;;;;
71991906229;;;;
83999505072;;;;
75998001672;;;;
75998001672;;;;
77999018227;;;;
85981375158;;;;
86988153813;;;;
77998352930;;;;
86999677277;;;;
86999677277;;;;
85999825727;;;;
85987011328;;;;
81971169878;;;;
81971169878;;;;
77981658465;;;;
87999079585;;;;
81995023233;;;;
83991349503;;;;
73998817256;;;;
73998817256;;;;
84992093377;;;;
79981328809;;;;
79981328809;;;;
74998118646;;;;
79996443513;;;;
86999332838;;;;
83996924858;;;;
83996924858;;;;
13981180330;;;;
13981180330;;;;
88992038905;;;;
75991027767;;;;
75991027767;;;;
75991027767;;;;
75991027767;;;;
85912345678;;;;
84999131089;;;;
84998505916;;;;
85996309393;;;;
83996082608;;;;
85985950549;;;;
85991033633;;;;
71996441778;;;;
71996441778;;;;
71989529667;;;;
71988476505;;;;
71988476505;;;;
7992453296;;;;
7992453296;;;;
7992453296;;;;
7992453296;;;;
8592690657;;;;
8592690657;;;;
81986367259;;;;
75992512658;;;;
86999775059;;;;
86999775059;;;;
83993412240;;;;
83993412240;;;;
84999999999;;;;
75992163600;;;;
85986524134;;;;
81988835797;;;;
77999749317;;;;
71992314591;;;;
73981166155;;;;
83996578856;;;;
83996578856;;;;
83996578856;;;;
75998041828;;;;
85997934226;;;;
87981120144;;;;
79998640865;;;;
84991365953;;;;
84981362949;;;;
86981486259;;;;
83986427279;;;;
75999740929;;;;
83999999999;;;;
75998380255;;;;
86988103852;;;;
75992312643;;;;
87988168987;;;;
75999099409;;;;
87981010201;;;;
75998782223;;;;
11998612691;;;;
87999223260;;;;
8592280669;;;;
8592280669;;;;
85988877412;;;;
85988877412;;;;
81999947773;;;;
81999947773;;;;
8594950151;;;;
8594950151;;;;
81986414605;;;;
88999616071;;;;
88999616071;;;;
81999811621;;;;
81999811621;;;;
8692521368;;;;
8692521368;;;;
77991476544;;;;
84994419671;;;;
83999614885;;;;
81999739138;;;;
7592219644;;;;
88996283266;;;;
71982323020;;;;
71988902020;;;;
8496421926;;;;
8493163333;;;;
71981017384;;;;
79999179753;;;;
74988340025;;;;
71999186495;;;;
7592472153;;;;
8592991742;;;;
71996109013;;;;
7992225016;;;;
75999165865;;;;
71999758623;;;;
89994258500;;;;
77999711878;;;;
8592765844;;;;
85999938866;;;;
11998185573;;;;
8194417711;;;;
73991840300;;;;
8392226131;;;;
8492066342;;;;
82999255476;;;;
85999894393;;;;
85999565949;;;;
82999995050;;;;
8692335756;;;;
7992231136;;;;
82998109229;;;;
85997449092;;;;
83987384440;;;;
81999279738;;;;
77999912869;;;;
75999164061;;;;
86999999999;;;;
71988449589;;;;
8593254095;;;;
86988946326;;;;
73998012000;;;;
71986831750;;;;
81988000000;;;;
88999666445;;;;
71982650076;;;;
85999556898;;;;
81993737202;;;;
77988849362;;;;
79999253007;;;;
88992501140;;;;
81989167117;;;;
81986980103;;;;
89999850749;;;;
79998393413;;;;
89994641464;;;;
88999041516;;;;
81999867556;;;;
82981680115;;;;
85999451141;;;;
79999716477;;;;
71991661272;;;;
81992587770;;;;
85997114459;;;;
86994320525;;;;
86981143363;;;;
82993025021;;;;
85987180179;;;;
82999891913;;;;
81988752643;;;;
83998148884;;;;
83986801912;;;;
84998133243;;;;
11974538345;;;;
74999427250;;;;
82993857374;;;;
71988134543;;;;
84996389676;;;;
81998770144;;;;
79998441850;;;;
77992136166;;;;
88992146455;;;;
86996818686;;;;
87988364067;;;;
73999422921;;;;
81987642968;;;;
71991784060;;;;
88996814066;;;;
81999744800;;;;
84994834337;;;;
71991840454;;;;
79999997144;;;;
79999662067;;;;
85997494790;;;;
85998015588;;;;
81985895949;;;;
71988197471;;;;
71991766675;;;;
84999097378;;;;
75988256246;;;;
81985921059;;;;
85997021945;;;;
88999104000;;;;
77998208773;;;;
71999621825;;;;
83988233630;;;;
71981168225;;;;
71991847380;;;;
86999979954;;;;
85987065046;;;;
77999745299;;;;
82999410201;;;;
89999874999;;;;
88993688055;;;;
83988284822;;;;
81999827450;;;;
71984104520;;;;
73988596887;;;;
83988175892;;;;
81989632836;;;;
77988084740;;;;
85987781887;;;;
71987532481;;;;
84999244864;;;;
71992226394;;;;
84987144224;;;;
77997018062;;;;
75991996639;;;;
81999980156;;;;
73999112213;;;;
81996768750;;;;
81991152343;;;;
66982426564;;;;
84988721656;;;;
88996097767;;;;
74988286558;;;;
83988537159;;;;
85992110020;;;;
82999324377;;;;
87988621083;;;;
85988254471;;;;
87998098451;;;;
79991998886;;;;
85999703890;;;;
79999147036;;;;
82998219488;;;;
85998182500;;;;
79999735576;;;;
75981198830;;;;
71981012060;;;;
86994097256;;;;
81983541403;;;;
81992654293;;;;
71996050096;;;;
83987400201;;;;
84987057358;;;;
73981133282;;;;
83988711313;;;;
75998665075;;;;
87988116888;;;;
81997361401;;;;
73999219565;;;;
71981474141;;;;
85987807687;;;;
84996125592;;;;
79999373555;;;;
85996306700;;;;
86995945858;;;;
89994299205;;;;
85992664114;;;;
82999725360;;;;
71982767675;;;;
77999195831;;;;
71982764486;;;;
83993328644;;;;
85981494900;;;;
88998106362;;;;
79981078551;;;;
81999214455;;;;
81982123101;;;;
41996869828;;;;
82999930336;;;;
79999818274;;;;
84987328330;;;;
85998586665;;;;
83988777538;;;;
81999303081;;;;
85991619510;;;;
83999886294;;;;
74999462911;;;;
88988268828;;;;
83982245063;;;;
79999619184;;;;
88981265083;;;;
75992232992;;;;
83996715677;;;;
83991324274;;;;
75982808008;;;;
87996432424;;;;
75981018198;;;;
77999781366;;;;
89999276703;;;;
73981126693;;;;
82999008100;;;;
71996280422;;;;
85991306917;;;;
77988632723;;;;
71999901745;;;;
84981118574;;;;
85981060796;;;;
74998007518;;;;
73999826772;;;;
71992268085;;;;
85997184259;;;;
85999941706;;;;
82999916607;;;;
81997130778;;;;
88981512929;;;;
71993382331;;;;
83991500033;;;;
84994419671;;;;
75998763773;;;;
82999517966;;;;
87996831200;;;;
83988388412;;;;
79988095805;;;;
81991974120;;;;
84998010548;;;;
85987744047;;;;
82996204668;;;;
81995131473;;;;
88997107273;;;;
79999145060;;;;
71993003851;;;;
61999924808;;;;
74988332787;;;;
71999505500;;;;
71982022181;;;;
85985171413;;;;
71988800041;;;;
82993701029;;;;
84999877672;;;;
83981022641;;;;
81992282344;;;;
82991156252;;;;
81999215849;;;;
85986350123;;;;
79998130478;;;;
75981225068;;;;
15997201099;;;;
83996848581;;;;
87999996114;;;;
85987916367;;;;
77981583410;;;;
83981473597;;;;
82993155593;;;;
75999741751;;;;
85985639018;;;;
81999680916;;;;
89994423662;;;;
84994066321;;;;
84999811288;;;;
81999247700;;;;
88999684719;;;;
83993429830;;;;
82993097839;;;;
77981501863;;;;
85996524899;;;;
85986810000;;;;
71992629473;;;;
83987879500;;;;
81982390898;;;;
85999075656;;;;
83999283537;;;;
74999796328;;;;
81991934457;;;;
71993763208;;;;
83996466000;;;;
86994674607;;;;
71984132163;;;;
71991225813;;;;
75999482086;;;;
77991666996;;;;
81988882171;;;;
83996223663;;;;
85996546525;;;;
85997068288;;;;
84999999812;;;;
75991392347;;;;
73999813793;;;;
85981330761;;;;
81993176188;;;;
81982128376;;;;
74999669707;;;;
87988447617;;;;
24998389131;;;;
79999477228;;;;
75999188896;;;;
81995943737;;;;
81994395020;;;;
79999831586;;;;
88997924136;;;;
79999832140;;;;
61998160555;;;;
74999278840;;;;
84999936554;;;;
83991813242;;;;
83988507749;;;;
75988880368;;;;
79996462580;;;;
81981603484;;;;
85996032721;;;;
85988327249;;;;
71996565862;;;;
84999379772;;;;
85991334045;;;;
71991947160;;;;
71999816986;;;;
13997466311;;;;
73998106974;;;;
81999899019;;;;
71991357663;;;;
84994021277;;;;
84999480185;;;;
85981368181;;;;
81986810286;;;;
88999520222;;;;
74988012737;;;;
74988552262;;;;
81992622061;;;;
88981231334;;;;
81999999999;;;;
86999522162;;;;
75991537144;;;;
65981169120;;;;
85996524453;;;;
75991403526;;;;
84988457963;;;;
82999517307;;;;
77998482391;;;;
79998740952;;;;
71996693898;;;;
75991308239;;;;
71993183251;;;;
88997924136;;;;
75981748112;;;;
85994302794;;;;
73982284390;;;;
89999032029;;;;
85997184259;;;;
87991036627;;;;
71992286865;;;;
71999797265;;;;
65999183031;;;;
74991002326;;;;
74991002326;;;;
7192344304;;;;
7192344304;;;;
61982581068;;;;
85987972927;;;;
71987338544;;;;
71991847685;;;;
71992988097;;;;
71999506104;;;;
71999506104;;;;
71999506104;;;;
86999586278;;;;
86999586278;;;;
75992632603;;;;
75992632603;;;;
79998883454;;;;
89981287782;;;;
82999259965;;;;
82999259965;;;;
83988166384;;;;
83988166384;;;;
75991946413;;;;
85985818331;;;;
85985818331;;;;
82982284661;;;;
73999139031;;;;
73999139031;;;;
73999139031;;;;
73998866385;;;;
85986604955;;;;
88996631150;;;;
88996631150;;;;
84999644126;;;;
74988412160;;;;
71991777146;;;;
77988532853;;;;
82999550093;;;;
84981541082;;;;
75988646085;;;;
11989008144;;;;
71981698633;;;;
81999990876;;;;
77999134494;;;;
61981035867;;;;
73999622500;;;;
83987135836;;;;
83987135836;;;;
79999136555;;;;
71999625156;;;;
71999625156;;;;
71999625156;;;;
85996454464;;;;
74999886143;;;;
74999886143;;;;
71997387029;;;;
81999741979;;;;
81999741979;;;;
81981400211;;;;
86981699045;;;;
86981010092;;;;
74999366020;;;;
74999366020;;;;
83999956339;;;;
83999956339;;;;
75998797818;;;;
81979084241;;;;
77988454774;;;;
85981905447;;;;
85981905447;;;;
74991163356;;;;
73991424345;;;;
81991989975;;;;
75991899687;;;;
79999763940;;;;
71999298256;;;;
71988165193;;;;
81998008989;;;;
75991211094;;;;
85986628002;;;;
71981262539;;;;
88997296807;;;;
88997296807;;;;
71999719377;;;;
86994565055;;;;
81983282934;;;;
73981216561;;;;
84999290396;;;;
81988883666;;;;
81988883666;;;;
86994020505;;;;
81996372222;;;;
81996372222;;;;
81996372222;;;;
85999420949;;;;
85999420949;;;;
88981097102;;;;
88981097102;;;;
81998793822;;;;
71997202271;;;;
71997202271;;;;
71997202271;;;;
71997202271;;;;
71999289850;;;;
71999289850;;;;
71999289850;;;;
71999289850;;;;
85987142915;;;;
77991123002;;;;
77991123002;;;;
84994025897;;;;
84994025897;;;;
84994025897;;;;
84994025897;;;;
84996087091;;;;
85988815443;;;;
85988815443;;;;
85988815443;;;;
85988815443;;;;
85988815443;;;;
85981047436;;;;
85981047436;;;;
79999322082;;;;
87988114948;;;;
79991800029;;;;
79991800029;;;;
71988671213;;;;
71988671213;;;;
71988671213;;;;
71988671213;;;;
71988671213;;;;
71988671213;;;;
71988671213;;;;
71988671213;;;;
71988671213;;;;
71988671213;;;;
71988671213;;;;
71988671213;;;;
98984208960;;;;
79999863943;;;;
75998107225;;;;
83999820047;;;;
81997005726;;;;
81991442113;;;;
83999311154;;;;
88996430274;;;;
84987273030;;;;
83996100091;;;;
81982455856;;;;
83996585710;;;;
82999591322;;;;
84996561167;;;;
84996561167;;;;
75992163608;;;;
75992163608;;;;
86999707612;;;;
73981308115;;;;
73981308115;;;;
77991371073;;;;
77991371073;;;;
77991371073;;;;
77991371073;;;;
85999860580;;;;
81999292868;;;;
81999292868;;;;
84991050587;;;;
71999055728;;;;
71991487855;;;;
81992451821;;;;
85999334567;;;;
83993151297;;;;
71992793315;;;;
83996246460;;;;
75991698271;;;;
85999840267;;;;
81996681333;;;;
79999864433;;;;
84988277674;;;;
74999649327;;;;
85992528868;;;;
85992528868;;;;
47991481235;;;;
85991501372;;;;
81981785457;;;;
81981785457;;;;
81981785457;;;;
81981785457;;;;
81999367592;;;;
85999001408;;;;
83999169604;;;;
22999596106;;;;
81988762221;;;;
21978993684;;;;
83981193588;;;;
83981193588;;;;
83981193588;;;;
88997837036;;;;
75988733628;;;;
83988832630;;;;
85999968823;;;;
86988826242;;;;
86988826242;;;;
86988826242;;;;
86988826242;;;;
82999076607;;;;
71992107000;;;;
82999418961;;;;
82999418961;;;;
82999249765;;;;
82999249765;;;;
88993266330;;;;
71996881606;;;;
89981044808;;;;
87999952501;;;;
87999952501;;;;
87996289365;;;;
75991144080;;;;
88999182999;;;;
88999182999;;;;
71992643467;;;;
81997274789;;;;
86994824050;;;;
87998095452;;;;
81996346203;;;;
87988720268;;;;
85988754711;;;;
84998507995;;;;
77999303741;;;;
77999303741;;;;
82996817803;;;;
82996817803;;;;
82993733963;;;;
79991640336;;;;
87999398916;;;;
85988542784;;;;
88996193384;;;;
87999992898;;;;
75983518456;;;;
87991834717;;;;
84998199387;;;;
84998199387;;;;
84998199387;;;;
84996272271;;;;
71992819819;;;;
73988151313;;;;
86981730634;;;;
89981259542;;;;
86999725676;;;;
85985988895;;;;
86999843011;;;;
81988988854;;;;
88997200026;;;;
74999364997;;;;
71993370429;;;;
71999045732;;;;
71999045732;;;;
83998957701;;;;
84988593332;;;;
85999566078;;;;
85996094790;;;;
85996094790;;;;
62996206650;;;;
62996206650;;;;
71981232978;;;;
82982120001;;;;
81981642507;;;;
81996289208;;;;
73981024845;;;;
73981024845;;;;
73981024845;;;;
73981024845;;;;
73998629832;;;;
84991943970;;;;
71982534508;;;;
85999738989;;;;
85999738989;;;;
83996549581;;;;
85997571340;;;;
85997571340;;;;
71988804875;;;;
83996054069;;;;
83996054069;;;;
88999163416;;;;
85988432400;;;;
16994344351;;;;
85992001153;;;;
88996922657;;;;
31993519303;;;;
85987152148;;;;
83986265232;;;;
83986265232;;;;
83986265232;;;;
11995070236;;;;
83996280700;;;;
83996280700;;;;
85991429335;;;;
85985420823;;;;
79999135260;;;;
75982000262;;;;
83982167710;;;;
83998513732;;;;
84987030597;;;;
84987030597;;;;
85996977837;;;;
79999608498;;;;
79999608498;;;;
81987173039;;;;
81987173039;;;;
71991049337;;;;
85999306056;;;;
86981066031;;;;
81985327101;;;;
84991204293;;;;
85987412322;;;;
88996284722;;;;
81999870261;;;;
85999999999;;;;
84999970929;;;;
71988653492;;;;
77999254294;;;;
89999172824;;;;
79999661242;;;;
77981278282;;;;
87999433307;;;;
71986881731;;;;
85999421256;;;;
75999099292;;;;
71992748284;;;;
71992748284;;;;
71992748284;;;;
71992748284;;;;
71992748284;;;;
88981146720;;;;
88981146720;;;;
81991552122;;;;
81985003770;;;;
81985003770;;;;
85987105837;;;;
85981488365;;;;
85981488365;;;;
85981488365;;;;
85981488365;;;;
79988263573;;;;
77999931073;;;;
11912310186;;;;
77999139491;;;;
77912811448;;;;
83996722239;;;;
83996722239;;;;
79999181620;;;;
81993816237;;;;
81993816237;;;;
81993816237;;;;
81993816237;;;;
81993816237;;;;
88988775523;;;;
75999991447;;;;
71992281346;;;;
85992689393;;;;
85992689393;;;;
83999650040;;;;
73999101228;;;;
84994286422;;;;
74991540639;;;;
77999953459;;;;
11912642285;;;;
85996292268;;;;
88992719928;;;;
88992719928;;;;
33987494944;;;;
85981800343;;;;
82996489250;;;;
11911111111;;;;
71996623926;;;;
5190;;;;
81998983409;;;;
81998983409;;;;
71996005628;;;;
71996005628;;;;
71996005628;;;;
86999456743;;;;
88981228187;;;;
7392831184;;;;
7392831184;;;;
86998652714;;;;
77999924080;;;;
77999924080;;;;
7794814230;;;;
82999973182;;;;
71987261996;;;;
71987261996;;;;
71987261996;;;;
71987261996;;;;
8296411670;;;;
8296411670;;;;
8296411670;;;;
87981087722;;;;
85987903320;;;;
85987903320;;;;
77999420050;;;;
85999883033;;;;
82988088008;;;;
8592266540;;;;
82993062728;;;;
85999971757;;;;
71996099378;;;;
85997933597;;;;
8292621272;;;;
87981514087;;;;
85986037134;;;;
88999064497;;;;
86988221445;;;;
73999738648;;;;
8393412383;;;;
75988646949;;;;
8192243700;;;;
88999265155;;;;
81992062421;;;;
84999999999;;;;
75983380883;;;;
86994263000;;;;
8692274934;;;;
85981189178;;;;
88999670810;;;;
75992181482;;;;
88988840756;;;;
85996145258;;;;
86999743691;;;;
85998058706;;;;
75992073333;;;;
79999773222;;;;
88996083708;;;;
85999444424;;;;
86999893104;;;;
71981944212;;;;
74999801851;;;;
82996792100;;;;
85996326996;;;;
73998627034;;;;
88988060523;;;;
84996064205;;;;
71999437650;;;;
82991587088;;;;
81998144321;;;;
83988995505;;;;
75981318043;;;;
85988939302;;;;
81986056655;;;;
74981361810;;;;
89981058923;;;;
81996731387;;;;
86999259555;;;;
81984013606;;;;
81991664264;;;;
89994216244;;;;
84996827662;;;;
86988063302;;;;
71999799900;;;;
74998122924;;;;
79999931814;;;;
73999928697;;;;
82999916161;;;;
81982875465;;;;
86988085376;;;;
82988042711;;;;
71992441983;;;;
81987617082;;;;
83999999999;;;;
77999147282;;;;
88996586262;;;;
82999927592;;;;
89994121421;;;;
81999999999;;;;
71986255376;;;;
82988848416;;;;
79999500919;;;;
83987800002;;;;
71999393707;;;;
81992185477;;;;
83988684744;;;;
75999259120;;;;
88996204353;;;;
83987143363;;;;
84991967217;;;;
81988540185;;;;
75991602593;;;;
81999685858;;;;
79998050096;;;;
84994515519;;;;
85988670311;;;;
82991045859;;;;
82999020174;;;;
83991158696;;;;
89999751880;;;;
71981594980;;;;
87999368386;;;;
73999585192;;;;
81996566096;;;;
84998647322;;;;
88992649342;;;;
71999790858;;;;
71981803531;;;;
73999996565;;;;
84996604026;;;;
75981114830;;;;
74999799991;;;;
71992471144;;;;
85987282075;;;;
81992424454;;;;
81979163369;;;;
75991025287;;;;
82999530763;;;;
82999317322;;;;
81992162874;;;;
88992968188;;;;
84988356114;;;;
84988356114;;;;
84988356114;;;;
82991258545;;;;
71982569151;;;;
86999219067;;;;
77991351211;;;;
71996144283;;;;
84994098627;;;;
84999632467;;;;
83999281196;;;;
81988241340;;;;
85997748231;;;;
73999504827;;;;
71992423570;;;;
79996707079;;;;
74998076020;;;;
85998485494;;;;
85996476533;;;;
75999839801;;;;
81987503208;;;;
77999348459;;;;
85988888717;;;;
81996999946;;;;
86999824860;;;;
71981492757;;;;
81988267977;;;;
31971855584;;;;
84998767746;;;;
83987798474;;;;
73991568000;;;;
71982046039;;;;
81990000000;;;;
81997881127;;;;
79996320202;;;;
84999331112;;;;
81997801581;;;;
86988072263;;;;
61982776390;;;;
85996220802;;;;
85991659253;;;;
88998038417;;;;
73999567311;;;;
81995955753;;;;
75981807240;;;;
73991565944;;;;
73988847994;;;;
85987529335;;;;
81999999999;;;;
88996772836;;;;
88981061993;;;;
75981127716;;;;
71999727436;;;;
85997882638;;;;
83987500011;;;;
81985195707;;;;
71998514427;;;;
71981988243;;;;
85991090667;;;;
85992545711;;;;
85988957791;;;;
75991342993;;;;
75997122055;;;;
84999898272;;;;
85999822020;;;;
87988193592;;;;
48991317150;;;;
88999982822;;;;
98992286484;;;;
81986536354;;;;
81996371505;;;;
75983418956;;;;
75997072181;;;;
81999997431;;;;
83991245032;;;;
54999541878;;;;
84999740266;;;;
82991219028;;;;
81992229800;;;;
83993646838;;;;
84999198278;;;;
88988888888;;;;
81988543314;;;;
81987270000;;;;
88994892429;;;;
71981490886;;;;
84999108388;;;;
79999796716;;;;
81994867475;;;;
81981539436;;;;
75992593279;;;;
77999289469;;;;
7194125030;;;;
83999902278;;;;
74999272208;;;;
85999815857;;;;
81985439028;;;;
81999681568;;;;
88996957991;;;;
82981392899;;;;
77999716613;;;;
79999366613;;;;
83996702071;;;;
85982259395;;;;
88996182249;;;;
71999022249;;;;
83988638327;;;;
73981041827;;;;
86998597146;;;;
81988070000;;;;
88988149093;;;;
83982089062;;;;
85988976646;;;;
81998127538;;;;
83981394712;;;;
83993529214;;;;
81987168375;;;;
83988761229;;;;
81984092022;;;;
71991051755;;;;
88998519422;;;;
75999711991;;;;
83999827068;;;;
84988019805;;;;
88988258949;;;;
88999739435;;;;
88999126065;;;;
73988159191;;;;
71987438210;;;;
87999910161;;;;
75998658746;;;;
75983309346;;;;
73999935577;;;;
82996168217;;;;
83986595235;;;;
73988283260;;;;
71993532300;;;;
81991952067;;;;
84992161210;;;;
81996422298;;;;
81996665057;;;;
81999776202;;;;
88999451510;;;;
62996188830;;;;
87981196848;;;;
85999182922;;;;
85996815334;;;;
81998930060;;;;
98984615547;;;;
85998429839;;;;
83999468354;;;;
87988528096;;;;
99985237470;;;;
86981120356;;;;
62996195695;;;;
11991288203;;;;
84996175799;;;;
74981416872;;;;
73999400479;;;;
79996821124;;;;
85986464115;;;;
75991597577;;;;
73998682910;;;;
83996486888;;;;
84996943501;;;;
87999013295;;;;
85996392895;;;;
73988536778;;;;
85986159661;;;;
85987684005;;;;
81985955481;;;;
84994816141;;;;
81981701756;;;;
71997173855;;;;
86999635515;;;;
11971175406;;;;
81992727478;;;;
71996828867;;;;
84997086834;;;;
85998186997;;;;
71985245946;;;;
88999614925;;;;
77999780499;;;;
81997846725;;;;
81981528342;;;;
86981122950;;;;
83988053711;;;;
81999977321;;;;
71992779473;;;;
83998664084;;;;
85997170646;;;;
79996893274;;;;
71991064606;;;;
41996869828;;;;
71999496102;;;;
87988283391;;;;
77988727195;;;;
81995328896;;;;
71996193110;;;;
83988125819;;;;
85991458966;;;;
88996790691;;;;
81999792850;;;;
77998578704;;;;
82988023603;;;;
83993429947;;;;
46991219262;;;;
83987369372;;;;
88981360387;;;;
62965863217;;;;
82996995552;;;;
85988446116;;;;
91993741081;;;;
84981819080;;;;
33988214842;;;;
84999020215;;;;
71991334614;;;;
74988097839;;;;
62993448819;;;;
85988997811;;;;
85988997811;;;;
85999790220;;;;
81991115587;;;;
77999540393;;;;
75988670280;;;;
75988670280;;;;
71983079508;;;;
84988066909;;;;
84988066909;;;;
84988066909;;;;
79999741233;;;;
83986218299;;;;
84999360609;;;;
81999648277;;;;
81911111111;;;;
79998802745;;;;
79998802745;;;;
79998802745;;;;
75988187616;;;;
81987598947;;;;
81987598947;;;;
85999754590;;;;
85999754590;;;;
81994687407;;;;
77998686895;;;;
86994439327;;;;
88997836885;;;;
79998458803;;;;
84999039592;;;;
71999242536;;;;
84986477332;;;;
83996423200;;;;
81996477105;;;;
81996477105;;;;
87996631530;;;;
81999931300;;;;
82999816829;;;;
85988738137;;;;
81982073236;;;;
77999682062;;;;
81996000465;;;;
19988081987;;;;
19988081987;;;;
71987830285;;;;
85999186692;;;;
81994753631;;;;
85992083389;;;;
85998233000;;;;
71996584686;;;;
71996584686;;;;
71996584686;;;;
71996584686;;;;
81995936764;;;;
77981285127;;;;
88997803650;;;;
88997803650;;;;
84999800111;;;;
84999800111;;;;
75981247273;;;;
84998694224;;;;
84998694224;;;;
81999645533;;;;
81998885858;;;;
11993143091;;;;
11993143091;;;;
71987288672;;;;
71987288672;;;;
86998500968;;;;
85985505625;;;;
85985505625;;;;
83996396709;;;;
81999776636;;;;
82981762682;;;;
82981762682;;;;
81985046509;;;;
71981199692;;;;
71981199692;;;;
88992262856;;;;
84991374004;;;;
71994135100;;;;
84994512765;;;;
84999575813;;;;
81993388781;;;;
79996455644;;;;
86988163611;;;;
86988163611;;;;
84991052797;;;;
84986381027;;;;
82988359517;;;;
82988359517;;;;
81971215808;;;;
88999523623;;;;
84998979492;;;;
73999551814;;;;
73999551814;;;;
83996570738;;;;
85997574030;;;;
75999131152;;;;
85986250238;;;;
88996344363;;;;
73981565353;;;;
71999651002;;;;
84994793203;;;;
83986150156;;;;
82999779651;;;;
75992344625;;;;
75992344625;;;;
81987285515;;;;
81987285515;;;;
85998744680;;;;
73998520491;;;;
73998520491;;;;
82999999999;;;;
86999066754;;;;
86999066754;;;;
77999621120;;;;
71996022162;;;;
82998098501;;;;
75999663665;;;;
75999663665;;;;
87999775855;;;;
89981186056;;;;
85981048121;;;;
81996990866;;;;
86999540303;;;;
86999540303;;;;
85992294756;;;;
85998180244;;;;
79998020743;;;;
82993116089;;;;
82993116089;;;;
82993116089;;;;
82993116089;;;;
75988232437;;;;
71996827809;;;;
81996798668;;;;
73981720081;;;;
82988295102;;;;
99984693782;;;;
84992287175;;;;
84992287175;;;;
71988533024;;;;
75999720822;;;;
71987625053;;;;
71987625053;;;;
79999548650;;;;
77998399061;;;;
77998399061;;;;
89999999999;;;;
83996021187;;;;
83996021187;;;;
73999160206;;;;
81993169690;;;;
85986974027;;;;
77998091639;;;;
81988840221;;;;
81991986755;;;;
79999744374;;;;
82996719823;;;;
88981840339;;;;
83991185696;;;;
89981239053;;;;
82988400490;;;;
82993515334;;;;
11986347277;;;;
11986347277;;;;
71988599575;;;;
85999019401;;;;
81995312968;;;;
85986071080;;;;
77999268788;;;;
71982877601;;;;
85982091988;;;;
85982091988;;;;
82994062322;;;;
82994062322;;;;
75998402839;;;;
89981474081;;;;
87991813240;;;;
84998478189;;;;
85997370400;;;;
85997370400;;;;
81999639495;;;;
81992541698;;;;
71987363646;;;;
71992059140;;;;
89994576769;;;;
79998189259;;;;
79998189259;;;;
84996081069;;;;
88996393913;;;;
81998888124;;;;
85991517124;;;;
85991517124;;;;
28998841488;;;;
28998841488;;;;
87999864280;;;;
85986661111;;;;
83999222106;;;;
86999861933;;;;
84981145222;;;;
75983690741;;;;
75992368825;;;;
11985650898;;;;
88996238213;;;;
82999910599;;;;
82999910599;;;;
83996903404;;;;
77998167523;;;;
71982184137;;;;
75991454544;;;;
75991454544;;;;
75991454544;;;;
82982011595;;;;
85992850808;;;;
77999714502;;;;
77999714502;;;;
77999714502;;;;
77999714502;;;;
77991171329;;;;
71983923030;;;;
71983923030;;;;
83996620727;;;;
83996620727;;;;
71992195520;;;;
85991126116;;;;
71984440447;;;;
73988849687;;;;
84999900959;;;;
86999999999;;;;
85991634451;;;;
82996040676;;;;
83999795028;;;;
79998746255;;;;
81998396397;;;;
85998376613;;;;
85996948607;;;;
85997495431;;;;
71999972015;;;;
75991438380;;;;
75991438380;;;;
79998098464;;;;
71983834112;;;;
79996531908;;;;
79996531908;;;;
75992068118;;;;
83981588290;;;;
83981588290;;;;
84988033918;;;;
73999813077;;;;
81999236034;;;;
79998463880;;;;
84996642266;;;;
79999869623;;;;
81991615487;;;;
83996156248;;;;
83996386182;;;;
8591;;;;
8591;;;;
87996157150;;;;
79981381023;;;;
85981170895;;;;
84999099686;;;;
84994662066;;;;
83999526597;;;;
63999724932;;;;
75999776608;;;;
89981107432;;;;
89981107432;;;;
8592954309;;;;
8592954309;;;;
7999831715;;;;
7999831715;;;;
7192646877;;;;
7192646877;;;;
71999096419;;;;
83991002175;;;;
87988063666;;;;
81989330033;;;;
82993323331;;;;
71992763943;;;;
84991148947;;;;
88992657786;;;;
82991006042;;;;
82988336197;;;;
83996495616;;;;
81991200429;;;;
86999830020;;;;
77998316848;;;;
77998316848;;;;
88997796423;;;;
88997796423;;;;
74988010146;;;;
38999946876;;;;
38999946876;;;;
85988888888;;;;
85988818009;;;;
79998364443;;;;
71987048693;;;;
71992720578;;;;
71992720578;;;;
74999797762;;;;
81999721179;;;;
81999721179;;;;
84996698367;;;;
85981889818;;;;
81988840221;;;;
85987567628;;;;
71991044104;;;;
85999816967;;;;
85999816967;;;;
8692134282;;;;
8692134282;;;;
88999809177;;;;
84999056185;;;;
75982068863;;;;
8197213900;;;;
8197213900;;;;
73991570912;;;;
73991570912;;;;
82999544399;;;;
82999544399;;;;
82999544399;;;;
88999761555;;;;
88999761555;;;;
8592729811;;;;
8592729811;;;;
8592729811;;;;
83988883828;;;;
8692181708;;;;
85999090334;;;;
85999167696;;;;
8594331277;;;;
85991070875;;;;
7192474835;;;;
81999712409;;;;
71999669269;;;;
8394312534;;;;
83981076311;;;;
8392252163;;;;
8392411427;;;;
73988446530;;;;
8895237974;;;;
71999167418;;;;
82999810222;;;;
83988841441;;;;
85996246212;;;;
84981020883;;;;
71999759798;;;;
79999999934;;;;
7193586525;;;;
8896310156;;;;
85991011270;;;;
84999648050;;;;
79999926526;;;;
71999726274;;;;
71991268785;;;;
85988939581;;;;
8392781220;;;;
85991101022;;;;
83981790462;;;;
85996158214;;;;
74999960865;;;;
71982316913;;;;
79988091797;;;;
87988368643;;;;
79999328630;;;;
85981211400;;;;
75991973457;;;;
85991010470;;;;
75998887529;;;;
81999130209;;;;
81981126402;;;;
85981181686;;;;
75981451392;;;;
73974001142;;;;
75999024020;;;;
83988191118;;;;
81999448523;;;;
88999990106;;;;
83987790001;;;;
74999630986;;;;
73988611063;;;;
71983149988;;;;
75991646355;;;;
84981566064;;;;
81987620433;;;;
84999955199;;;;
84998614439;;;;
73999934007;;;;
81991272900;;;;
71992445584;;;;
88999341702;;;;
83981851005;;;;
82988433746;;;;
85988459038;;;;
79998764756;;;;
85981298214;;;;
71999485748;;;;
81997140111;;;;
87996004900;;;;
81996263969;;;;
75991489682;;;;
74988231900;;;;
83986300665;;;;
83988841441;;;;
71992563000;;;;
79999992166;;;;
73988378858;;;;
79999021737;;;;
71988064611;;;;
71987413376;;;;
71999296629;;;;
71993754579;;;;
85987878710;;;;
86999945388;;;;
83999821337;;;;
82988141266;;;;
71987903308;;;;
81981251801;;;;
75981312322;;;;
83986008407;;;;
85999655756;;;;
82999229950;;;;
87996175253;;;;
77981042193;;;;
71998841322;;;;
84999999999;;;;
85987363625;;;;
73999350026;;;;
81988257472;;;;
85999118890;;;;
84981515474;;;;
75981515470;;;;
86981914506;;;;
84988157512;;;;
11961110483;;;;
88999543019;;;;
77992102121;;;;
82999633333;;;;
83991159201;;;;
79998529880;;;;
83988163502;;;;
71994140444;;;;
84999586797;;;;
86994291510;;;;
86999018555;;;;
77998219840;;;;
77999647600;;;;
75999537662;;;;
84999221082;;;;
86981191440;;;;
71996013121;;;;
86999791945;;;;
79999740212;;;;
82999992970;;;;
75981571394;;;;
81911111111;;;;
75981136670;;;;
71991468998;;;;
81986342694;;;;
81997170403;;;;
71992157571;;;;
82982066739;;;;
81987335067;;;;
84987388509;;;;
74999800898;;;;
84999946987;;;;
88988097706;;;;
71999829114;;;;
85996119643;;;;
73999578506;;;;
84987732825;;;;
71987740636;;;;
81997701900;;;;
84999136991;;;;
77999846571;;;;
88999936566;;;;
77991814596;;;;
83987362020;;;;
85992406325;;;;
71998816353;;;;
83981993900;;;;
14997860361;;;;
88994360040;;;;
82991556368;;;;
73999257929;;;;
83996845614;;;;
71981164480;;;;
75981714322;;;;
71992485274;;;;
75988622658;;;;
73991142480;;;;
77999608542;;;;
71996082495;;;;
79991257139;;;;
79999638951;;;;
79998778172;;;;
71991127877;;;;
89994006167;;;;
79999914121;;;;
81996077191;;;;
81999999999;;;;
71996114055;;;;
89999353443;;;;
86998268663;;;;
87999550042;;;;
81996766607;;;;
86995533496;;;;
85986148080;;;;
75991574228;;;;
81999609669;;;;
81999127681;;;;
75999571227;;;;
75991261491;;;;
82996619945;;;;
81999117000;;;;
71999913664;;;;
83988447231;;;;
79991992627;;;;
86981157571;;;;
85911111111;;;;
87988579790;;;;
81991527274;;;;
82981816871;;;;
85999160011;;;;
85982007479;;;;
88996435931;;;;
73988683332;;;;
84999245787;;;;
81999812962;;;;
61996900002;;;;
85998297000;;;;
85997351440;;;;
73988958926;;;;
87999080047;;;;
85981067444;;;;
71981545160;;;;
71988435206;;;;
82999198144;;;;
75991741660;;;;
85991008064;;;;
85987531065;;;;
81996306709;;;;
85988850100;;;;
85999812108;;;;
85988096442;;;;
85987595867;;;;
85988203660;;;;
83988573331;;;;
82993061030;;;;
71981168971;;;;
84999021103;;;;
81998279483;;;;
83999111180;;;;
86999221187;;;;
85985691389;;;;
82988156282;;;;
79999862158;;;;
73991152776;;;;
81973123990;;;;
74991913447;;;;
85999212913;;;;
73991004355;;;;
75981490040;;;;
85999920998;;;;
71987136721;;;;
71996931759;;;;
75999716662;;;;
83988841441;;;;
81989517631;;;;
79988521558;;;;
81998815013;;;;
82999163464;;;;
71987078685;;;;
85998553000;;;;
75988043939;;;;
84988695320;;;;
85996251552;;;;
81999768964;;;;
71988922983;;;;
88988323013;;;;
82996000111;;;;
87981784394;;;;
86981223294;;;;
86999712664;;;;
81988991359;;;;
88996074866;;;;
77999022683;;;;
75998032865;;;;
81999596565;;;;
81988007582;;;;
77999383422;;;;
71993228004;;;;
85999330213;;;;
71996820039;;;;
71997279231;;;;
73999262525;;;;
81981053625;;;;
81982136368;;;;
79999695204;;;;
71988865456;;;;
73981751551;;;;
87988087747;;;;
86999941260;;;;
73991597873;;;;
81996962421;;;;
79999889219;;;;
84999997179;;;;
79999782332;;;;
82999721118;;;;
11910140000;;;;
83988184490;;;;
77991112618;;;;
21999326222;;;;
81981760047;;;;
71997008898;;;;
75999466189;;;;
84981281112;;;;
84987710937;;;;
85988640277;;;;
79999740972;;;;
75998663571;;;;
83996829000;;;;
85981822123;;;;
71992690763;;;;
71992258335;;;;
75992764646;;;;
84981510095;;;;
71997285887;;;;
84996373244;;;;
84996100035;;;;
85996483369;;;;
73998356337;;;;
81999907498;;;;
71982033410;;;;
85998442085;;;;
83996810270;;;;
81999169995;;;;
87981753863;;;;
81999643434;;;;
73999952635;;;;
82988512580;;;;
85992037171;;;;
77981577912;;;;
79996918777;;;;
71988904170;;;;
81987100001;;;;
83988324402;;;;
85999828996;;;;
75993028974;;;;
85987531065;;;;
86981439101;;;;
73991724249;;;;
22988117982;;;;
81994311658;;;;
88992019362;;;;
31996380618;;;;
86999941260;;;;
99999999999;;;;
86999012255;;;;
71992874408;;;;
83994018228;;;;
83988841441;;;;
71998276533;;;;
85985647922;;;;
85986859568;;;;
85999817575;;;;
79998022828;;;;
41996869828;;;;
83987449914;;;;
71991468998;;;;
71991468998;;;;
82996293848;;;;
82996293848;;;;
71982045206;;;;
85991821381;;;;
82988821530;;;;
82988821530;;;;
81999771503;;;;
81999771503;;;;
75999682890;;;;
82999405991;;;;
87991181291;;;;
71981137088;;;;
81991911171;;;;
71991679288;;;;
71999090772;;;;
75998597711;;;;
71999147222;;;;
71999147222;;;;
73999360168;;;;
73999360168;;;;
73999360168;;;;
85996731277;;;;
83998068640;;;;
77981599556;;;;
88997101500;;;;
81997427423;;;;
81911111111;;;;
81911111111;;;;
81992421349;;;;
85986753993;;;;
71991672167;;;;
41985251001;;;;
41985251001;;;;
88999381797;;;;
88999381797;;;;
86999531539;;;;
88994811179;;;;
88994811179;;;;
85996341417;;;;
71992261701;;;;
71992261701;;;;
86999860155;;;;
86999860155;;;;
86999860155;;;;
86999860155;;;;
86998461794;;;;
86999815577;;;;
87996200953;;;;
87996200953;;;;
87996200953;;;;
84981545979;;;;
84999387489;;;;
81998725206;;;;
81998725206;;;;
86995656443;;;;
81999468016;;;;
77999779994;;;;
77999779994;;;;
71987821392;;;;
82999698823;;;;
18997676555;;;;
83999889255;;;;
83999889255;;;;
81991311997;;;;
85999924808;;;;
81999710770;;;;
77991410742;;;;
73988947803;;;;
81997049998;;;;
71991896118;;;;
71991896118;;;;
84988436177;;;;
84988436177;;;;
45999090196;;;;
45999090196;;;;
45999090196;;;;
81995109496;;;;
81995109496;;;;
82993955897;;;;
88997294213;;;;
75999982639;;;;
75999982639;;;;
82988326328;;;;
82988326328;;;;
82988326328;;;;
82988326328;;;;
85986196027;;;;
85986196027;;;;
83999422670;;;;
83999422670;;;;
75998636701;;;;
79998233722;;;;
86999093380;;;;
71994010178;;;;
77991215897;;;;
79999176544;;;;
75981668864;;;;
79998599242;;;;
85988047816;;;;
84998176666;;;;
71998760093;;;;
86999938640;;;;
85988185646;;;;
77988032454;;;;
77988032454;;;;
77988032454;;;;
77988032454;;;;
84998722698;;;;
75992758060;;;;
84998171296;;;;
84996522912;;;;
84996522912;;;;
83988538386;;;;
85992597635;;;;
88988477084;;;;
71991534400;;;;
85992962387;;;;
85992962387;;;;
85997423163;;;;
81999999999;;;;
84994062716;;;;
87998228679;;;;
84988986054;;;;
84988986054;;;;
75991736123;;;;
71986270455;;;;
71986270455;;;;
83988822244;;;;
83991058079;;;;
83991058079;;;;
83991058079;;;;
11995241906;;;;
86994140727;;;;
84999909962;;;;
84999909962;;;;
81989276094;;;;
87999955003;;;;
85997493469;;;;
89981072578;;;;
81991666818;;;;
81991666818;;;;
82987443459;;;;
81993182435;;;;
81993182435;;;;
84991877881;;;;
83996184556;;;;
81995250461;;;;
81995250461;;;;
77999717330;;;;
79999336915;;;;
81991313305;;;;
83998216864;;;;
83998216864;;;;
88997620133;;;;
88998691374;;;;
82999592048;;;;
84996164340;;;;
84996164340;;;;
83996230838;;;;
82988886320;;;;
98991597776;;;;
84988731916;;;;
84988731916;;;;
41996869828;;;;
71999931446;;;;
71999931446;;;;
89981207249;;;;
87988491267;;;;
87988491267;;;;
85981830990;;;;
75991202118;;;;
85988895399;;;;
79999183777;;;;
87981580328;;;;
85987879392;;;;
75991257706;;;;
74999030609;;;;
81997266026;;;;
81991683997;;;;
81991683997;;;;
86999048734;;;;
86999048734;;;;
81999999999;;;;
81999999999;;;;
81999999999;;;;
71991448542;;;;
85982381684;;;;
81994324953;;;;
85999388589;;;;
71991953814;;;;
71993319808;;;;
85991664455;;;;
85991664455;;;;
88996777980;;;;
77991346277;;;;
82994113293;;;;
85994103333;;;;
71992652639;;;;
71999060207;;;;
71999060207;;;;
75999106771;;;;
73981776070;;;;
89981388441;;;;
83998289785;;;;
71983393263;;;;
85999067075;;;;
85999067075;;;;
71999885428;;;;
71999885428;;;;
71999885428;;;;
79998197040;;;;
81994828692;;;;
85991837156;;;;
88999761110;;;;
83987428636;;;;
85911111111;;;;
84998040022;;;;
84998040022;;;;
89999931132;;;;
85991409574;;;;
85981361434;;;;
83999212990;;;;
83999212990;;;;
83988999992;;;;
83988999992;;;;
83988999992;;;;
83988999992;;;;
83991485793;;;;
83991485793;;;;
79999096662;;;;
85992295054;;;;
88993415574;;;;
84996351305;;;;
77999519747;;;;
87999955641;;;;
85992422564;;;;
85992422564;;;;
85992422564;;;;
85986384977;;;;
85987621410;;;;
85987621410;;;;
51999969609;;;;
85981297856;;;;
77988371328;;;;
83988431554;;;;
83988431554;;;;
81982415903;;;;
81982415903;;;;
75998633089;;;;
71991143208;;;;
73999110812;;;;
73999110812;;;;
84991565567;;;;
84991565567;;;;
75982964102;;;;
84991319179;;;;
81989385538;;;;
87988027078;;;;
88988345127;;;;
86998147988;;;;
71988848706;;;;
75988167904;;;;
75988167904;;;;
81999717666;;;;
81999717666;;;;
73981634168;;;;
85992084116;;;;
71985462513;;;;
81998053360;;;;
81991210138;;;;
87999515027;;;;
99999999999;;;;
83988921487;;;;
83992282178;;;;
82996800204;;;;
77981310255;;;;
88988039414;;;;
83996877012;;;;
77999710328;;;;
74988366415;;;;
27997839201;;;;
27997839201;;;;
85989882669;;;;
85989882669;;;;
85989499455;;;;
88981076800;;;;
88981076800;;;;
88997973710;;;;
88997973710;;;;
77998703922;;;;
88993418933;;;;
86999150203;;;;
73999317346;;;;
79998127851;;;;
79998127851;;;;
84994124265;;;;
71984199815;;;;
74988721504;;;;
11976840071;;;;
11976840071;;;;
11976840071;;;;
86998214646;;;;
86998214646;;;;
81998573685;;;;
86995343287;;;;
71997379004;;;;
88981623793;;;;
85999888766;;;;
87999024649;;;;
79998188966;;;;
83996928266;;;;
88994617696;;;;
77988038182;;;;
77988038182;;;;
74999343020;;;;
73999877048;;;;
75981534889;;;;
88992695755;;;;
8894215566;;;;
71992666733;;;;
83982871777;;;;
71991419481;;;;
71991419481;;;;
71991419481;;;;
71991419481;;;;
8393214790;;;;
8393214790;;;;
8393214790;;;;
75998424529;;;;
75998424529;;;;
8592725143;;;;
8592725143;;;;
79981076533;;;;
79981076533;;;;
7193131262;;;;
85981386211;;;;
88988888888;;;;
84999764208;;;;
85988811822;;;;
79991335372;;;;
8592536546;;;;
8693821163;;;;
85999999999;;;;
8393411418;;;;
8695731700;;;;
8592821511;;;;
8399848768;;;;
81987115554;;;;
84999947422;;;;
73999826631;;;;
7395352325;;;;
75981960943;;;;
85988058778;;;;
81911111111;;;;
71992875485;;;;
86981827882;;;;
71999814249;;;;
73982453470;;;;
71992432343;;;;
85987394352;;;;
77991432227;;;;
83993045443;;;;
85991251654;;;;
85989563250;;;;
77988090027;;;;
81998800749;;;;
88998101219;;;;
82999854586;;;;
81999438373;;;;
88996850403;;;;
71991772212;;;;
84999507430;;;;
88992020376;;;;
73988037777;;;;
75988316273;;;;
88993321992;;;;
83986838036;;;;
86998233612;;;;
71999536460;;;;
73999233003;;;;
85998066577;;;;
82991261557;;;;
85999999999;;;;
81996224720;;;;
89999780955;;;;
85997260224;;;;
85988702131;;;;
84999158176;;;;
71999944611;;;;
82981901438;;;;
79999780453;;;;
77999901006;;;;
86998185145;;;;
85987996466;;;;
81995369311;;;;
81998347956;;;;
89988020084;;;;
85987787151;;;;
71981450852;;;;
74988572721;;;;
71988164558;;;;
73999780123;;;;
73991609911;;;;
83999823224;;;;
75992311182;;;;
75991275935;;;;
77999827616;;;;
85988023094;;;;
73981353227;;;;
79999495525;;;;
71991664016;;;;
85999698097;;;;
81983286712;;;;
74988527395;;;;
81996015668;;;;
86999305657;;;;
74999836541;;;;
75998332182;;;;
77999591865;;;;
81987054449;;;;
85999105759;;;;
84991047533;;;;
84999862035;;;;
21972909280;;;;
86999262190;;;;
84999908731;;;;
84988374846;;;;
82981290904;;;;
71997309157;;;;
79991647104;;;;
51981223774;;;;
83988438445;;;;
83994130179;;;;
87991958363;;;;
79999774791;;;;
71992000075;;;;
85999881420;;;;
83988872456;;;;
74999152510;;;;
77988383038;;;;
87991958363;;;;
84999550424;;;;
81995612110;;;;
89994497176;;;;
73999346735;;;;
85987376279;;;;
87988593134;;;;
71999785498;;;;
83986708531;;;;
77999715082;;;;
87996157680;;;;
82999999109;;;;
89981200055;;;;
81998930060;;;;
71986167675;;;;
81998114748;;;;
83999726225;;;;
77991235730;;;;
73991945759;;;;
71996174436;;;;
71988067086;;;;
82988033025;;;;
81998946657;;;;
84999272888;;;;
81996467981;;;;
85986805652;;;;
84998824612;;;;
71993508555;;;;
71999813080;;;;
85992044272;;;;
71988719576;;;;
71987233565;;;;
85999865600;;;;
79999410965;;;;
75992134368;;;;
75992556844;;;;
71974007611;;;;
88999199618;;;;
83988586880;;;;
84994011536;;;;
82999819103;;;;
85992141356;;;;
82999568121;;;;
82988716341;;;;
81999627204;;;;
84988856502;;;;
77996493725;;;;
79991926905;;;;
82993277433;;;;
75991611552;;;;
86999846280;;;;
75992318761;;;;
84991553616;;;;
71993672898;;;;
88981348689;;;;
81991907911;;;;
81995231490;;;;
99981744944;;;;
84988831503;;;;
81999623334;;;;
79999545110;;;;
83991556836;;;;
84996085807;;;;
75991649500;;;;
79999871624;;;;
83988801268;;;;
83982017000;;;;
83991016622;;;;
81988012887;;;;
71983950048;;;;
84994518209;;;;
85999227969;;;;
77998136213;;;;
71992297608;;;;
41991298572;;;;
77997016000;;;;
87996795283;;;;
85996103446;;;;
84998185537;;;;
83993023262;;;;
71992592674;;;;
85999382386;;;;
71987261900;;;;
81998463389;;;;
75992970957;;;;
73999200112;;;;
74999852305;;;;
71994089462;;;;
81996476211;;;;
86998107547;;;;
73999690304;;;;
87999986053;;;;
77988069889;;;;
87988331565;;;;
85996428659;;;;
81996000188;;;;
79998214278;;;;
79999778752;;;;
75997009800;;;;
85999971130;;;;
82999574955;;;;
83999250000;;;;
82999721998;;;;
86999210755;;;;
71992262847;;;;
79999653495;;;;
85982052958;;;;
71996732685;;;;
71994089462;;;;
83999823224;;;;
83999823224;;;;
71987251202;;;;
88997945607;;;;
85992004774;;;;
77999253157;;;;
73981116135;;;;
83981061690;;;;
85999825703;;;;
82988656783;;;;
84999604586;;;;
74988614403;;;;
81982528273;;;;
75991012342;;;;
82988082208;;;;
79991738181;;;;
79996658630;;;;
71991015254;;;;
83988718883;;;;
82999195519;;;;
88988424419;;;;
84991959093;;;;
84999622095;;;;
71988221010;;;;
79999494973;;;;
73981554174;;;;
81999001881;;;;
81995476467;;;;
86994815714;;;;
73999541680;;;;
77999400801;;;;
79999726609;;;;
73999698282;;;;
71993660018;;;;
75992371000;;;;
86998858463;;;;
84991819947;;;;
89981488044;;;;
81988628070;;;;
83991470551;;;;
71996983900;;;;
81996786048;;;;
84988805889;;;;
83998534872;;;;
85987191914;;;;
81991462604;;;;
85996103087;;;;
75982076561;;;;
71988182844;;;;
83981954510;;;;
73988350740;;;;
81989696969;;;;
71992011422;;;;
84999866229;;;;
74999326924;;;;
81982962174;;;;
71993162482;;;;
81981818181;;;;
75992120099;;;;
79998492626;;;;
84998181999;;;;
81995927285;;;;
74988626526;;;;
82993133682;;;;
84999905718;;;;
79996421879;;;;
88997134455;;;;
74981295077;;;;
75983731974;;;;
83991948048;;;;
71991950911;;;;
71991992520;;;;
84996127434;;;;
79981693895;;;;
83988171280;;;;
81998102491;;;;
75992486468;;;;
88994285679;;;;
86995737304;;;;
85988670000;;;;
81996025064;;;;
83988027300;;;;
85997364484;;;;
89994088898;;;;
89981756949;;;;
85991468277;;;;
79999180793;;;;
75991584058;;;;
71981618868;;;;
79996743318;;;;
81997294162;;;;
74981000001;;;;
77988037512;;;;
71991585376;;;;
81991574242;;;;
77999681574;;;;
83996966475;;;;
84999516299;;;;
38997481879;;;;
89994497176;;;;
83996136747;;;;
79999830000;;;;
81982925343;;;;
82911111111;;;;
85997556672;;;;
82999800060;;;;
75988711400;;;;
82988890671;;;;
84996079257;;;;
83993354373;;;;
75988664493;;;;
81991604005;;;;
85996801543;;;;
81998811410;;;;
82999289180;;;;
77988029753;;;;
81997197870;;;;
85999980379;;;;
11988431490;;;;
87998091169;;;;
81993730160;;;;
88981599351;;;;
79999329370;;;;
77998185055;;;;
77999930943;;;;
81998280256;;;;
87999436298;;;;
74999267223;;;;
79998355326;;;;
77988544642;;;;
85999994652;;;;
79991757323;;;;
83996218900;;;;
84999299712;;;;
86999949927;;;;
81996465810;;;;
81996465810;;;;
81997050053;;;;
81997050053;;;;
83988168273;;;;
83988168273;;;;
81997401767;;;;
81997401767;;;;
81997401767;;;;
81997401767;;;;
71999001233;;;;
85991453497;;;;
85997182989;;;;
75991231758;;;;
75991231758;;;;
71991576676;;;;
83988049074;;;;
79999816662;;;;
79999816662;;;;
74999864362;;;;
71987882586;;;;
85996320313;;;;
89999413279;;;;
77999607443;;;;
77999607443;;;;
81996945119;;;;
71992612226;;;;
83993127595;;;;
83993127595;;;;
83993127595;;;;
77981189722;;;;
84996106758;;;;
41996869828;;;;
71992257210;;;;
81995350577;;;;
81995350577;;;;
83981171180;;;;
71993011540;;;;
82994050493;;;;
21998099880;;;;
79999965810;;;;
82993438714;;;;
85989534787;;;;
71992253555;;;;
81982156244;;;;
82999346154;;;;
79996711640;;;;
79996711640;;;;
75991784111;;;;
83986940889;;;;
82988410773;;;;
82988410773;;;;
83996275381;;;;
83996275381;;;;
85987363644;;;;
83998818800;;;;
85997664971;;;;
83988427269;;;;
75988334007;;;;
71996489273;;;;
71991010826;;;;
84999227198;;;;
84999227198;;;;
88988344800;;;;
77991412548;;;;
77991412548;;;;
81982746005;;;;
77999174443;;;;
83988857177;;;;
83988857177;;;;
75998401158;;;;
75998401158;;;;
85996267960;;;;
71988510181;;;;
71983851579;;;;
71981618777;;;;
85989024466;;;;
83998612408;;;;
81996406242;;;;
81996406242;;;;
83987272535;;;;
85997780271;;;;
75981446811;;;;
79988064061;;;;
83988503066;;;;
83999830026;;;;
84981218149;;;;
84981218149;;;;
74988422817;;;;
75991841474;;;;
81994996564;;;;
75992386827;;;;
83987865861;;;;
88998116469;;;;
79991220440;;;;
88994360770;;;;
84981417883;;;;
86994254117;;;;
87999212636;;;;
75991844882;;;;
85985097882;;;;
79999941285;;;;
73998380050;;;;
77999898081;;;;
77999898081;;;;
81996483764;;;;
71987399584;;;;
81996982638;;;;
81996982638;;;;
83981984142;;;;
83981984142;;;;
83981984142;;;;
75999945015;;;;
75999945015;;;;
77999040309;;;;
77999040309;;;;
79999611077;;;;
86995644949;;;;
79999551110;;;;
85985455309;;;;
85985455309;;;;
71991659379;;;;
84996849557;;;;
84996849557;;;;
74999268943;;;;
82999152811;;;;
84991941006;;;;
82996434142;;;;
77998617590;;;;
77998617590;;;;
85989262026;;;;
85989262026;;;;
81991459660;;;;
74991157208;;;;
74991157208;;;;
84999935252;;;;
84999935252;;;;
71988174150;;;;
71988174150;;;;
86999073178;;;;
71991104692;;;;
75991388401;;;;
75991388401;;;;
75991388401;;;;
75991388401;;;;
75991388401;;;;
77999135037;;;;
85998873197;;;;
85999748288;;;;
41996869828;;;;
81987413582;;;;
81987413582;;;;
85986108781;;;;
79999489897;;;;
79999489897;;;;
87988024265;;;;
87988024265;;;;
77981601690;;;;
79999074094;;;;
85981656699;;;;
85981656699;;;;
75998795050;;;;
83991486498;;;;
83987276924;;;;
74981158926;;;;
11994217967;;;;
77988153479;;;;
85999798160;;;;
84981224928;;;;
21982515616;;;;
21982515616;;;;
71981056576;;;;
83987781060;;;;
75999710976;;;;
75999710976;;;;
71987805779;;;;
81988888888;;;;
81988888888;;;;
83993828254;;;;
88997954439;;;;
81998140333;;;;
81998140333;;;;
81998140333;;;;
81998140333;;;;
85985835305;;;;
86998169024;;;;
73988473796;;;;
86995476581;;;;
84991964070;;;;
79999940809;;;;
87996626399;;;;
85999006293;;;;
71988003035;;;;
71987011977;;;;
77998055886;;;;
71991093591;;;;
79999085712;;;;
73999359821;;;;
81992169268;;;;
85997438012;;;;
77999060999;;;;
79998401811;;;;
79998401811;;;;
85989912175;;;;
85989912175;;;;
73982360220;;;;
73982360220;;;;
82981936278;;;;
82981936278;;;;
82981936278;;;;
82981936278;;;;
82981936278;;;;
75983549818;;;;
89999059171;;;;
73999428671;;;;
73999428671;;;;
71999999999;;;;
85999186254;;;;
88981512000;;;;
71992831384;;;;
71993627845;;;;
83986399290;;;;
81987902281;;;;
89994067219;;;;
81985092016;;;;
81985092016;;;;
88988013845;;;;
81997668909;;;;
81997668909;;;;
81997668909;;;;
81997668909;;;;
75981573750;;;;
81993938257;;;;
84997065000;;;;
84997065000;;;;
84997065000;;;;
81985768410;;;;
71987965401;;;;
74999755550;;;;
74999755550;;;;
74999755550;;;;
74999755550;;;;
73998135310;;;;
71987680000;;;;
84996513870;;;;
84996513870;;;;
73982197354;;;;
77999207758;;;;
11915825109;;;;
11915825109;;;;
11915825109;;;;
11915825109;;;;
73999238891;;;;
84994811189;;;;
71991386701;;;;
84996605936;;;;
81995275724;;;;
85999402226;;;;
79999438361;;;;
79999438361;;;;
71996584686;;;;
71996584686;;;;
83981012530;;;;
83981012530;;;;
73999435741;;;;
86988661207;;;;
88997157462;;;;
82991319899;;;;
82991319899;;;;
87988011856;;;;
71988001100;;;;
81999992426;;;;
81999992426;;;;
83998606000;;;;
85996561088;;;;
71988682769;;;;
83998881305;;;;
85988100712;;;;
7193460633;;;;
7193460633;;;;
81999719864;;;;
8592264080;;;;
8592264080;;;;
8592264080;;;;
7392513408;;;;
83988130013;;;;
83988130013;;;;
83988130013;;;;
74988070401;;;;
74988070401;;;;
85986166808;;;;
85986166808;;;;
85986166808;;;;
85986166808;;;;
85986166808;;;;
71999976186;;;;
84999677833;;;;
84999677833;;;;
77991086317;;;;
84981665379;;;;
84981665379;;;;
89994588117;;;;
86998521900;;;;
84981303356;;;;
73999772334;;;;
41996869828;;;;
83981843030;;;;
67992294897;;;;
67992294897;;;;
75999731731;;;;
86994480625;;;;
81998983409;;;;
81998983409;;;;
71991165441;;;;
81991074343;;;;
88999462557;;;;
82996040340;;;;
89994405919;;;;
87988457270;;;;
87988457270;;;;
85988888888;;;;
85988888888;;;;
83988007974;;;;
83998784377;;;;
71985071283;;;;
71985071283;;;;
74999834004;;;;
79999978823;;;;
79999978823;;;;
79996443433;;;;
79996443433;;;;
79996443433;;;;
71987690103;;;;
71987690103;;;;
75991701118;;;;
86999845707;;;;
82999999999;;;;
73991312127;;;;
11970729154;;;;
81988840221;;;;
89994023100;;;;
86988671307;;;;
81983387392;;;;
83996563995;;;;
75991983994;;;;
84991099453;;;;
85985920632;;;;
81992137067;;;;
75991229969;;;;
75991229969;;;;
83981354658;;;;
83981354658;;;;
73988033838;;;;
8896261532;;;;
8896261532;;;;
8592664178;;;;
8592664178;;;;
8392417085;;;;
85986178642;;;;
81986071900;;;;
81986071900;;;;
81986071900;;;;
89994108090;;;;
89994108090;;;;
85998842569;;;;
77999198573;;;;
77999198573;;;;
77999198573;;;;
8594956666;;;;
8594956666;;;;
71997306777;;;;
84994217967;;;;
84999909063;;;;
77988518150;;;;
75981144031;;;;
8292219963;;;;
8299818817;;;;
86981269641;;;;
85986441182;;;;
84987012606;;;;
74991984270;;;;
88999561199;;;;
71993977000;;;;
84991132148;;;;
8197002606;;;;
8194248866;;;;
81999744742;;;;
74988010032;;;;
82987545206;;;;
75991252080;;;;
85996432315;;;;
73999819997;;;;
86994090773;;;;
79999782332;;;;
75998558801;;;;
92981270202;;;;
77991878527;;;;
7496272257;;;;
74988358804;;;;
81999967031;;;;
85999890700;;;;
81994205275;;;;
75982010848;;;;
85996915306;;;;
75998303020;;;;
81983049505;;;;
81998000666;;;;
85988129136;;;;
71999867602;;;;
77981010099;;;;
71992417585;;;;
83999750357;;;;
86999480005;;;;
71981035285;;;;
81991981584;;;;
8494311771;;;;
74991536961;;;;
79999663023;;;;
79999853394;;;;
84988576462;;;;
75999660740;;;;
85996670256;;;;
75982185210;;;;
81991462781;;;;
73981491790;;;;
81999566046;;;;
79999552320;;;;
61983091525;;;;
77981149069;;;;
75981874193;;;;
84988687893;;;;
71988842892;;;;
87988011566;;;;
88999227687;;;;
88999304071;;;;
77988292038;;;;
71999360220;;;;
77988242533;;;;
73999439010;;;;
83986600954;;;;
84986212125;;;;
81999495276;;;;
77998642046;;;;
83988704147;;;;
84988923139;;;;
83988816401;;;;
82991018221;;;;
85996276256;;;;
81999765133;;;;
87988199757;;;;
71991823701;;;;
75991168089;;;;
83991111982;;;;
84991303260;;;;
86988593302;;;;
77998309197;;;;
75981557777;;;;
79999999999;;;;
81988080518;;;;
75981437855;;;;
71984314432;;;;
88996674191;;;;
74988382316;;;;
84988800056;;;;
84994024170;;;;
81999310742;;;;
81988554728;;;;
79998127228;;;;
71999220020;;;;
71996107253;;;;
86995465202;;;;
71999427379;;;;
71999600000;;;;
83999647891;;;;
85988888888;;;;
71999626712;;;;
74999952018;;;;
89999851040;;;;
83998550509;;;;
81984224345;;;;
82987617008;;;;
71981298863;;;;
85987844218;;;;
79991562520;;;;
87991695555;;;;
84998450309;;;;
83987619712;;;;
73991540787;;;;
81999912401;;;;
83996675617;;;;
79999689000;;;;
81986239651;;;;
74999913405;;;;
75991512509;;;;
84999984849;;;;
71997020850;;;;
83981631013;;;;
81979005555;;;;
83988262681;;;;
71993332072;;;;
77998102500;;;;
83996611600;;;;
86995780808;;;;
77981282776;;;;
85997847161;;;;
77988664186;;;;
73998573731;;;;
82988193889;;;;
75983114912;;;;
74999366095;;;;
87999685920;;;;
83988030013;;;;
74991103860;;;;
83986133631;;;;
81979115035;;;;
84988034703;;;;
84988031389;;;;
74998178479;;;;
75998265969;;;;
71999741401;;;;
74999755888;;;;
81988345049;;;;
77991116624;;;;
85998654456;;;;
82999352852;;;;
85998710145;;;;
84998083074;;;;
81997215929;;;;
82988579144;;;;
82999023107;;;;
71996768558;;;;
79999727722;;;;
71997100710;;;;
85991580611;;;;
86998593370;;;;
82996093300;;;;
81985297274;;;;
85999875356;;;;
81999737687;;;;
85998245478;;;;
81988890858;;;;
81986527727;;;;
86981235959;;;;
81991943689;;;;
89994256035;;;;
77998271846;;;;
81998123134;;;;
41996869828;;;;
84999342717;;;;
81999644233;;;;
74991927777;;;;
85994443273;;;;
79996731558;;;;
88992441452;;;;
84987783413;;;;
75992782852;;;;
85999655618;;;;
81999814759;;;;
82993722651;;;;
85989005798;;;;
85999760109;;;;
84999902503;;;;
82999528883;;;;
71988610446;;;;
89981384821;;;;
75991508235;;;;
82999786796;;;;
88992004118;;;;
83999992184;;;;
75999206811;;;;
85991444042;;;;
71991162915;;;;
82999352852;;;;
71987297853;;;;
84999370330;;;;
85988840711;;;;
87999763474;;;;
74981265903;;;;
71999514746;;;;
74991600184;;;;
82981136002;;;;
71986301755;;;;
71987864407;;;;
81987013144;;;;
83998574873;;;;
71988034533;;;;
75991218800;;;;
81998133435;;;;
88996449393;;;;
71999957299;;;;
84996737696;;;;
86981282972;;;;
74991004550;;;;
81985089046;;;;
81991353093;;;;
71991090344;;;;
84987226777;;;;
88999290388;;;;
71983651979;;;;
85988859333;;;;
77999116639;;;;
85985191257;;;;
88999572275;;;;
41999724595;;;;
71988173415;;;;
81982137634;;;;
83988515912;;;;
84994440563;;;;
75999093356;;;;
87999992625;;;;
84994592422;;;;
75999233780;;;;
75991827222;;;;
84999675361;;;;
71991696216;;;;
87991597336;;;;
81992951089;;;;
79999440055;;;;
83999329401;;;;
88998697423;;;;
81991478888;;;;
79999190540;;;;
83991560125;;;;
77981070542;;;;
85988691260;;;;
83986804129;;;;
79998282475;;;;
85996149017;;;;
81991337575;;;;
83999985488;;;;
71988452395;;;;
81998868440;;;;
83993143424;;;;
83996606400;;;;
71988200885;;;;
79999888488;;;;
85996764929;;;;
86995496131;;;;
77999814990;;;;
79999116619;;;;
87998098451;;;;
81987099691;;;;
84987946083;;;;
82988620462;;;;
79999775179;;;;
75982180249;;;;
79999865935;;;;
81998930060;;;;
81986582148;;;;
71996457966;;;;
85997563611;;;;
73998371236;;;;
71992591900;;;;
62991349534;;;;
85988992425;;;;
84987782464;;;;
81999822668;;;;
71991613325;;;;
71996266787;;;;
85999848650;;;;
83996048595;;;;
71992074003;;;;
75992295224;;;;
86999260552;;;;
88988339236;;;;
82993548491;;;;
81995959021;;;;
73998182848;;;;
82987311090;;;;
83988680044;;;;
85985356250;;;;
86998068119;;;;
85989620577;;;;
73981552705;;;;
71996013121;;;;
86999419368;;;;
82999314080;;;;
81998463054;;;;
88992229396;;;;
87988091452;;;;
77999581818;;;;
79991926766;;;;
85997826293;;;;
85981642769;;;;
84999138244;;;;
81983030040;;;;
71996162677;;;;
71993879665;;;;
85981014696;;;;
11987715011;;;;
74999997022;;;;
71992563116;;;;
81984458556;;;;
81993496550;;;;
79998130922;;;;
83981690313;;;;
77999324951;;;;
85981580404;;;;
75999976006;;;;
85997382730;;;;
81988936253;;;;
82996134188;;;;
84994512019;;;;
85997962811;;;;
85999814455;;;;
75991765703;;;;
73988246386;;;;
88999657262;;;;
71981340000;;;;
21977505482;;;;
81989997086;;;;
75999316029;;;;
84994166263;;;;
82993295103;;;;
77999472878;;;;
22999251792;;;;
22999251792;;;;
77981091530;;;;
77981091530;;;;
83998507921;;;;
81985783001;;;;
81987490499;;;;
81987490499;;;;
81987490499;;;;
81987490499;;;;
89999830745;;;;
75999620644;;;;
